client_id,client_type,first_name,last_name,date_of_birth,gender,country,region,acquisition_purpose,satisfaction_score,loan_applied,referral_channel,age,is_international,units_purchased,total_investment,avg_unit_price,avg_floor_area_sqft,office_share,is_company,is_investment,is_loan,log_total_investment,log_avg_unit_price,kmeans_cluster,hierarchical_cluster,segment_code,buyer_type,segment_label
C0001,Individual,Kareem,Liu,1968-05-11,F,USA,California,Home,4,Yes,Website,55.6,0,4,1246764.72,311691.18,983.885,0.0,0,0,1,14.036063332111715,12.649771377214856,0,0,C2,First-Time Buyers,C2 · First-Time Buyers
C0002,Individual,Trystan,Oconnor,1962-11-26,M,USA,California,Home,1,No,Website,61.1,0,5,1841095.9300000002,368219.18600000005,1187.942,0.0,0,0,0,14.42587210956251,12.81643636974387,0,0,C2,First-Time Buyers,C2 · First-Time Buyers
C0003,Individual,Kale,Gay,1959-04-07,M,USA,California,Home,4,Yes,Agency,64.7,0,5,1661457.5899999999,332291.518,1058.1100000000001,0.0,0,0,1,14.323206443204084,12.713770938290224,0,0,C2,First-Time Buyers,C2 · First-Time Buyers
C0004,Individual,Russell,Gross,1959-11-25,M,USA,California,Home,5,No,Website,64.1,0,6,1608263.51,268043.91833333333,937.1033333333334,0.0,0,0,0,14.290666211461678,12.498909851170117,2,0,C4,Luxury Investors,C4 · Luxury Investors
C0005,Company,Marleez,Co,1976-02-28,M,USA,California,Investment,5,No,Website,47.8,0,13,3653385.38,281029.64461538463,927.2961538461539,0.0,1,1,0,15.111165070783612,12.546218997940521,3,3,C3,Corporate Buyers,C3 · Corporate Buyers
C0006,Individual,Yurem,Wright,1957-03-06,M,USA,California,Home,3,Yes,Website,66.8,0,5,1514131.06,302826.212,989.5899999999999,0.0,0,0,1,14.230352935067252,12.620917664407157,0,0,C2,First-Time Buyers,C2 · First-Time Buyers
C0007,Individual,Xavier,Faulkner,1947-05-24,M,Canada,Quebec,Investment,5,No,Website,76.6,1,11,3251147.83,295558.8936363636,995.6936363636363,0.0,0,1,0,14.994518977998254,12.596626781030965,2,0,C4,Luxury Investors,C4 · Luxury Investors
C0008,Individual,Kayden,Olsen,1969-10-17,F,USA,California,Home,5,No,Website,54.2,0,5,1476730.4100000001,295346.08200000005,1031.106,0.2,0,0,0,14.20534169663587,12.595906492882953,0,0,C2,First-Time Buyers,C2 · First-Time Buyers
C0009,Individual,Joaquin,Mullins,1975-10-05,M,USA,California,Investment,5,No,Agency,48.2,0,5,1820832.35,364166.47000000003,1305.644,0.2,0,1,0,14.414804838871191,12.805369123230996,0,0,C2,First-Time Buyers,C2 · First-Time Buyers
C0010,Individual,Nicolas,Navarro,1966-06-17,M,USA,Oregon,Investment,3,No,Agency,57.5,0,5,1732434.0,346486.8,1140.206,0.2,0,1,0,14.365038491304858,12.755602887757027,0,0,C2,First-Time Buyers,C2 · First-Time Buyers
C0011,Individual,Laci,Guerra,1956-06-17,F,USA,California,Home,2,Yes,Website,67.5,0,5,1325211.52,265042.304,935.914,0.2,0,0,1,14.097083396993796,12.487648502938939,0,0,C2,First-Time Buyers,C2 · First-Time Buyers
C0012,Company,Kylax,Co,1975-04-25,M,USA,California,Investment,5,No,Website,48.7,0,4,1599526.4,399881.6,1317.445,0.0,1,1,0,14.285218768578222,12.898926283010564,3,3,C3,Corporate Buyers,C3 · Corporate Buyers
C0013,Individual,Harley,Lucero,1962-08-10,M,USA,California,Home,1,Yes,Website,61.4,0,5,2142750.89,428550.178,1407.376,0.0,0,0,1,14.577601490804842,12.968165445127358,0,0,C2,First-Time Buyers,C2 · First-Time Buyers
C0014,Company,Esther,Co,1980-07-10,M,USA,California,Home,3,Yes,Website,43.5,0,4,1548140.0699999998,387035.01749999996,1280.5425,0.0,1,0,1,14.252565459470635,12.86627303615677,3,3,C3,Corporate Buyers,C3 · Corporate Buyers
C0015,Individual,Jaylynn,Hickman,1941-08-19,F,USA,California,Home,5,No,Client,82.4,0,5,1585907.37,317181.47400000005,1030.764,0.0,0,0,0,14.276667905233028,12.66723251500956,0,0,C2,First-Time Buyers,C2 · First-Time Buyers
C0016,Individual,Olivia,Oconnell,1939-09-03,F,USA,California,Investment,5,No,Website,84.3,0,4,1010217.73,252554.4325,842.145,0.0,0,1,0,13.825677429727202,12.439386038256812,1,2,C1,Global Investors,C1 · Global Investors
C0017,Individual,Antonio,Porter,1977-01-08,M,USA,Arizona,Home,3,No,Client,47.0,0,5,1778693.75,355738.75,1195.8139999999999,0.2,0,0,0,14.391390366765352,12.781954703168779,0,0,C2,First-Time Buyers,C2 · First-Time Buyers
C0018,Individual,Luke,Lynn,1967-02-07,M,USA,California,Home,2,Yes,Agency,56.9,0,4,1061478.67,265369.6675,913.8325,0.0,0,0,1,13.87517440779885,12.488882872918449,1,2,C1,Global Investors,C1 · Global Investors
C0019,Individual,Anahi,Curry,1957-09-09,M,USA,California,Home,5,Yes,Client,66.3,0,4,1773474.26,443368.565,1402.0425,0.5,0,0,1,14.388451603281768,13.002158933754385,0,1,C2,First-Time Buyers,C2 · First-Time Buyers
C0020,Individual,Camille,Sharp,1967-10-17,F,USA,California,Home,5,No,Website,56.2,0,4,1508032.25,377008.0625,1307.08,0.0,0,0,0,14.22631687637858,12.840024504602766,0,0,C2,First-Time Buyers,C2 · First-Time Buyers
C0021,Individual,Jesus,Obrien,1938-06-09,M,USA,Oregon,Investment,3,No,Website,85.6,0,6,1928172.72,321362.12,1028.86,0.0,0,1,0,14.47208385382797,12.6803269777239,2,0,C4,Luxury Investors,C4 · Luxury Investors
C0022,Individual,Araceli,Nelson,1966-09-14,M,Germany,Berlin,Investment,5,No,Agency,57.3,1,4,1372403.2,343100.8,1247.4850000000001,0.0,0,1,0,14.132074650294014,12.74578247511666,0,0,C2,First-Time Buyers,C2 · First-Time Buyers
C0023,Individual,Cole,Taylor,1958-12-06,M,USA,California,Home,3,Yes,Website,65.1,0,5,1457871.69,291574.338,948.3880000000001,0.0,0,0,1,14.192488869494111,12.583053700780049,0,0,C2,First-Time Buyers,C2 · First-Time Buyers
C0024,Individual,Alonso,Terrell,1963-11-05,M,USA,California,Investment,4,No,Website,60.2,0,6,1884156.9000000001,314026.15,1053.735,0.0,0,1,0,14.448991541646835,12.657234726120663,2,0,C4,Luxury Investors,C4 · Luxury Investors
C0025,Individual,Rodolfo,Gibson,1937-01-20,M,USA,Nevada,Home,2,Yes,Website,86.9,0,5,1694448.83,338889.766,1120.576,0.0,0,0,1,14.34286866203708,12.733433110248429,0,0,C2,First-Time Buyers,C2 · First-Time Buyers
C0026,Individual,Joseph,Reeves,1962-09-23,M,USA,California,Investment,5,No,Website,61.3,0,10,2932241.75,293224.175,1002.383,0.1,0,1,0,14.891278131876645,12.58869610820085,2,0,C4,Luxury Investors,C4 · Luxury Investors
C0027,Individual,Grant,Weber,1968-09-08,M,USA,California,Home,5,Yes,Website,55.3,0,5,1517969.44,303593.888,1070.234,0.4,0,0,1,14.232884763757333,12.623449486417188,0,0,C2,First-Time Buyers,C2 · First-Time Buyers
C0028,Individual,Ava,Phelps,1958-04-15,F,USA,California,Home,3,No,Client,65.7,0,5,1791082.79,358216.558,1266.366,0.2,0,0,0,14.398331463868113,12.788895784716205,0,0,C2,First-Time Buyers,C2 · First-Time Buyers
C0029,Individual,Kyla,Walker,1976-02-26,F,USA,Colorado,Home,4,Yes,Agency,47.8,0,4,1247795.31,311948.8275,993.05,0.25,0,0,1,14.03688960144977,12.650597644565547,0,0,C2,First-Time Buyers,C2 · First-Time Buyers
C0030,Individual,Alanna,Hess,1952-06-19,F,USA,Nevada,Home,3,No,Website,71.5,0,4,1547311.29,386827.8225,1279.3725,0.0,0,0,0,14.252029977314441,12.865737555038514,0,0,C2,First-Time Buyers,C2 · First-Time Buyers
C0031,Individual,Skylar,Buchanan,1977-12-25,M,USA,Nevada,Home,4,Yes,Website,46.0,0,5,1077148.21,215429.642,677.3399999999999,0.2,0,0,1,13.889828488789417,12.280394289854371,1,2,C1,Global Investors,C1 · Global Investors
C0032,Individual,Rodrigo,Robinson,1966-08-11,M,USA,California,Home,4,No,Website,57.4,0,5,1888995.1600000001,377799.032,1282.528,0.2,0,0,0,14.451556113659981,12.842120318750442,0,0,C2,First-Time Buyers,C2 · First-Time Buyers
C0033,Individual,Lydia,Tate,1968-08-14,F,USA,California,Home,3,Yes,Website,55.4,0,4,1404998.67,351249.6675,1250.4325,0.25,0,0,1,14.15554762587451,12.769255399984159,0,1,C2,First-Time Buyers,C2 · First-Time Buyers
C0034,Individual,Lauryn,Patrick,1969-10-30,F,Belgium,Brussels,Home,2,No,Agency,54.2,1,5,1632608.66,326521.73199999996,1160.556,0.0,0,0,0,14.305690310924188,12.696254848552217,0,0,C2,First-Time Buyers,C2 · First-Time Buyers
C0035,Individual,Diego,Mendez,1965-05-12,M,Mexico,Mexico City,Home,3,No,Agency,58.6,1,5,1987876.4,397575.27999999997,1445.752,0.0,0,0,0,14.502577994276862,12.893142094037264,0,0,C2,First-Time Buyers,C2 · First-Time Buyers
C0036,Individual,Victor,Jensen,1973-09-01,M,USA,California,Home,4,No,Website,50.3,0,4,1173683.53,293420.8825,963.325,0.0,0,0,0,13.97565852946118,12.589366724391137,1,2,C1,Global Investors,C1 · Global Investors
C0037,Individual,Scarlet,Hendricks,1962-01-20,F,USA,California,Home,5,Yes,Website,61.9,0,5,1607228.75,321445.75,1018.368,0.0,0,0,1,14.290022602764507,12.68058717908164,0,0,C2,First-Time Buyers,C2 · First-Time Buyers
C0038,Individual,Janelle,Espinoza,1974-12-25,F,USA,California,Investment,4,No,Client,49.0,0,4,1175129.27,293782.3175,1105.1225,0.25,0,1,0,13.976889567500091,12.590597759285394,1,0,C1,Global Investors,C1 · Global Investors
C0039,Individual,Aleksandra,Karenina,1967-06-13,F,Russia,Krasnodar Krai,Home,1,No,Agency,56.6,1,4,1858527.54,464631.885,1365.68,0.25,0,0,0,14.435295625071806,13.049002878130828,0,0,C2,First-Time Buyers,C2 · First-Time Buyers
C0040,Individual,Conner,Huff,1975-03-22,M,USA,Nevada,Home,5,No,Website,48.8,0,6,1854608.29,309101.38166666665,1047.8,0.0,0,0,0,14.433184606502113,12.641427833256058,2,0,C4,Luxury Investors,C4 · Luxury Investors
C0041,Individual,Zain,Horne,1967-04-13,M,USA,Arizona,Home,1,Yes,Website,56.7,0,5,1374460.79,274892.158,872.838,0.4,0,0,1,14.133572787001324,12.524137784793036,0,0,C2,First-Time Buyers,C2 · First-Time Buyers
C0042,Individual,Maia,Chandler,1975-08-12,F,USA,Utah,Home,1,Yes,Website,48.4,0,4,1101390.25,275347.5625,913.8425,0.25,0,0,1,13.912084711344605,12.525793074048709,1,2,C1,Global Investors,C1 · Global Investors
C0043,Individual,Jordyn,Park,1965-04-04,M,USA,Nevada,Investment,3,Yes,Website,58.7,0,4,1126492.46,281623.115,983.505,0.0,0,1,1,13.93462023324504,12.54832853525291,1,2,C1,Global Investors,C1 · Global Investors
C0044,Individual,Diana,Hunt,1931-02-13,F,USA,Arizona,Home,3,No,Website,92.9,0,4,1330493.26,332623.315,1106.8675,0.0,0,0,0,14.101061055222969,12.714768948901696,0,0,C2,First-Time Buyers,C2 · First-Time Buyers
C0045,Individual,Kevin,Mata,1968-10-12,M,USA,Colorado,Investment,2,No,Agency,55.2,0,5,1463432.3599999999,292686.47199999995,913.774,0.0,0,1,0,14.1962958494002,12.586860670260721,0,0,C2,First-Time Buyers,C2 · First-Time Buyers
C0046,Individual,Brisa,Mckee,1964-09-24,F,USA,California,Home,5,No,Client,59.3,0,8,2026517.4,253314.675,857.8050000000001,0.0,0,0,0,14.521829804703334,12.442391717217603,2,0,C4,Luxury Investors,C4 · Luxury Investors
C0047,Individual,Mason,Gilbert,1970-07-31,M,USA,Colorado,Home,2,No,Agency,53.4,0,5,1438239.28,287647.856,953.568,0.0,0,0,0,14.178930896489597,12.569495765228082,0,0,C2,First-Time Buyers,C2 · First-Time Buyers
C0048,Individual,Derick,Li,1957-03-20,M,USA,California,Home,3,Yes,Agency,66.8,0,4,1338718.0,334679.5,1026.3200000000002,0.0,0,0,1,14.107223744546955,12.720931624372803,0,2,C2,First-Time Buyers,C2 · First-Time Buyers
C0049,Individual,Jace,Riggs,1971-08-20,F,USA,California,Home,1,No,Website,52.4,0,4,1390091.2,347522.8,1204.3675,0.0,0,0,0,14.144880633842327,12.758588430850338,0,0,C2,First-Time Buyers,C2 · First-Time Buyers
C0050,Individual,Jair,Johns,1940-03-05,M,USA,California,Home,5,No,Website,83.8,0,9,2744452.35,304939.15,993.5088888888889,0.1111111111111111,0,0,0,14.825092469195992,12.627870806825824,2,0,C4,Luxury Investors,C4 · Luxury Investors
C0051,Individual,Matilda,Madden,1941-03-03,F,USA,Colorado,Home,3,No,Agency,82.8,0,4,1270440.42,317610.105,1039.56,0.0,0,0,0,14.054874972847795,12.668582973109082,0,0,C2,First-Time Buyers,C2 · First-Time Buyers
C0052,Individual,Myla,Ewing,1967-02-03,F,USA,Oregon,Investment,2,No,Client,56.9,0,4,1474211.53,368552.8825,1187.925,0.0,0,1,0,14.20363452722637,12.817342201089149,0,0,C2,First-Time Buyers,C2 · First-Time Buyers
C0053,Individual,Miguel,Walter,1954-01-07,M,USA,Arizona,Home,4,No,Agency,70.0,0,4,1120539.44,280134.86,929.245,0.0,0,0,0,13.929321662602643,12.543029978758714,1,2,C1,Global Investors,C1 · Global Investors
C0054,Company,Bridger CAL,Co,1967-02-15,M,USA,Nevada,Investment,5,No,Website,56.9,0,6,2109277.6,351546.26666666666,1115.6333333333334,0.6666666666666666,1,1,0,14.56185655125798,12.77009945250582,3,3,C3,Corporate Buyers,C3 · Corporate Buyers
C0055,Individual,Mara,Franco,1973-06-07,F,USA,California,Home,5,Yes,Agency,50.6,0,4,1178979.21,294744.8025,989.8299999999999,0.0,0,0,1,13.980160393967266,12.593868577416112,1,0,C1,Global Investors,C1 · Global Investors
C0056,Individual,Erik,Mora,1964-12-07,M,USA,Oregon,Investment,5,No,Agency,59.1,0,4,1579301.3599999999,394825.33999999997,1355.5975,0.25,0,1,0,14.272493763189962,12.88620130164119,0,0,C2,First-Time Buyers,C2 · First-Time Buyers
C0057,Individual,Henry,Kennedy,1933-06-08,M,USA,California,Home,4,Yes,Agency,90.6,0,5,2020519.52,404103.904,1344.1439999999998,0.2,0,0,1,14.5188657193511,12.909429786602926,0,0,C2,First-Time Buyers,C2 · First-Time Buyers
C0058,Company,Kenyon,Co,1969-05-03,F,USA,California,Investment,1,Yes,Website,54.7,0,5,1441406.17,288281.234,919.8399999999999,0.4,1,1,1,14.181130395790618,12.571695258418647,3,3,C3,Corporate Buyers,C3 · Corporate Buyers
C0059,Individual,Oswaldo,Palmer,1960-06-16,M,USA,California,Home,2,No,Website,63.5,0,4,1278854.25,319713.5625,1102.44,0.25,0,0,0,14.061475899801314,12.675183884526648,0,1,C2,First-Time Buyers,C2 · First-Time Buyers
C0060,Individual,Kassidy,Vega,1972-05-07,F,USA,California,Home,5,No,Website,51.7,0,4,1355662.25,338915.5625,1119.4675,0.0,0,0,0,14.119801375932854,12.733509227749458,0,0,C2,First-Time Buyers,C2 · First-Time Buyers
C0061,Individual,Morgan,Glass,1967-05-12,M,USA,Utah,Home,5,No,Agency,56.6,0,4,1306907.58,326726.895,1101.62,0.0,0,0,0,14.083175043717759,12.696882978088619,0,0,C2,First-Time Buyers,C2 · First-Time Buyers
C0062,Individual,Tyler,Carr,1974-03-27,M,USA,California,Home,5,Yes,Client,49.8,0,5,1489333.49,297866.698,1059.8319999999999,0.0,0,0,1,14.213839927136657,12.604404700462307,0,2,C2,First-Time Buyers,C2 · First-Time Buyers
C0063,Individual,Yesenia,Marquez,1942-07-23,F,USA,Arizona,Home,4,No,Website,81.4,0,5,1625480.88,325096.176,1112.538,0.0,0,0,0,14.301314871324685,12.691879419696287,0,0,C2,First-Time Buyers,C2 · First-Time Buyers
C0064,Individual,Gordon,Brown,1974-02-10,M,UK,Northern Ireland,Investment,4,No,Agency,49.9,1,4,1448881.28,362220.32,1095.85,0.0,0,1,0,14.186302975766466,12.800010685206024,0,0,C2,First-Time Buyers,C2 · First-Time Buyers
C0065,Individual,Rodrigo,Ramirez,1972-03-26,M,USA,California,Home,1,No,Agency,51.8,0,4,1557125.73,389281.4325,1261.5275,0.25,0,0,0,14.258352841209692,12.872060406713404,0,0,C2,First-Time Buyers,C2 · First-Time Buyers
C0066,Individual,Melanie,Holland,1974-12-25,F,USA,California,Investment,3,No,Client,49.0,0,4,1107164.17,276791.0425,932.7550000000001,0.25,0,1,0,13.917313405619524,12.531021754118772,1,0,C1,Global Investors,C1 · Global Investors
C0067,Individual,Enrique,Cardenas,1977-06-10,M,USA,California,Home,2,No,Website,46.6,0,5,1431941.84,286388.368,851.818,0.2,0,0,0,14.174542709504937,12.565107590474527,0,0,C2,First-Time Buyers,C2 · First-Time Buyers
C0068,Individual,Helen,Williamson,1966-02-26,F,USA,Colorado,Home,5,Yes,Agency,57.8,0,4,1572779.33,393194.8325,1450.2925,0.25,0,0,1,14.268355521938746,12.882063068267138,0,0,C2,First-Time Buyers,C2 · First-Time Buyers
C0069,Individual,Isis,Rios,1970-04-01,M,USA,California,Investment,4,No,Website,53.8,0,5,1439142.47,287828.494,957.588,0.0,0,1,0,14.179558682081048,12.570123549074104,0,0,C2,First-Time Buyers,C2 · First-Time Buyers
C0070,Individual,Kayley,Nielsen,1947-04-27,F,USA,Arizona,Home,4,Yes,Website,76.7,0,5,1521570.62,304314.124,1039.274,0.2,0,0,1,14.235254319179765,12.625819035603017,0,0,C2,First-Time Buyers,C2 · First-Time Buyers
C0071,Individual,Donavan,Flowers,1985-12-27,M,USA,California,Home,1,Yes,Client,38.0,0,5,1150384.09,230076.81800000003,833.3799999999999,0.0,0,0,1,13.95560730515561,12.34617286981199,1,2,C1,Global Investors,C1 · Global Investors
C0072,Individual,Augustus,Hinton,1953-02-03,M,USA,Nevada,Investment,2,No,Website,70.9,0,6,2246488.58,374414.76333333337,1129.4916666666666,0.16666666666666666,0,1,0,14.624879369155309,12.833122125619498,2,0,C4,Luxury Investors,C4 · Luxury Investors
C0073,Individual,Alejandra,Greer,1965-01-11,F,Denmark,Capital Region,Investment,1,No,Agency,59.0,1,4,1413902.33,353475.5825,1194.0325,0.0,0,1,0,14.161864756764937,12.77557251742859,0,0,C2,First-Time Buyers,C2 · First-Time Buyers
C0074,Individual,Violet,Nixon,1959-01-01,F,USA,Oregon,Investment,5,No,Client,65.0,0,5,1709458.65,341891.73,1138.044,0.4,0,1,0,14.351687884390124,12.742252311873973,0,0,C2,First-Time Buyers,C2 · First-Time Buyers
C0075,Individual,Jaelyn,Berger,1970-05-05,F,USA,California,Home,3,No,Website,53.7,0,4,1269395.74,317348.935,1048.3425,0.25,0,0,0,14.05405233770878,12.66776033991342,0,1,C2,First-Time Buyers,C2 · First-Time Buyers
C0076,Individual,Tristian,Fuller,1956-03-13,M,USA,California,Home,5,No,Agency,67.8,0,6,1905852.0899999999,317642.01499999996,1067.28,0.0,0,0,0,14.460440282576123,12.668683436841697,2,0,C4,Luxury Investors,C4 · Luxury Investors
C0077,Individual,Christian,Costa,1980-09-14,M,USA,California,Home,5,No,Website,43.3,0,5,1880012.18,376002.436,1191.826,0.4,0,0,0,14.446789345419855,12.83735356062815,0,0,C2,First-Time Buyers,C2 · First-Time Buyers
C0078,Individual,Nora,Lynch,1948-04-23,F,USA,California,Home,5,No,Website,75.7,0,4,1685882.3900000001,421470.59750000003,1415.63,0.0,0,0,0,14.33780025145095,12.951507669811983,0,0,C2,First-Time Buyers,C2 · First-Time Buyers
C0079,Individual,Dangelo,Shea,1954-02-27,M,Belgium,Brussels,Investment,4,No,Website,69.8,1,4,1456436.3,364109.075,1219.0675,0.5,0,1,0,14.19150380605131,12.805211504750204,0,1,C2,First-Time Buyers,C2 · First-Time Buyers
C0080,Individual,Aiyana,Christensen,1949-01-16,F,USA,California,Investment,3,No,Website,75.0,0,5,1427531.56,285506.31200000003,965.024,0.0,0,1,0,14.171458029359009,12.562022918958647,0,0,C2,First-Time Buyers,C2 · First-Time Buyers
C0081,Individual,Sidney,Cline,1943-07-24,F,USA,California,Home,4,Yes,Website,80.4,0,4,1522144.26,380536.065,1252.745,0.25,0,0,1,14.235631253059891,12.849338862840625,0,1,C2,First-Time Buyers,C2 · First-Time Buyers
C0082,Individual,Kaitlin,Owen,1981-12-26,F,USA,Virginia,Investment,5,No,Client,42.0,0,5,1282267.95,256453.59,884.2239999999999,0.0,0,1,0,14.064141683851611,12.454706890883019,0,2,C2,First-Time Buyers,C2 · First-Time Buyers
C0083,Individual,Issac,Edwards,1938-10-29,M,USA,California,Home,5,No,Website,85.2,0,6,1513641.46,252273.57666666666,851.395,0.0,0,0,0,14.230029529211873,12.438273363268362,2,0,C4,Luxury Investors,C4 · Luxury Investors
C0084,Individual,Zaiden,Merritt,1948-02-23,M,USA,Wyoming,Home,3,No,Agency,75.9,0,5,1762231.92,352446.38399999996,1083.6119999999999,0.4,0,0,0,14.382092267434237,12.772656624845068,0,0,C2,First-Time Buyers,C2 · First-Time Buyers
C0085,Individual,Iris,Larsen,1966-09-14,M,USA,California,Home,4,Yes,Agency,57.3,0,4,1185505.46,296376.365,986.395,0.0,0,0,1,13.985680633650313,12.599388803091246,1,0,C1,Global Investors,C1 · Global Investors
C0086,Individual,Grace,Stein,1968-12-20,F,USA,California,Home,3,Yes,Website,55.0,0,5,1928188.6099999999,385637.72199999995,1354.634,0.0,0,0,1,14.472092094752718,12.862656256801246,0,0,C2,First-Time Buyers,C2 · First-Time Buyers
C0087,Individual,Alessandra,Perry,1979-05-15,F,USA,California,Home,4,No,Agency,44.6,0,4,1681153.28,420288.32,1287.6625,0.25,0,0,0,14.334991186882498,12.948698610249231,0,0,C2,First-Time Buyers,C2 · First-Time Buyers
C0088,Individual,Jamal,Mueller,1936-08-13,M,USA,Oregon,Investment,2,No,Website,87.4,0,6,1450519.57,241753.2616666667,786.9733333333334,0.16666666666666666,0,1,0,14.18743306375983,12.395677041564161,2,0,C4,Luxury Investors,C4 · Luxury Investors
C0089,Individual,Irvin,Ellis,1949-11-14,M,USA,California,Home,3,No,Agency,74.1,0,4,1041853.81,260463.4525,854.79,0.0,0,0,0,13.856513153775134,12.470221672131013,1,2,C1,Global Investors,C1 · Global Investors
C0090,Individual,Terry,Forbes,1982-05-27,M,USA,California,Home,5,No,Client,41.6,0,5,980850.4199999999,196170.08399999997,703.798,0.0,0,0,0,13.796176269380396,12.186742435027606,1,2,C1,Global Investors,C1 · Global Investors
C0091,Individual,Jacqueline,Grant,1959-11-13,F,USA,California,Home,4,No,Website,64.1,0,4,1356644.74,339161.185,1161.6775,0.0,0,0,0,14.120525843570276,12.734233693784262,0,0,C2,First-Time Buyers,C2 · First-Time Buyers
C0092,Individual,Brock,Fischer,1971-05-29,M,USA,Kansas,Home,3,No,Website,52.6,0,8,2817926.96,352240.87,1218.0425,0.125,0,0,0,14.851512406884043,12.772073349295852,2,0,C4,Luxury Investors,C4 · Luxury Investors
C0093,Individual,Curtis,Howard,1962-09-11,M,USA,California,Home,2,No,Agency,61.3,0,5,1732558.38,346511.676,1196.466,0.0,0,0,0,14.365110283629123,12.755674679915538,0,0,C2,First-Time Buyers,C2 · First-Time Buyers
C0094,Individual,Avah,Huang,1948-04-23,F,USA,California,Home,5,No,Website,75.7,0,5,1062675.82,212535.16400000002,692.664,0.2,0,0,0,13.876301584758162,12.266867436396446,1,2,C1,Global Investors,C1 · Global Investors
C0095,Individual,Frank,Meyer,1964-03-16,M,USA,California,Home,3,Yes,Agency,59.8,0,6,1668973.02,278162.17,923.105,0.3333333333333333,0,0,1,14.327719636315507,12.53596316293547,2,0,C4,Luxury Investors,C4 · Luxury Investors
C0096,Individual,Darien,Dorsey,1985-12-27,M,USA,California,Investment,3,Yes,Website,38.0,0,4,1363013.17,340753.2925,1113.615,0.0,0,1,1,14.125209106809516,12.738916946691466,0,0,C2,First-Time Buyers,C2 · First-Time Buyers
C0097,Individual,Franklin,Mack,1943-06-18,M,USA,Virginia,Home,5,Yes,Website,80.5,0,7,2189906.04,312843.72000000003,1061.722857142857,0.2857142857142857,0,0,1,14.59936965340318,12.65346224418644,2,0,C4,Luxury Investors,C4 · Luxury Investors
C0098,Individual,Elena,Petrova,1949-06-22,F,Russia,Saint Petersburg,Home,3,Yes,Agency,74.5,1,4,1131592.65,282898.1625,981.955,0.0,0,0,1,13.939137506870297,12.552845796875237,1,2,C1,Global Investors,C1 · Global Investors
C0099,Individual,Jack,Hanson,1941-12-01,M,USA,California,Investment,4,No,Website,82.1,0,6,2000308.58,333384.76333333337,1201.5883333333334,0.16666666666666666,0,1,0,14.508812516545483,12.717055546927389,2,0,C4,Luxury Investors,C4 · Luxury Investors
C0100,Individual,Emmett,Estes,1969-06-05,M,USA,California,Home,3,No,Website,54.6,0,4,1449544.65,362386.1625,1174.44,0.0,0,0,0,14.186760720466422,12.80046842895841,0,0,C2,First-Time Buyers,C2 · First-Time Buyers
C0101,Individual,Aniya,Miller,1951-03-02,F,USA,Nevada,Home,3,No,Website,72.8,0,4,1125013.8,281253.45,874.345,0.25,0,0,0,13.93330674908968,12.54701505459782,1,1,C1,Global Investors,C1 · Global Investors
C0102,Individual,Jack,Anderson,1947-02-13,M,USA,California,Investment,5,Yes,Website,76.9,0,9,3403263.85,378140.4277777778,1222.908888888889,0.1111111111111111,0,1,1,15.040245778841289,12.843023552186239,2,0,C4,Luxury Investors,C4 · Luxury Investors
C0103,Individual,Kael,Hurley,1973-12-15,M,USA,Colorado,Home,3,No,Website,50.0,0,5,1483838.77,296767.754,964.9799999999999,0.0,0,0,0,14.210143725181986,12.600708508453103,0,0,C2,First-Time Buyers,C2 · First-Time Buyers
C0104,Individual,Kamden,Stewart,1978-09-14,M,USA,California,Home,5,No,Website,45.3,0,5,1677155.01,335431.002,1090.3,0.2,0,0,0,14.33261006569724,12.72317453825011,0,0,C2,First-Time Buyers,C2 · First-Time Buyers
C0105,Individual,Aniyah,Ali,1959-11-03,F,USA,California,Investment,2,Yes,Website,64.2,0,5,1328084.36,265616.87200000003,850.948,0.4,0,1,1,14.099248884061264,12.489813983477228,0,0,C2,First-Time Buyers,C2 · First-Time Buyers
C0106,Individual,Simon,Bennett,1953-06-09,M,USA,Colorado,Home,4,No,Website,70.6,0,4,957679.27,239419.8175,820.9825000000001,0.0,0,0,0,13.772269253856546,12.385978025301243,1,2,C1,Global Investors,C1 · Global Investors
C0107,Individual,Laurel,Benitez,1959-08-06,M,USA,California,Home,4,Yes,Agency,64.4,0,5,1715058.23,343011.646,1102.66,0.2,0,0,1,14.354958174428956,12.745522594273105,0,0,C2,First-Time Buyers,C2 · First-Time Buyers
C0108,Individual,Trey,Strong,1958-12-20,M,USA,California,Home,4,No,Agency,65.0,0,6,1998798.72,333133.12,1104.1699999999998,0.16666666666666666,0,0,0,14.508057418368127,12.716300450638194,2,0,C4,Luxury Investors,C4 · Luxury Investors
C0109,Individual,Myah,Roman,1933-05-05,F,USA,California,Investment,5,Yes,Agency,90.7,0,5,1995551.0899999999,399110.218,1285.854,0.4,0,1,1,14.506431306863629,12.896995398885345,0,0,C2,First-Time Buyers,C2 · First-Time Buyers
C0110,Individual,Nyla,Blake,1959-06-05,F,USA,California,Investment,5,Yes,Agency,64.6,0,5,1205555.46,241111.092,811.4019999999999,0.0,0,1,1,14.002451810844656,12.393017216374913,1,2,C1,Global Investors,C1 · Global Investors
C0111,Individual,Kole,Shannon,1979-06-27,M,USA,Arizona,Home,2,Yes,Website,44.5,0,4,1198421.22,299605.305,896.7175,0.0,0,0,1,13.996516432961721,12.610224575130067,1,2,C1,Global Investors,C1 · Global Investors
C0112,Individual,Melany,Glover,1960-10-01,F,USA,California,Investment,1,Yes,Agency,63.2,0,5,1775142.2,355028.44,1115.986,0.0,0,1,1,14.389391653693853,12.77995599459655,0,0,C2,First-Time Buyers,C2 · First-Time Buyers
C0113,Individual,Arthur,Bray,1949-07-14,M,USA,Utah,Investment,4,No,Agency,74.5,0,4,1414433.46,353608.365,1186.715,0.0,0,1,0,14.16224033425651,12.775948094123418,0,0,C2,First-Time Buyers,C2 · First-Time Buyers
C0114,Individual,Kamila,Collier,1962-01-21,F,USA,California,Home,1,Yes,Website,61.9,0,4,1124004.05,281001.0125,932.9449999999999,0.0,0,0,1,13.932408802308244,12.546117110211945,1,0,C1,Global Investors,C1 · Global Investors
C0115,Individual,Amanda,Simon,1978-12-03,F,USA,California,Home,5,No,Agency,45.1,0,5,1757354.59,351470.918,1143.692,0.4,0,0,0,14.379320731438932,12.769885095149437,0,0,C2,First-Time Buyers,C2 · First-Time Buyers
C0116,Individual,Erika,Steward,1955-08-07,F,USA,California,Investment,4,No,Website,68.4,0,8,2484590.08,310573.76,1039.8925,0.125,0,1,0,14.72561864864016,12.646179924321377,2,0,C4,Luxury Investors,C4 · Luxury Investors
C0117,Individual,Jakobe,Bailey,1964-10-06,M,UK,Scotland,Investment,4,No,Agency,59.2,1,8,2884556.25,360569.53125,1135.78625,0.375,0,1,0,14.874881979942687,12.795442864975481,2,0,C4,Luxury Investors,C4 · Luxury Investors
C0118,Individual,Sonia,Choi,1948-11-09,F,USA,Oregon,Investment,5,No,Agency,75.1,0,4,1218377.19,304594.2975,1009.1225,0.25,0,1,0,14.013031179877594,12.626739281044316,0,0,C2,First-Time Buyers,C2 · First-Time Buyers
C0119,Individual,Erika,Gallagher,1942-07-19,F,USA,California,Home,1,Yes,Website,81.5,0,4,1603043.92,400760.98,1399.315,0.0,0,0,1,14.28741545365696,12.90112296397383,0,0,C2,First-Time Buyers,C2 · First-Time Buyers
C0120,Individual,Madeline,Michael,1953-07-30,F,USA,California,Home,4,Yes,Website,70.4,0,5,1753587.39,350717.478,1243.96,0.0,0,0,1,14.377174755047859,12.767739123648155,0,0,C2,First-Time Buyers,C2 · First-Time Buyers
C0121,Individual,Bennett,Chen,1950-07-18,M,USA,Nevada,Home,2,No,Website,73.5,0,5,1169150.31,233830.062,806.688,0.0,0,0,0,13.97178866749305,12.362354176338235,1,0,C1,Global Investors,C1 · Global Investors
C0122,Individual,Belinda,Hogan,1973-08-18,F,USA,California,Home,1,Yes,Agency,50.4,0,4,1412560.68,353140.17,1085.975,0.0,0,0,1,14.160915408305984,12.774623170984903,0,2,C2,First-Time Buyers,C2 · First-Time Buyers
C0123,Individual,Johanna,Fisher,1962-08-25,F,USA,California,Home,4,Yes,Website,61.4,0,5,1821348.69,364269.738,1230.6599999999999,0.0,0,0,1,14.415088372124622,12.805652655861651,0,0,C2,First-Time Buyers,C2 · First-Time Buyers
C0124,Individual,Jaylen,Turner,1963-07-15,F,USA,California,Home,4,No,Agency,60.5,0,5,1613985.08,322797.016,1184.6299999999999,0.2,0,0,0,14.294217503239524,12.684782069138473,0,0,C2,First-Time Buyers,C2 · First-Time Buyers
C0125,Individual,Michael,Juarez,1976-12-25,M,USA,Colorado,Home,4,Yes,Agency,47.0,0,4,1341108.25,335277.0625,1148.5475,0.25,0,0,1,14.109007627998338,12.722715503830168,0,0,C2,First-Time Buyers,C2 · First-Time Buyers
C0126,Individual,Adriana,Shaffer,1972-07-11,F,USA,California,Investment,2,No,Agency,51.5,0,5,1319929.46,263985.892,850.052,0.2,0,1,0,14.093089611356636,12.483654729380625,0,0,C2,First-Time Buyers,C2 · First-Time Buyers
C0127,Individual,Julio,Leonard,1974-07-18,M,USA,Nevada,Home,2,Yes,Website,49.5,0,4,967474.23,241868.5575,765.085,0.0,0,0,1,13.782445101491152,12.396153841221036,1,2,C1,Global Investors,C1 · Global Investors
C0128,Company,Abdiel,Co,1963-05-22,M,USA,Nevada,Investment,5,Yes,Website,60.6,0,5,1639392.9500000002,327878.59,1054.034,0.2,1,1,1,14.309837188819731,12.7004017163087,3,3,C3,Corporate Buyers,C3 · Corporate Buyers
C0129,Individual,Warren,Pugh,1973-07-17,M,USA,Arizona,Investment,5,No,Website,50.5,0,4,1748372.75,437093.1875,1296.9850000000001,0.25,0,1,0,14.374196628131754,12.987903982890648,0,0,C2,First-Time Buyers,C2 · First-Time Buyers
C0130,Individual,Luis,Crane,1959-04-20,M,USA,Nevada,Home,3,Yes,Website,64.7,0,4,1488042.88,372010.72,1215.035,0.0,0,0,1,14.212972983187687,12.826680638135343,0,0,C2,First-Time Buyers,C2 · First-Time Buyers
C0131,Individual,Mohammad,Irwin,1971-12-02,M,USA,California,Home,1,No,Website,52.1,0,5,1428058.5499999998,285611.70999999996,928.7940000000001,0.0,0,0,0,14.171827122692848,12.562392011258467,0,0,C2,First-Time Buyers,C2 · First-Time Buyers
C0132,Individual,Davion,Stout,1965-07-20,M,USA,Nevada,Home,1,Yes,Agency,58.5,0,4,1203775.04,300943.76,1025.1775,0.0,0,0,1,14.00097387425925,12.61468200529418,1,2,C1,Global Investors,C1 · Global Investors
C0133,Individual,Logan,Simmons,1946-09-14,M,USA,California,Investment,4,No,Agency,77.3,0,4,1449799.93,362449.9825,1177.4025000000001,0.0,0,1,0,14.186936815316498,12.80064452344407,0,0,C2,First-Time Buyers,C2 · First-Time Buyers
C0134,Individual,Kaylin,Villarreal,1932-06-13,F,Russia,Novosibirsk,Investment,3,No,Website,91.6,1,5,1761669.8699999999,352333.974,1095.602,0.0,0,1,0,14.381773274613627,12.772337632748636,0,0,C2,First-Time Buyers,C2 · First-Time Buyers
C0135,Individual,Ruben,Melton,1939-03-05,M,USA,Utah,Investment,2,No,Agency,84.8,0,4,1221442.92,305360.73,1043.6100000000001,0.25,0,1,0,14.01554425786055,12.629252352847129,0,2,C2,First-Time Buyers,C2 · First-Time Buyers
C0136,Individual,Gianni,Fritz,1973-09-15,M,USA,California,Home,3,No,Website,50.3,0,5,1892554.72,378510.944,1244.274,0.6,0,0,0,14.453438706396646,12.844002907504425,0,0,C2,First-Time Buyers,C2 · First-Time Buyers
C0137,Individual,Emilie,Morrison,1957-10-29,F,USA,California,Home,3,Yes,Website,66.2,0,4,989750.45,247437.6125,855.0699999999999,0.25,0,0,1,13.805209129983723,12.418917799923248,1,2,C1,Global Investors,C1 · Global Investors
C0138,Individual,Crystal,Wyatt,1939-06-30,F,USA,Oregon,Investment,3,Yes,Website,84.5,0,5,1367824.55,273564.91000000003,914.412,0.4,0,1,1,14.128732847103196,12.519297859014346,0,0,C2,First-Time Buyers,C2 · First-Time Buyers
C0139,Individual,Annabel,Robles,1969-10-14,F,USA,California,Home,5,Yes,Website,54.2,0,5,1807366.3,361473.26,1136.694,0.0,0,0,1,14.407381813999061,12.797946114726377,0,0,C2,First-Time Buyers,C2 · First-Time Buyers
C0140,Individual,Rachel,Cross,1952-06-18,F,USA,California,Home,3,No,Website,71.5,0,5,1559561.53,311912.306,1041.7220000000002,0.2,0,0,0,14.25991591041084,12.650480562795265,0,0,C2,First-Time Buyers,C2 · First-Time Buyers
C0141,Individual,Madalyn,Mercer,1986-06-21,F,USA,California,Home,5,No,Website,37.5,0,5,1765019.09,353003.818,1088.806,0.2,0,0,0,14.383672630721016,12.774236984547503,0,0,C2,First-Time Buyers,C2 · First-Time Buyers
C0142,Individual,Michelle,Cameron,1978-06-04,F,USA,Nevada,Home,3,Yes,Website,45.6,0,5,1673770.19,334754.038,1149.396,0.2,0,0,1,14.330589836101554,12.72115431347751,0,0,C2,First-Time Buyers,C2 · First-Time Buyers
C0143,Individual,Ezra,Lozano,1958-02-24,M,USA,California,Home,1,No,Website,65.9,0,8,2389960.3,298745.0375,1008.6325,0.125,0,0,0,14.686787731307975,12.607349118541569,2,0,C4,Luxury Investors,C4 · Luxury Investors
C0144,Individual,Ramiro,Oneill,1954-09-29,M,USA,California,Home,4,No,Agency,69.3,0,5,1897739.74,379547.948,1206.354,0.0,0,0,0,14.456174652404588,12.84673884773774,0,0,C2,First-Time Buyers,C2 · First-Time Buyers
C0145,Individual,Emely,Watts,1964-11-30,F,USA,California,Home,4,No,Website,59.1,0,5,1746571.55,349314.31,1297.3200000000002,0.2,0,0,0,14.373165882589557,12.763730260352574,0,0,C2,First-Time Buyers,C2 · First-Time Buyers
C0146,Individual,Hazel,Ayers,1963-02-01,M,USA,Colorado,Home,2,No,Website,60.9,0,4,1481536.3900000001,370384.09750000003,1242.6425,0.0,0,0,0,14.208590883611812,12.822298547413453,0,0,C2,First-Time Buyers,C2 · First-Time Buyers
C0147,Individual,Cedric,Goodwin,1948-02-20,M,USA,Utah,Home,4,No,Client,75.9,0,5,1398309.27,279661.854,1000.47,0.4,0,0,0,14.150775115634739,12.541340063792,0,0,C2,First-Time Buyers,C2 · First-Time Buyers
C0148,Individual,Dayton,Hatfield,1969-04-19,M,USA,Colorado,Investment,4,Yes,Agency,54.7,0,4,1700383.7,425095.925,1413.5925,0.0,0,1,1,14.34636507754344,12.960072480728623,0,0,C2,First-Time Buyers,C2 · First-Time Buyers
C0149,Individual,Piotr,Aleksandrov,1955-12-02,M,Russia,Krasnodar Krai,Investment,3,No,Agency,68.1,1,4,1049009.0,262252.25,906.4850000000001,0.25,0,1,0,13.863357420221462,12.47706591893676,1,2,C1,Global Investors,C1 · Global Investors
C0150,Individual,Memphis,Mcconnell,1968-08-25,M,USA,California,Home,2,Yes,Website,55.4,0,4,1846066.58,461516.645,1500.95,0.0,0,0,1,14.428568302258919,13.042275566213645,0,0,C2,First-Time Buyers,C2 · First-Time Buyers
C0151,Individual,Arabella,Ferrell,1976-08-17,F,USA,Oregon,Home,1,No,Agency,47.4,0,5,1589086.32,317817.264,1123.442,0.0,0,0,0,14.278670396809506,12.669235001540395,0,0,C2,First-Time Buyers,C2 · First-Time Buyers
C0152,Individual,Sincere,Hansen,1967-01-19,F,USA,California,Investment,2,Yes,Agency,57.0,0,7,2539205.93,362743.7042857143,1212.7585714285713,0.0,0,1,1,14.747362357956607,12.801454571841013,2,0,C4,Luxury Investors,C4 · Luxury Investors
C0153,Individual,Lara,Carrillo,1983-02-24,F,USA,California,Home,5,No,Website,40.9,0,5,1560375.26,312075.052,944.0319999999999,0.0,0,0,0,14.260437542451223,12.651002193498108,0,0,C2,First-Time Buyers,C2 · First-Time Buyers
C0154,Individual,Valentina,Simpson,1965-01-24,F,USA,California,Home,4,Yes,Agency,58.9,0,5,2142457.31,428491.462,1390.49,0.4,0,0,1,14.577464470688321,12.968028425266638,0,0,C2,First-Time Buyers,C2 · First-Time Buyers
C0155,Company,Kamd,Co,1975-08-18,M,USA,California,Investment,5,No,Agency,48.4,0,5,1622885.53,324577.106,1097.394,0.2,1,1,0,14.29971693031266,12.690281482619623,3,3,C3,Corporate Buyers,C3 · Corporate Buyers
C0156,Individual,Case,Sanchez,1966-05-26,F,USA,California,Home,5,No,Website,57.6,0,4,1344903.47,336225.8675,1102.105,0.25,0,0,0,14.111833542473304,12.72554141199263,0,0,C2,First-Time Buyers,C2 · First-Time Buyers
C0157,Individual,Van,Charles,1952-05-15,M,USA,Colorado,Home,2,Yes,Client,71.6,0,4,1060400.03,265100.0075,830.7675,0.0,0,0,1,13.874157724728109,12.487866192722555,1,2,C1,Global Investors,C1 · Global Investors
C0158,Individual,Emmy,Singh,1979-12-03,F,USA,Virginia,Investment,3,Yes,Agency,44.1,0,4,1439477.66,359869.415,1131.4975,0.25,0,1,1,14.17979156433261,12.793499287298408,0,0,C2,First-Time Buyers,C2 · First-Time Buyers
C0159,Individual,Colin,Campos,1942-04-14,M,USA,California,Home,3,No,Website,81.7,0,4,1596507.45,399126.8625,1336.7325,0.0,0,0,0,14.283329583951028,12.89703710192998,0,0,C2,First-Time Buyers,C2 · First-Time Buyers
C0160,Individual,Anya,Stephenson,1959-06-11,F,USA,California,Home,4,No,Website,64.6,0,5,1679716.96,335943.392,1144.06,0.4,0,0,0,14.334136456333477,12.724700925248705,0,0,C2,First-Time Buyers,C2 · First-Time Buyers
C0161,Individual,Parker,Poole,1951-11-10,M,USA,California,Home,5,No,Website,72.1,0,9,2534264.26,281584.91777777777,939.4144444444444,0.1111111111111111,0,0,0,14.745414314731892,12.548192894124174,2,0,C4,Luxury Investors,C4 · Luxury Investors
C0162,Individual,Ivan,Bright,1953-09-15,M,USA,California,Home,4,No,Website,70.3,0,4,1135363.52,283840.88,983.24,0.25,0,0,0,13.942464320331439,12.556172601531248,1,1,C1,Global Investors,C1 · Global Investors
C0163,Individual,Larry,Turner,1986-03-24,M,USA,Utah,Investment,5,Yes,Agency,37.8,0,4,1506594.21,376648.5525,1307.32,0.25,0,1,1,14.225362835024459,12.839070465147467,0,0,C2,First-Time Buyers,C2 · First-Time Buyers
C0164,Individual,Matthew,Nelson,1986-09-20,M,USA,Arizona,Home,5,No,Website,37.3,0,4,1436152.54,359038.135,1196.7975,0.0,0,0,0,14.177478944880127,12.791186672671195,0,0,C2,First-Time Buyers,C2 · First-Time Buyers
C0165,Individual,Mary,Hall,1956-07-11,F,USA,California,Home,3,Yes,Website,67.5,0,3,1276849.33,425616.44333333336,1357.1933333333334,0.0,0,0,1,14.059906923760428,12.961296201445387,0,1,C2,First-Time Buyers,C2 · First-Time Buyers
C0166,Individual,Carolyn,Weaver,1984-01-24,F,USA,Arizona,Home,4,Yes,Agency,39.9,0,4,1273643.37,318410.8425,1025.3225,0.0,0,0,1,14.057392931719187,12.6711009260421,0,0,C2,First-Time Buyers,C2 · First-Time Buyers
C0167,Individual,Grace,Green,1955-02-02,F,UK,Scotland,Home,3,Yes,Website,68.9,1,7,2749577.33,392796.7614285714,1320.3814285714286,0.14285714285714285,0,0,1,14.826958123340356,12.881050156435442,2,0,C4,Luxury Investors,C4 · Luxury Investors
C0168,Individual,Pamela,Sanders,1960-06-06,F,USA,Nevada,Home,3,No,Agency,63.6,0,4,1491785.87,372946.4675,1329.6025,0.0,0,0,0,14.215485201016552,12.82919285090577,0,0,C2,First-Time Buyers,C2 · First-Time Buyers
C0169,Individual,Terry,Turner,1990-08-13,M,USA,Ohio,Investment,5,Yes,Agency,33.4,0,3,688864.2,229621.4,845.8633333333333,0.6666666666666666,0,1,1,13.442800884991076,12.344191499644396,1,1,C1,Global Investors,C1 · Global Investors
C0170,Individual,Jacob,Jones,1949-06-13,M,USA,California,Home,5,No,Website,74.6,0,3,1161316.17,387105.38999999996,1339.7466666666667,0.0,0,0,0,13.965065410279118,12.866454843791933,0,1,C2,First-Time Buyers,C2 · First-Time Buyers
C0171,Individual,Julie,Sanders,1991-05-05,F,USA,Washington,Investment,5,Yes,Client,32.7,0,4,1278753.71,319688.4275,1070.72,0.0,0,1,1,14.061397279525648,12.67510526443542,0,0,C2,First-Time Buyers,C2 · First-Time Buyers
C0172,Individual,Catherine,Carter,1992-09-16,F,USA,Washington,Home,1,Yes,Agency,31.3,0,4,1681471.9100000001,420367.97750000004,1572.79,0.25,0,0,1,14.335180699417162,12.948888122445744,0,0,C2,First-Time Buyers,C2 · First-Time Buyers
C0173,Individual,Amber,Wilson,1976-07-20,F,USA,Arizona,Home,5,Yes,Agency,47.4,0,8,2619968.43,327496.05375,1074.5925,0.0,0,0,1,14.778673207730277,12.699234337833772,2,0,C4,Luxury Investors,C4 · Luxury Investors
C0174,Individual,Rachel,Harris,1982-07-06,F,USA,California,Investment,3,No,Client,41.5,0,3,865359.73,288453.24333333335,869.7866666666667,0.0,0,1,0,13.670901727883367,12.572291750387487,1,2,C1,Global Investors,C1 · Global Investors
C0175,Individual,Brandon,Alexander,1962-04-05,M,USA,Washington,Home,5,No,Agency,61.7,0,4,1606138.1199999999,401534.52999999997,1313.38,0.5,0,0,0,14.289343794892767,12.90305130160435,0,0,C2,First-Time Buyers,C2 · First-Time Buyers
C0176,Individual,Hannah,Williams,1993-06-27,F,USA,California,Home,2,No,Website,30.5,0,6,2681927.91,446987.98500000004,1514.8,0.0,0,0,0,14.802046836133908,13.01028923123392,2,0,C4,Luxury Investors,C4 · Luxury Investors
C0177,Individual,Sarah,Hansen,1951-03-05,F,UK,England,Home,5,Yes,Website,72.8,1,7,2269897.21,324271.02999999997,1160.9514285714286,0.14285714285714285,0,0,1,14.635245547042487,12.689338041274016,2,0,C4,Luxury Investors,C4 · Luxury Investors
C0178,Individual,Laura,Chavez,1952-12-23,F,USA,Virginia,Home,4,No,Agency,71.0,0,7,2665917.96,380845.42285714287,1284.9985714285715,0.2857142857142857,0,0,0,14.796059381659374,12.850151483232583,2,0,C4,Luxury Investors,C4 · Luxury Investors
C0179,Individual,Ashley,Turner,1986-02-11,F,USA,Oregon,Investment,2,No,Website,37.9,0,8,2131372.11,266421.51375,947.5450000000001,0.375,0,1,0,14.57227698256855,12.492838725151085,2,0,C4,Luxury Investors,C4 · Luxury Investors
C0180,Individual,Jacob,Wilson,1943-01-28,M,USA,California,Home,2,Yes,Agency,80.9,0,7,2660292.37,380041.76714285713,1249.51,0.14285714285714285,0,0,1,14.793946964150129,12.848039070482624,2,0,C4,Luxury Investors,C4 · Luxury Investors
C0181,Individual,Lawrence,Peterson,1970-04-26,M,USA,Texas,Home,2,Yes,Website,53.7,0,7,2047189.62,292455.66000000003,974.1771428571428,0.14285714285714285,0,0,1,14.531978981949303,12.586071763735479,2,0,C4,Luxury Investors,C4 · Luxury Investors
C0182,Individual,Virginia,Bennett,1971-12-02,F,Germany,North Rhine-Westphalia,Investment,1,Yes,Website,52.1,1,8,3082362.35,385295.29375,1246.94625,0.0,0,1,1,14.94120718213775,12.861767911440033,2,0,C4,Luxury Investors,C4 · Luxury Investors
C0183,Individual,Nicholas,Green,1988-09-15,M,USA,Nevada,Home,3,No,Website,35.3,0,7,1883106.92,269015.27428571426,907.1042857142857,0.0,0,0,0,14.4484341187957,12.502527155957372,2,0,C4,Luxury Investors,C4 · Luxury Investors
C0184,Individual,Peter,Pierce,1994-01-21,M,USA,Florida,Home,1,No,Website,29.9,0,6,2618938.16,436489.69333333336,1481.7150000000001,0.0,0,0,0,14.778279892979473,12.986522332919566,2,0,C4,Luxury Investors,C4 · Luxury Investors
C0185,Individual,Andrea,Nelson,1945-07-02,F,USA,Nevada,Home,4,Yes,Agency,78.5,0,7,2491911.81,355987.40142857144,1137.2942857142857,0.0,0,0,1,14.728561170315912,12.782653429046597,2,0,C4,Luxury Investors,C4 · Luxury Investors
C0186,Individual,Carol,Green,1982-04-02,F,USA,Virginia,Home,1,No,Website,41.7,0,8,2674286.63,334285.82875,1100.27125,0.0,0,0,0,14.799193596304304,12.719754672140535,2,0,C4,Luxury Investors,C4 · Luxury Investors
C0187,Individual,Cheryl,Kim,1990-01-17,F,USA,Florida,Home,1,No,Website,34.0,0,6,2066651.1400000001,344441.8566666667,1135.37,0.3333333333333333,0,0,0,14.541440532290249,12.749683482431111,2,0,C4,Luxury Investors,C4 · Luxury Investors
C0188,Individual,Jose,Martin,1940-10-08,M,USA,Oregon,Home,5,Yes,Website,83.2,0,7,2891447.6,413063.9428571429,1263.962857142857,0.2857142857142857,0,0,1,14.877268180181705,12.931360106208679,2,0,C4,Luxury Investors,C4 · Luxury Investors
C0189,Individual,Anna,Adams,1958-12-11,F,USA,California,Home,2,No,Agency,65.1,0,7,2209659.42,315665.6314285714,1024.6857142857143,0.14285714285714285,0,0,0,14.608349405579029,12.662441971869386,2,0,C4,Luxury Investors,C4 · Luxury Investors
C0190,Individual,Karen,Johnson,1971-10-19,F,USA,California,Home,2,No,Website,52.2,0,7,2276701.17,325243.02428571426,1049.1542857142856,0.14285714285714285,0,0,0,14.638238537193581,12.692331023525616,2,0,C4,Luxury Investors,C4 · Luxury Investors
C0191,Individual,Sarah,Turner,1977-05-06,F,USA,Florida,Home,3,No,Agency,46.7,0,8,2172926.7600000002,271615.84500000003,913.8512499999999,0.375,0,0,0,14.591586014323328,12.512147694098367,2,0,C4,Luxury Investors,C4 · Luxury Investors
C0192,Individual,Margaret,Moore,1984-02-04,F,Belgium,Brussels,Investment,2,Yes,Website,39.9,1,7,2900509.0999999996,414358.4428571428,1304.7214285714288,0.2857142857142857,0,1,1,14.880397176040441,12.934489095584647,2,0,C4,Luxury Investors,C4 · Luxury Investors
C0193,Individual,Sharon,Campbell,1968-08-09,F,USA,California,Investment,4,Yes,Website,55.4,0,7,1933778.2399999998,276254.03428571427,962.7214285714286,0.42857142857142855,0,1,1,14.474986801634214,12.529079755306745,2,0,C4,Luxury Investors,C4 · Luxury Investors
C0194,Individual,Jonathan,Hall,1953-08-18,M,France,Ile-De-France,Home,5,Yes,Website,70.4,1,7,2759372.27,394196.03857142857,1237.292857142857,0.2857142857142857,0,0,1,14.830514135820698,12.88460616116982,2,0,C4,Luxury Investors,C4 · Luxury Investors
C0195,Individual,Sean,Jones,1947-06-19,M,USA,California,Home,2,Yes,Website,76.5,0,7,2102233.85,300319.12142857147,1029.2714285714285,0.2857142857142857,0,0,1,14.558511551104782,12.612604256150872,2,0,C4,Luxury Investors,C4 · Luxury Investors
C0196,Individual,Alexander,Adams,1957-04-22,M,USA,Nevada,Investment,5,No,Agency,66.7,0,6,2611736.44,435289.4066666667,1411.9466666666667,0.0,0,1,0,14.775526243652104,12.983768688856618,2,0,C4,Luxury Investors,C4 · Luxury Investors
C0197,Individual,Kevin,Wright,1944-07-01,M,USA,Virginia,Home,4,No,Client,79.5,0,8,2775768.6,346971.075,1082.87,0.0,0,0,0,14.836438600046225,12.756999580186346,2,0,C4,Luxury Investors,C4 · Luxury Investors
C0198,Individual,Michelle,White,1976-01-28,F,USA,California,Home,4,No,Website,47.9,0,8,2399689.67,299961.20875,997.5475,0.0,0,0,0,14.690850399511467,12.611411774870012,2,0,C4,Luxury Investors,C4 · Luxury Investors
C0199,Individual,Ryan,Brown,1958-04-13,M,USA,California,Home,3,No,Agency,65.7,0,7,2582959.87,368994.26714285713,1162.7385714285715,0.14285714285714285,0,0,0,14.76444692291174,12.818539096769289,2,0,C4,Luxury Investors,C4 · Luxury Investors
C0200,Individual,Linda,Harris,1944-05-06,F,USA,California,Home,1,No,Agency,79.7,0,4,1071359.3900000001,267839.84750000003,920.7075,0.0,0,0,0,13.88443979142637,12.498148230480751,1,2,C1,Global Investors,C1 · Global Investors
C0201,Individual,Lauren,Weaver,1968-02-13,F,USA,California,Home,1,No,Agency,55.9,0,4,1298787.54,324696.885,1147.435,0.25,0,0,0,14.076942495642488,12.690650444364765,0,2,C2,First-Time Buyers,C2 · First-Time Buyers
C0202,Individual,Jack,Reyes,1996-11-11,M,Canada,British Columbia,Home,1,No,Website,27.1,1,3,1019272.5900000001,339757.53,1049.3799999999999,0.3333333333333333,0,0,0,13.834600764882643,12.735990438394323,1,1,C1,Global Investors,C1 · Global Investors
C0203,Individual,Christine,Brooks,1956-05-18,F,USA,California,Home,4,No,Client,67.6,0,4,1242478.83,310619.7075,916.0375,0.0,0,0,0,14.032619803420756,12.646327856824067,0,0,C2,First-Time Buyers,C2 · First-Time Buyers
C0204,Individual,Joyce,Pierce,1947-01-10,F,USA,California,Home,5,No,Agency,77.0,0,3,934432.98,311477.66,1042.7266666666667,0.3333333333333333,0,0,0,13.747696255977079,12.649086107639803,1,1,C1,Global Investors,C1 · Global Investors
C0205,Individual,Kelly,Nelson,1968-08-26,F,Mexico,Puebla,Home,1,Yes,Agency,55.3,1,3,949224.48,316408.16,1072.7266666666667,0.3333333333333333,0,0,1,13.763401646841277,12.664791465151895,1,1,C1,Global Investors,C1 · Global Investors
C0206,Individual,Nancy,Roberts,1957-05-08,F,USA,California,Home,1,Yes,Agency,66.7,0,3,853060.9299999999,284353.6433333333,851.4266666666667,0.0,0,0,1,13.65658742641751,12.55797748224232,1,2,C1,Global Investors,C1 · Global Investors
C0207,Individual,Kyle,Gray,1944-11-19,M,USA,Virginia,Investment,4,No,Website,79.1,0,3,889948.76,296649.58666666667,1104.51,0.0,0,1,0,13.69892029067679,12.600310249324027,1,2,C1,Global Investors,C1 · Global Investors
C0208,Individual,Mark,James,1986-03-26,M,France,Provence,Home,4,Yes,Agency,37.8,1,4,1199654.38,299913.595,997.4100000000001,0.25,0,0,1,13.997544890179865,12.611253029775012,1,0,C1,Global Investors,C1 · Global Investors
C0209,Individual,Kyle,Moore,1949-08-22,M,USA,Arizona,Investment,3,No,Agency,74.4,0,4,979868.13,244967.0325,794.1275,0.25,0,1,0,13.79517430091306,12.408883001421826,1,2,C1,Global Investors,C1 · Global Investors
C0210,Individual,Janice,Price,1943-03-24,F,USA,Colorado,Home,2,No,Website,80.8,0,4,1346156.55,336539.1375,1135.53,0.0,0,0,0,14.112764832856993,12.726472700299915,0,0,C2,First-Time Buyers,C2 · First-Time Buyers
C0211,Individual,Amy,Evans,1972-02-23,F,USA,California,Home,3,No,Agency,51.9,0,4,1254240.07,313560.0175,1053.27,0.25,0,0,0,14.042041222528448,12.655749253290377,0,2,C2,First-Time Buyers,C2 · First-Time Buyers
C0212,Individual,Jacob,Wood,1956-03-23,M,USA,California,Home,4,No,Agency,67.8,0,3,1068278.76,356092.92,1224.68,0.0,0,0,0,13.881560211765548,12.78294979526445,1,1,C1,Global Investors,C1 · Global Investors
C0213,Individual,Jason,Gray,1976-10-23,M,USA,Florida,Investment,5,No,Agency,47.2,0,3,809691.13,269897.04333333333,897.3100000000001,0.3333333333333333,0,1,0,13.604409367977716,12.505799549381202,1,1,C1,Global Investors,C1 · Global Investors
C0214,Individual,Helen,Wood,1946-07-18,F,Belgium,Brussels,Investment,5,No,Website,77.5,1,3,1070534.6400000001,356844.88000000006,1179.5233333333333,0.0,0,1,0,13.883669679311486,12.785059258865282,1,2,C1,Global Investors,C1 · Global Investors
C0215,Individual,Lauren,Foster,1999-07-11,F,Germany,Hamburg,Investment,4,No,Website,24.5,1,3,1032856.46,344285.48666666663,1110.27,0.0,0,1,0,13.84783975213353,12.74922939983916,1,2,C1,Global Investors,C1 · Global Investors
C0216,Individual,Albert,Hansen,1999-07-19,M,USA,Utah,Home,1,No,Website,24.5,0,4,1352642.3399999999,338160.58499999996,1063.04,0.25,0,0,0,14.117571265602841,12.73127912236004,0,0,C2,First-Time Buyers,C2 · First-Time Buyers
C0217,Individual,Deborah,Miller,1984-07-11,F,USA,Colorado,Home,3,No,Website,39.5,0,4,1238434.91,309608.7275,1019.1225,0.0,0,0,0,14.029359778490216,12.643067839777768,0,0,C2,First-Time Buyers,C2 · First-Time Buyers
C0218,Individual,Shirley,Anderson,1970-01-24,F,USA,California,Home,2,No,Website,53.9,0,3,836639.27,278879.75666666665,913.6700000000001,0.3333333333333333,0,0,0,13.637149472141354,12.538539573984055,1,1,C1,Global Investors,C1 · Global Investors
C0219,Individual,William,Turner,1988-01-20,M,USA,California,Home,4,No,Website,35.9,0,4,1267653.57,316913.3925,1035.1925,0.25,0,0,0,14.052678955730284,12.666386961182898,0,0,C2,First-Time Buyers,C2 · First-Time Buyers
C0220,Individual,Walter,Phillips,1951-06-06,M,Canada,Ontario,Investment,1,No,Website,72.6,1,3,1060812.68,353604.2266666666,1101.55,0.0,0,1,0,13.874546794258185,12.775936390933516,1,2,C1,Global Investors,C1 · Global Investors
C0221,Company,Atlas,Co,1987-05-14,F,USA,California,Home,5,No,Website,36.6,0,4,1377133.5999999999,344283.39999999997,1186.5225,0.0,1,0,0,14.135515521662818,12.749223338976853,3,3,C3,Corporate Buyers,C3 · Corporate Buyers
C0222,Individual,Christopher,Stone,1956-11-08,M,USA,Utah,Investment,3,No,Agency,67.1,0,3,1223560.82,407853.6066666667,1517.47,0.0,0,1,0,14.017276687764543,12.918666033667186,0,1,C2,First-Time Buyers,C2 · First-Time Buyers
C0223,Individual,Patrick,Hansen,1973-11-12,M,USA,Colorado,Investment,3,Yes,Website,50.1,0,4,969341.87,242335.4675,837.5225,0.0,0,1,1,13.784373667295933,12.398082401051395,1,2,C1,Global Investors,C1 · Global Investors
C0224,Individual,Nathan,Richardson,1960-08-23,M,USA,Colorado,Home,5,No,Website,63.4,0,3,1189255.63,396418.5433333333,1330.2166666666667,0.0,0,0,0,13.988838989221179,12.890228382274463,0,1,C2,First-Time Buyers,C2 · First-Time Buyers
C0225,Individual,Evelyn,Reyes,1948-12-19,F,USA,California,Home,1,Yes,Agency,75.0,0,4,1120626.94,280156.735,905.7525,0.25,0,0,1,13.929399746874067,12.543108062821092,1,2,C1,Global Investors,C1 · Global Investors
C0226,Individual,Julia,Jordan,1958-07-11,F,USA,Colorado,Home,2,No,Website,65.5,0,3,1571251.03,523750.3433333333,1599.3433333333332,0.0,0,0,0,14.267383330850755,13.16877231505211,0,1,C2,First-Time Buyers,C2 · First-Time Buyers
C0227,Individual,Rachel,Evans,1944-10-23,F,USA,Arizona,Home,5,Yes,Website,79.2,0,3,942245.37,314081.79,1104.51,0.0,0,0,1,13.756022058641197,12.657411892557946,1,2,C1,Global Investors,C1 · Global Investors
C0228,Individual,Hannah,Owens,1952-04-23,F,USA,Oregon,Investment,4,No,Website,71.7,0,3,606605.72,202201.90666666665,610.62,0.3333333333333333,0,1,0,13.315635952315711,12.217026960671252,1,2,C1,Global Investors,C1 · Global Investors
C0229,Individual,Jose,Turner,1981-11-19,M,USA,Colorado,Investment,5,No,Website,42.1,0,3,892220.13,297406.71,900.46,0.0,0,1,0,13.701469284426574,12.602859237352718,1,2,C1,Global Investors,C1 · Global Investors
C0230,Company,Forsyte,Co,1977-07-22,M,USA,Nevada,Investment,4,Yes,Website,46.4,0,4,1457429.02,364357.255,1104.2925,0.0,1,1,1,14.192185182331961,12.805892879627825,3,3,C3,Corporate Buyers,C3 · Corporate Buyers
C0231,Individual,Ronald,Rogers,1993-12-18,M,Denmark,Central Denmark,Investment,2,Yes,Website,30.0,1,3,729893.08,243297.69333333333,849.6366666666667,0.0,0,1,1,13.500654706706737,12.40204515815848,1,2,C1,Global Investors,C1 · Global Investors
C0232,Individual,Megan,Kim,1962-05-04,F,USA,California,Home,3,Yes,Website,61.7,0,4,1276710.4900000002,319177.62250000006,1036.6525,0.0,0,0,1,14.059798181532964,12.673506170197264,0,0,C2,First-Time Buyers,C2 · First-Time Buyers
C0233,Individual,Larry,Garcia,1997-09-10,M,France,Provence,Home,4,Yes,Website,26.3,1,4,1105806.54,276451.635,914.3125,0.0,0,0,1,13.916086431455597,12.529794783281515,1,2,C1,Global Investors,C1 · Global Investors
C0234,Individual,Andrea,Hughes,1979-03-02,F,USA,New York,Home,1,Yes,Website,44.8,0,3,839967.04,279989.01333333337,973.09,0.0,0,0,1,13.64111912247662,12.54250921484865,1,2,C1,Global Investors,C1 · Global Investors
C0235,Individual,Kenneth,Allen,1949-10-10,M,USA,California,Home,5,No,Website,74.2,0,4,1268586.58,317146.645,1092.085,0.0,0,0,0,14.05341469781397,12.66712270152604,0,0,C2,First-Time Buyers,C2 · First-Time Buyers
C0236,Individual,Gerald,Howard,1972-08-10,M,Canada,Manitoba,Home,3,No,Agency,51.4,1,3,1321475.69,440491.89666666667,1449.5,0.6666666666666666,0,0,0,14.094260373824373,12.99564959861352,0,1,C2,First-Time Buyers,C2 · First-Time Buyers
C0237,Individual,Jason,Nelson,1984-11-03,M,USA,California,Home,5,Yes,Website,39.2,0,3,1392353.31,464117.77,1630.1366666666665,0.0,0,0,1,14.146506620534439,13.047895768281291,0,1,C2,First-Time Buyers,C2 · First-Time Buyers
C0238,Individual,Amber,Patterson,1982-01-08,F,USA,Virginia,Home,4,Yes,Agency,42.0,0,3,1125732.72,375244.24,1125.17,0.0,0,0,1,13.93394557658912,12.835335064538505,1,1,C1,Global Investors,C1 · Global Investors
C0239,Individual,Megan,Baker,1973-02-18,F,USA,Oregon,Home,3,Yes,Website,50.9,0,4,1352763.67,338190.9175,1011.5799999999999,0.5,0,0,1,14.117660960022043,12.73136881658032,0,1,C2,First-Time Buyers,C2 · First-Time Buyers
C0240,Individual,Amber,Morales,1942-05-15,F,USA,Colorado,Investment,3,No,Website,81.6,0,3,935028.28,311676.0933333333,1022.67,0.6666666666666666,0,1,0,13.748333123288525,12.649722973588577,1,1,C1,Global Investors,C1 · Global Investors
C0241,Individual,Kelly,Anderson,1962-01-14,F,Mexico,Nuevo Leon,Home,5,Yes,Website,62.0,1,3,1025934.71,341978.23666666663,1110.27,0.0,0,0,1,13.841115641930868,12.74250530270075,1,2,C1,Global Investors,C1 · Global Investors
C0242,Individual,Stephen,Peterson,1998-03-16,M,USA,Utah,Home,3,Yes,Agency,25.8,0,4,1358315.73,339578.9325,1191.1025,0.25,0,0,1,14.121756792601401,12.735464640095026,0,2,C2,First-Time Buyers,C2 · First-Time Buyers
C0243,Individual,Nancy,Patterson,1978-07-11,F,USA,Utah,Home,2,No,Website,45.5,0,4,1382777.8900000001,345694.47250000003,1286.2725,0.0,0,0,0,14.13960572078638,12.753313529208391,0,0,C2,First-Time Buyers,C2 · First-Time Buyers
C0244,Individual,Joyce,Pierce,1998-08-03,F,USA,California,Home,1,No,Website,25.4,0,3,1046652.28,348884.0933333333,1095.0333333333335,0.6666666666666666,0,0,0,13.861108279325618,12.762497901508148,1,1,C1,Global Investors,C1 · Global Investors
C0245,Individual,Sean,Long,1974-01-07,M,USA,Nevada,Investment,4,No,Agency,50.0,0,3,1354584.5,451528.1666666667,1439.256666666667,0.0,0,1,0,14.119006061438707,13.020395249235925,0,1,C2,First-Time Buyers,C2 · First-Time Buyers
C0246,Individual,Stephen,Pierce,1992-05-15,M,France,Normandy,Home,1,Yes,Agency,31.6,1,3,1024485.26,341495.08666666667,1117.9399999999998,0.3333333333333333,0,0,1,13.839701835150953,12.74109149867891,1,1,C1,Global Investors,C1 · Global Investors
C0247,Individual,Kevin,Morris,1965-01-18,M,USA,California,Home,1,No,Website,59.0,0,4,1696540.52,424135.13,1458.93,0.0,0,0,0,14.344102336823829,12.957809744005694,0,0,C2,First-Time Buyers,C2 · First-Time Buyers
C0248,Individual,Carl,Collins,1968-12-09,M,USA,Florida,Home,4,Yes,Agency,55.1,0,3,1035934.63,345311.54333333333,1224.68,0.3333333333333333,0,0,1,13.850815566666585,12.752205208618497,1,1,C1,Global Investors,C1 · Global Investors
C0249,Individual,Stephanie,Montgomery,1968-12-05,F,USA,California,Investment,4,No,Agency,55.1,0,4,1142995.52,285748.88,1027.3249999999998,0.0,0,1,0,13.949163898152891,12.562872161709462,1,2,C1,Global Investors,C1 · Global Investors
C0250,Individual,Justin,Stewart,1947-10-19,M,UK,England,Home,2,No,Agency,76.2,1,3,982306.66,327435.55333333334,1076.69,0.0,0,0,0,13.7976598376576,12.69904958500941,1,2,C1,Global Investors,C1 · Global Investors
C0251,Individual,Janice,Chavez,1976-08-11,F,USA,Utah,Home,5,No,Website,47.4,0,3,463611.95,154537.31666666668,564.01,0.0,0,0,0,13.046805323621015,11.948197348886945,1,2,C1,Global Investors,C1 · Global Investors
C0252,Individual,Elizabeth,Rogers,1953-08-23,F,USA,Nevada,Investment,2,No,Website,70.4,0,3,1082221.48,360740.49333333335,1209.64,0.3333333333333333,0,1,0,13.89452733647549,12.795916895854512,1,1,C1,Global Investors,C1 · Global Investors
C0253,Individual,Betty,Hughes,1994-09-15,F,USA,Virginia,Home,4,No,Website,29.3,0,4,1239226.11,309806.5275,1052.8325,0.0,0,0,0,14.029998444862928,12.643706504603866,0,0,C2,First-Time Buyers,C2 · First-Time Buyers
C0254,Individual,Rachel,Freeman,1956-07-21,F,USA,Florida,Home,5,No,Website,67.4,0,4,1332152.57,333038.1425,1096.3725,0.0,0,0,0,14.10230741622956,12.716015307099749,0,0,C2,First-Time Buyers,C2 · First-Time Buyers
C0255,Individual,Sara,Jones,1961-02-08,F,UK,England,Investment,3,Yes,Client,62.9,1,4,1689083.06,422270.765,1253.3075,0.0,0,1,1,14.339696963645636,12.953404378634707,0,0,C2,First-Time Buyers,C2 · First-Time Buyers
C0256,Individual,Anthony,Hughes,1990-12-10,M,USA,California,Home,1,Yes,Website,33.1,0,3,1150229.15,383409.7166666666,1281.3166666666666,0.0,0,0,1,13.95547261075079,12.856862060863621,1,1,C1,Global Investors,C1 · Global Investors
C0257,Individual,Nicholas,Kim,1974-10-22,M,USA,California,Home,1,No,Website,49.2,0,3,1145456.23,381818.74333333335,1277.84,0.3333333333333333,0,0,0,13.951314442771384,12.852703900129404,1,1,C1,Global Investors,C1 · Global Investors
C0258,Individual,Carl,Murray,1991-04-15,M,UK,Northern Ireland,Home,4,Yes,Agency,32.7,1,3,1001712.37,333904.12333333335,1173.1833333333334,0.0,0,0,1,13.817222461820355,12.718612169729374,1,2,C1,Global Investors,C1 · Global Investors
C0259,Individual,Emma,Chavez,1990-02-15,F,USA,Oregon,Home,4,No,Website,33.9,0,3,779396.4099999999,259798.80333333332,842.68,0.0,0,0,0,13.566276348812197,12.46766662622579,1,2,C1,Global Investors,C1 · Global Investors
C0260,Individual,Rebecca,Wood,1946-08-04,F,USA,Nevada,Investment,3,No,Website,77.4,0,4,1057192.79,264298.1975,820.9225,0.5,0,1,0,13.871128587688208,12.48483706426541,1,1,C1,Global Investors,C1 · Global Investors
C0261,Company,Celera,Co,1985-05-13,F,USA,Florida,Investment,4,Yes,Website,38.6,0,4,2094623.1,523655.775,1676.3825,0.25,1,1,1,14.55488466803175,13.168591739148724,3,3,C3,Corporate Buyers,C3 · Corporate Buyers
C0262,Individual,Billy,Bryant,1947-05-25,M,USA,Oregon,Home,2,No,Website,76.6,0,3,1233260.4,411086.8,1359.24,0.0,0,0,0,14.02517276292109,12.926562095967872,0,1,C2,First-Time Buyers,C2 · First-Time Buyers
C0263,Individual,Anthony,Garcia,1981-08-02,M,USA,Nevada,Investment,2,Yes,Website,42.4,0,3,969140.41,323046.80333333334,1016.7633333333333,0.0,0,1,1,13.784165814178108,12.685555589190196,1,2,C1,Global Investors,C1 · Global Investors
C0264,Individual,Melissa,Baker,1992-09-12,F,USA,Colorado,Home,2,Yes,Agency,31.3,0,4,1127766.02,281941.505,972.245,0.25,0,0,1,13.9357501471541,12.549458446154567,1,2,C1,Global Investors,C1 · Global Investors
C0265,Company,Celera,Co,1967-04-13,M,Belgium,Flanders,Home,1,No,Website,56.7,1,4,1708031.99,427007.9975,1293.0725,0.25,1,0,0,14.350852968132411,12.964560363417334,3,3,C3,Corporate Buyers,C3 · Corporate Buyers
C0266,Individual,Aaron,Owens,1977-02-26,M,USA,California,Home,5,Yes,Agency,46.8,0,3,931646.38,310548.79333333333,1078.7866666666666,0.3333333333333333,0,0,1,13.744709674436717,12.646099532501262,1,1,C1,Global Investors,C1 · Global Investors
C0267,Individual,Judy,Howard,1948-11-12,F,USA,Utah,Home,4,Yes,Agency,75.1,0,4,1314495.01,328623.7525,1096.12,0.0,0,0,1,14.088963887772799,12.702671808893824,0,0,C2,First-Time Buyers,C2 · First-Time Buyers
C0268,Individual,Danielle,Carter,1959-02-21,F,USA,Georgia,Investment,3,No,Website,64.9,0,4,1108939.8599999999,277234.96499999997,900.39,0.25,0,1,0,13.91891593758864,12.532624281749122,1,1,C1,Global Investors,C1 · Global Investors
C0269,Individual,David,Stewart,1969-02-04,M,USA,New York,Home,2,No,Agency,54.9,0,3,1049110.08,349703.36000000004,1076.69,0.3333333333333333,0,0,0,13.863453773097415,12.764843390803312,1,1,C1,Global Investors,C1 · Global Investors
C0270,Individual,Megan,Allen,1944-07-21,F,USA,Florida,Home,5,No,Website,79.4,0,3,924009.9,308003.3,983.4266666666667,0.3333333333333333,0,0,0,13.736479147091039,12.637869022897219,1,1,C1,Global Investors,C1 · Global Investors
C0271,Individual,Laura,Hughes,1972-04-28,F,USA,California,Investment,3,No,Agency,51.7,0,4,1295689.37,323922.3425,1024.3375,0.5,0,1,0,14.074554215313293,12.688262169558707,0,1,C2,First-Time Buyers,C2 · First-Time Buyers
C0272,Individual,Pamela,Green,1993-08-03,F,UK,Scotland,Home,5,Yes,Website,30.4,1,4,1439584.37,359896.0925,1248.58,0.0,0,0,1,14.179865692590223,12.793573415401536,0,0,C2,First-Time Buyers,C2 · First-Time Buyers
C0273,Individual,Paul,Morales,1987-02-27,M,Denmark,Zealand,Investment,2,No,Website,36.8,1,3,682452.64,227484.21333333335,801.46,0.0,0,1,0,13.4334498769942,12.334840518923793,1,2,C1,Global Investors,C1 · Global Investors
C0274,Individual,Raymond,Young,1950-10-01,M,USA,Florida,Home,2,No,Website,73.3,0,3,1343449.34,447816.4466666667,1467.89,0.0,0,0,0,14.110751743198593,13.012140943233453,0,1,C2,First-Time Buyers,C2 · First-Time Buyers
C0275,Individual,William,Thompson,2000-06-26,M,USA,Oregon,Home,1,Yes,Website,23.5,0,4,1237500.3,309375.075,1177.3375,0.25,0,0,1,14.02860482392948,12.64231288704653,0,2,C2,First-Time Buyers,C2 · First-Time Buyers
C0276,Individual,Gloria,Harris,1953-02-16,F,USA,Washington,Home,5,No,Website,70.9,0,3,1011195.98,337065.32666666666,1164.9766666666667,0.0,0,0,0,13.826645315819638,12.72803500500358,1,1,C1,Global Investors,C1 · Global Investors
C0277,Individual,Jordan,Garcia,1954-11-17,M,USA,Colorado,Investment,1,Yes,Agency,69.1,0,3,1123449.53,374483.1766666667,1286.4266666666667,0.0,0,1,1,13.931915337595358,12.833304829155365,1,2,C1,Global Investors,C1 · Global Investors
C0278,Individual,Margaret,Foster,1955-08-03,F,USA,California,Investment,2,Yes,Website,68.4,0,3,1442538.67,480846.2233333333,1685.2766666666666,0.0,0,1,1,14.1819157778528,13.083304875627404,0,1,C2,First-Time Buyers,C2 · First-Time Buyers
C0279,Individual,Heather,Montgomery,1967-05-15,F,USA,Oregon,Home,1,No,Website,56.6,0,3,1012986.25,337662.0833333333,1170.3533333333332,0.0,0,0,0,13.828414196774514,12.729803882462967,1,2,C1,Global Investors,C1 · Global Investors
C0280,Individual,Nathan,Price,1944-04-14,M,USA,Florida,Home,4,No,Client,79.7,0,4,1282020.93,320505.2325,1154.2525,0.25,0,0,0,14.063949022400688,12.677657001331635,0,0,C2,First-Time Buyers,C2 · First-Time Buyers
C0281,Individual,Katherine,Phillips,1977-03-22,F,USA,California,Home,1,Yes,Agency,46.8,0,3,1256275.37,418758.4566666667,1388.4566666666667,0.3333333333333333,0,0,1,14.04366264161399,12.945051944950997,0,1,C2,First-Time Buyers,C2 · First-Time Buyers
C0282,Individual,Emily,Owens,1997-10-18,F,USA,California,Investment,1,No,Website,26.2,0,4,973863.8,243465.95,858.9825,0.25,0,1,0,13.789027763954898,12.402736483340002,1,2,C1,Global Investors,C1 · Global Investors
C0283,Individual,Susan,Edwards,1962-05-12,F,USA,Arizona,Home,2,Yes,Agency,61.6,0,4,1118599.47,279649.8675,922.54,0.25,0,0,1,13.927588881537604,12.541297202336823,1,2,C1,Global Investors,C1 · Global Investors
C0284,Individual,Patrick,Owens,1977-02-25,M,USA,Arizona,Home,4,No,Client,46.8,0,4,1251975.85,312993.9625,994.0725,0.0,0,0,0,14.040234340055896,12.653942375143576,0,0,C2,First-Time Buyers,C2 · First-Time Buyers
C0285,Individual,Billy,Parker,1999-03-09,M,France,Ile-De-France,Investment,3,No,Website,24.8,1,4,1679056.13,419764.0325,1423.1725,0.0,0,1,0,14.333742961686875,12.947450387282437,0,0,C2,First-Time Buyers,C2 · First-Time Buyers
C0286,Individual,Noah,Brooks,1996-03-24,M,UK,Scotland,Home,1,No,Agency,27.8,1,3,859353.0900000001,286451.03,988.6033333333334,0.0,0,0,0,13.66393632790469,12.565326366563228,1,2,C1,Global Investors,C1 · Global Investors
C0287,Individual,Joan,Bell,1990-06-10,F,Australia,New South Wales,Home,5,No,Website,33.6,1,3,1171265.03,390421.6766666667,1205.9633333333334,0.3333333333333333,0,0,0,13.97359579867377,12.874985217558208,0,1,C2,First-Time Buyers,C2 · First-Time Buyers
C0288,Individual,Kevin,Freeman,1997-11-03,M,USA,Colorado,Investment,4,No,Agency,26.2,0,4,1364289.23,341072.3075,1198.3725,0.0,0,1,0,14.126144873343765,12.739852711167059,0,0,C2,First-Time Buyers,C2 · First-Time Buyers
C0289,Individual,Laura,Hayes,1993-06-14,F,USA,California,Investment,5,No,Agency,30.5,0,4,1533862.35,383465.5875,1200.2725,0.25,0,1,0,14.243300176106986,12.857007770830858,0,0,C2,First-Time Buyers,C2 · First-Time Buyers
C0290,Individual,Ryan,Watson,1962-01-01,M,USA,California,Home,2,No,Website,62.0,0,3,1215398.18,405132.7266666666,1337.1733333333334,0.3333333333333333,0,0,0,14.01058312400816,12.911972480888597,0,1,C2,First-Time Buyers,C2 · First-Time Buyers
C0291,Individual,James,Bryant,1953-07-06,M,USA,Nevada,Home,2,No,Agency,70.5,0,3,1322506.76,440835.58666666667,1523.6933333333334,0.0,0,0,0,14.095040310372235,12.996429533981443,0,1,C2,First-Time Buyers,C2 · First-Time Buyers
C0292,Individual,Karen,Watson,1945-12-02,F,USA,California,Home,1,No,Agency,78.1,0,4,1442818.3399999999,360704.58499999996,1084.0625,0.0,0,0,0,14.18210963241295,12.795817350553294,0,0,C2,First-Time Buyers,C2 · First-Time Buyers
C0293,Individual,Ruth,Collins,1993-07-01,F,USA,California,Investment,4,No,Website,30.5,0,4,1580876.65,395219.1625,1299.3274999999999,0.0,0,1,0,14.273490725467738,12.887198262026113,0,0,C2,First-Time Buyers,C2 · First-Time Buyers
C0294,Individual,Nicholas,Reyes,1963-07-17,M,USA,Nevada,Home,3,Yes,Website,60.5,0,4,1027250.91,256812.7275,825.1324999999999,0.25,0,0,1,13.842397746077099,12.456106305366108,1,2,C1,Global Investors,C1 · Global Investors
C0295,Individual,Roger,Harris,1967-09-07,M,Russia,Tatarstan,Home,3,No,Agency,56.3,1,3,1350375.73,450125.24333333335,1413.8666666666668,0.0,0,0,0,14.11589417074408,13.017283363143047,0,1,C2,First-Time Buyers,C2 · First-Time Buyers
C0296,Individual,Mark,Young,1984-04-06,M,Canada,Manitoba,Home,1,Yes,Client,39.7,1,3,1142875.46,380958.48666666663,1238.0233333333333,0.0,0,0,1,13.949058852945951,12.850448314246732,1,1,C1,Global Investors,C1 · Global Investors
C0297,Individual,Julia,Murray,1972-11-19,F,UK,Wales,Investment,5,No,Agency,51.1,1,4,1709184.75,427296.1875,1422.9925,0.0,0,1,0,14.351527645483458,12.965235039583776,0,0,C2,First-Time Buyers,C2 · First-Time Buyers
C0298,Individual,Sarah,Patterson,1972-11-10,F,USA,Oregon,Home,3,No,Website,51.1,0,4,1262479.23,315619.8075,1069.63,0.25,0,0,0,14.048588780603101,12.662296795755223,0,1,C2,First-Time Buyers,C2 · First-Time Buyers
C0299,Individual,Barbara,Davis,1977-05-03,F,UK,Wales,Home,5,No,Agency,46.7,1,4,1177661.76,294415.44,948.7574999999999,0.0,0,0,0,13.979042320373585,12.592750506669034,1,0,C1,Global Investors,C1 · Global Investors
C0300,Individual,Zachary,Peterson,1959-04-11,M,Canada,Alberta,Home,5,Yes,Website,64.7,1,3,844956.55,281652.18333333335,877.9633333333333,0.0,0,0,1,13.647041668391015,12.548431746702919,1,2,C1,Global Investors,C1 · Global Investors
C0301,Individual,Lisa,Alexander,1959-03-02,F,USA,Virginia,Home,4,No,Agency,64.8,0,3,1045776.52,348592.17333333334,1286.4266666666667,0.0,0,0,0,13.860271204999302,12.761660828782025,1,1,C1,Global Investors,C1 · Global Investors
C0302,Individual,Maria,Edwards,1976-07-25,F,USA,Utah,Investment,1,No,Agency,47.4,0,4,1654300.33,413575.0825,1239.145,0.5,0,1,0,14.318889320560208,12.932596772893056,0,0,C2,First-Time Buyers,C2 · First-Time Buyers
C0303,Individual,Betty,Owens,1957-07-10,F,USA,Virginia,Investment,5,Yes,Website,66.5,0,4,1519113.12,379778.28,1242.0825,0.25,0,1,1,14.233637907129845,12.84734552084318,0,0,C2,First-Time Buyers,C2 · First-Time Buyers
C0304,Individual,Patrick,Morris,1959-12-22,M,USA,California,Investment,1,No,Agency,64.0,0,4,1685753.28,421438.32,1333.5625,0.0,0,1,0,14.337723665522866,12.951431084020186,0,0,C2,First-Time Buyers,C2 · First-Time Buyers
C0305,Individual,Emily,Kim,1995-11-22,F,USA,Arizona,Home,1,No,Website,28.1,0,3,1327736.23,442578.74333333335,1493.243333333333,0.3333333333333333,0,0,0,14.098986720463964,13.000375938116871,0,1,C2,First-Time Buyers,C2 · First-Time Buyers
C0306,Individual,Samuel,Foster,1988-04-05,M,USA,California,Home,1,No,Client,35.7,0,4,1399698.79,349924.6975,1075.5049999999999,0.25,0,0,0,14.151768335876577,12.765476118071135,0,0,C2,First-Time Buyers,C2 · First-Time Buyers
C0307,Individual,Samuel,Freeman,1992-10-13,M,USA,California,Home,5,Yes,Client,31.2,0,4,1490170.3800000001,372542.59500000003,1167.105,0.25,0,0,1,14.214401691441562,12.828109343510906,0,0,C2,First-Time Buyers,C2 · First-Time Buyers
C0308,Individual,Catherine,Roberts,1972-10-10,F,Belgium,Flanders,Investment,4,Yes,Agency,51.2,1,3,1176582.54,392194.18,1343.8166666666666,0.0,0,1,1,13.97812549185348,12.879514903020725,0,1,C2,First-Time Buyers,C2 · First-Time Buyers
C0309,Individual,Stephanie,Cox,1957-10-15,F,USA,Washington,Home,4,No,Agency,66.2,0,3,1382649.58,460883.19333333336,1412.2166666666665,0.3333333333333333,0,0,0,14.139512925073102,13.040902082901008,0,1,C2,First-Time Buyers,C2 · First-Time Buyers
C0310,Individual,Edward,Weaver,1992-05-02,M,UK,Northern Ireland,Home,3,No,Website,31.7,1,3,1389329.62,463109.87333333335,1565.3233333333335,0.0,0,0,0,14.144332620770275,13.045721771643288,0,1,C2,First-Time Buyers,C2 · First-Time Buyers
C0311,Individual,Justin,Anderson,1952-03-09,M,USA,Georgia,Home,2,No,Website,71.8,0,4,1632999.56,408249.89,1312.8225,0.25,0,0,0,14.305929714879671,12.919637190867077,0,1,C2,First-Time Buyers,C2 · First-Time Buyers
C0312,Individual,Zachary,Cooper,1941-01-14,M,USA,Nevada,Home,3,Yes,Website,83.0,0,4,1105668.66,276417.165,962.3199999999999,0.0,0,0,1,13.915961736523016,12.529670088687245,1,0,C1,Global Investors,C1 · Global Investors
C0313,Company,Stratos,Co,1974-04-12,M,USA,California,Home,1,No,Agency,49.7,0,3,1091085.9300000002,363695.31000000006,1190.3133333333333,0.3333333333333333,1,0,0,13.90268494083439,12.804074485199115,3,3,C3,Corporate Buyers,C3 · Corporate Buyers
C0314,Individual,Andrew,Jones,1982-08-23,M,USA,Washington,Investment,4,No,Agency,41.4,0,3,1040795.02,346931.67333333334,1138.4233333333334,0.3333333333333333,0,1,0,13.855496382191568,12.756886015127732,1,1,C1,Global Investors,C1 · Global Investors
C0315,Individual,Michael,Phillips,1987-03-18,M,Mexico,Baja California,Investment,5,No,Website,36.8,1,4,1178606.56,294651.64,979.6775,0.25,0,1,0,13.979844265755332,12.593552450008714,1,1,C1,Global Investors,C1 · Global Investors
C0316,Individual,Brandon,Martin,1997-04-14,M,UK,Scotland,Investment,4,Yes,Website,26.7,1,4,1792447.27,448111.8175,1338.8999999999999,0.25,0,1,1,14.399092991904194,13.012800304471371,0,0,C2,First-Time Buyers,C2 · First-Time Buyers
C0317,Individual,Amber,Hansen,1999-11-17,F,USA,California,Investment,2,Yes,Website,24.1,0,3,1248444.31,416148.10333333333,1451.2533333333333,0.0,0,1,1,14.037409583177038,12.938798896500128,0,2,C2,First-Time Buyers,C2 · First-Time Buyers
C0318,Individual,Amy,Peterson,1974-03-22,F,Germany,Berlin,Home,5,No,Website,49.8,1,3,871968.67,290656.2233333333,927.6066666666666,0.0,0,0,0,13.678509920176113,12.579899925163133,1,2,C1,Global Investors,C1 · Global Investors
C0319,Company,Zynex,Co,1995-11-12,F,USA,Texas,Home,5,Yes,Website,28.1,0,4,2061054.65,515263.6625,1726.0575,0.25,1,0,1,14.538728860963667,13.15243595540749,3,3,C3,Corporate Buyers,C3 · Corporate Buyers
C0320,Individual,Tyler,Cox,1984-12-01,M,USA,Texas,Home,3,Yes,Client,39.1,0,3,1317732.09,439244.03,1465.92,0.3333333333333333,0,0,1,14.091423462155511,12.992812691244296,0,1,C2,First-Time Buyers,C2 · First-Time Buyers
C0321,Individual,Jesse,Cook,1992-01-12,M,USA,California,Investment,2,No,Agency,32.0,0,4,1701753.71,425438.4275,1321.76,0.0,0,1,0,14.34717045904546,12.960877860810278,0,0,C2,First-Time Buyers,C2 · First-Time Buyers
C0322,Individual,Deborah,Moore,1996-12-25,F,USA,California,Home,2,Yes,Website,27.0,0,3,1347002.93,449000.9766666666,1445.2933333333333,0.3333333333333333,0,0,1,14.1133933729829,13.01478256909035,0,1,C2,First-Time Buyers,C2 · First-Time Buyers
C0323,Individual,Samantha,Hayes,1975-09-16,F,USA,California,Investment,2,Yes,Website,48.3,0,3,1230825.62,410275.2066666667,1308.5133333333333,0.3333333333333333,0,1,1,14.023196550405432,12.924585886660234,0,1,C2,First-Time Buyers,C2 · First-Time Buyers
C0324,Individual,Raymond,Parker,1993-06-14,M,USA,Washington,Home,4,No,Website,30.5,0,3,1147121.25,382373.75,1313.16,0.3333333333333333,0,0,0,13.952766972820848,12.854156427644556,0,1,C2,First-Time Buyers,C2 · First-Time Buyers
C0325,Individual,Maria,Flores,1983-02-24,F,USA,California,Home,5,Yes,Agency,40.9,0,4,1205175.56,301293.89,1030.1225,0.5,0,0,1,14.002136636995049,12.615844765133883,0,0,C2,First-Time Buyers,C2 · First-Time Buyers
C0326,Individual,Daniel,Reed,1958-05-10,M,USA,Oregon,Investment,4,Yes,Agency,65.6,0,4,1321975.5,330493.875,1028.1275,0.0,0,1,1,14.094638523138949,12.70834643134578,0,0,C2,First-Time Buyers,C2 · First-Time Buyers
C0327,Individual,Elizabeth,Ward,1961-07-09,F,UK,Scotland,Home,1,No,Agency,62.5,1,4,1116366.72,279091.68,933.355,0.0,0,0,0,13.925590865858666,12.539299192021751,1,2,C1,Global Investors,C1 · Global Investors
C0328,Individual,William,Young,1946-10-22,M,USA,California,Home,1,Yes,Client,77.2,0,4,1356560.31,339140.0775,1030.21,0.0,0,0,1,14.120463607258435,12.73417145761005,0,0,C2,First-Time Buyers,C2 · First-Time Buyers
C0329,Individual,Diane,Morales,1998-10-05,F,Germany,Hesse,Home,3,No,Agency,25.2,1,3,770062.4,256687.46666666667,922.6666666666666,0.0,0,0,0,13.554228128102645,12.455618436619913,1,2,C1,Global Investors,C1 · Global Investors
C0330,Individual,Christian,Richardson,1975-06-21,M,USA,California,Home,1,No,Website,48.5,0,4,1331463.63,332865.9075,1146.9925,0.0,0,0,0,14.101790119857759,12.715498011893192,0,0,C2,First-Time Buyers,C2 · First-Time Buyers
C0331,Individual,Ann,Martin,1984-05-23,F,USA,California,Investment,3,No,Agency,39.6,0,4,1546334.4,386583.6,1259.95,0.25,0,1,0,14.251398431559812,12.865106010508738,0,0,C2,First-Time Buyers,C2 · First-Time Buyers
C0332,Individual,Christopher,Price,1989-12-15,M,USA,Texas,Investment,3,No,Website,34.0,0,3,1209987.46,403329.1533333333,1435.6633333333332,0.3333333333333333,0,1,0,14.006121380337362,12.907510744576213,0,1,C2,First-Time Buyers,C2 · First-Time Buyers
C0333,Individual,Helen,Hall,1955-12-23,F,UK,Wales,Home,3,No,Website,68.0,1,3,1118960.06,372986.6866666667,1203.39,0.3333333333333333,0,0,0,13.927911187760952,12.829300686463542,1,1,C1,Global Investors,C1 · Global Investors
C0334,Individual,Andrew,Roberts,1950-08-01,M,USA,Arizona,Investment,3,No,Agency,73.4,0,4,1445655.93,361413.9825,1047.99,0.5,0,1,0,14.184074399056387,12.797782113115487,0,1,C2,First-Time Buyers,C2 · First-Time Buyers
C0335,Individual,Charles,Morris,1975-12-24,M,USA,Arizona,Home,4,No,Website,48.0,0,4,1478341.12,369585.28,1190.4075,0.5,0,0,0,14.206431828670258,12.820139496848535,0,1,C2,First-Time Buyers,C2 · First-Time Buyers
C0336,Individual,Karen,Price,1971-11-17,F,USA,California,Investment,5,No,Agency,52.1,0,3,1163690.5899999999,387896.8633333333,1226.8766666666668,0.0,0,1,0,13.967107915121527,12.868497345120373,0,1,C2,First-Time Buyers,C2 · First-Time Buyers
C0337,Individual,Nathan,Alexander,1942-01-27,M,USA,Arizona,Home,3,Yes,Website,81.9,0,3,759310.2,253103.4,893.3766666666667,0.0,0,0,1,13.540166985520564,12.441557330815138,1,2,C1,Global Investors,C1 · Global Investors
C0338,Individual,Patrick,Flores,1943-05-28,M,USA,California,Home,5,Yes,Website,80.6,0,4,1488671.1300000001,372167.78250000003,1227.17,0.5,0,0,1,14.213395092658136,12.82710274675497,0,1,C2,First-Time Buyers,C2 · First-Time Buyers
C0339,Individual,Keith,King,1963-10-05,M,USA,Utah,Investment,5,No,Agency,60.2,0,4,1548824.23,387206.0575,1170.135,0.0,0,1,0,14.25300728540276,12.866714861232913,0,0,C2,First-Time Buyers,C2 · First-Time Buyers
C0340,Individual,Daniel,Garcia,1940-11-25,M,USA,California,Investment,2,No,Agency,83.1,0,3,1047500.4199999999,349166.80666666664,1263.5766666666666,0.0,0,1,0,13.861918286386103,12.763307907021458,1,2,C1,Global Investors,C1 · Global Investors
C0341,Individual,Carl,Chavez,1982-11-10,M,USA,California,Investment,4,No,Agency,41.1,0,4,1679555.42,419888.855,1293.0725,0.0,0,1,0,14.33404028080159,12.947747705866007,0,0,C2,First-Time Buyers,C2 · First-Time Buyers
C0342,Individual,Kevin,Hughes,1974-08-15,M,USA,California,Investment,2,No,Client,49.4,0,3,1290567.3900000001,430189.13000000006,1286.43,0.0,0,1,0,14.070593291699815,12.971982552735282,0,1,C2,First-Time Buyers,C2 · First-Time Buyers
C0343,Individual,Joyce,Thompson,1952-06-17,F,USA,California,Home,2,No,Website,71.5,0,4,1630923.97,407730.9925,1374.585,0.0,0,0,0,14.304657878092522,12.918365356417914,0,0,C2,First-Time Buyers,C2 · First-Time Buyers
C0344,Individual,Joshua,Jackson,1997-05-13,M,Canada,British Columbia,Home,2,Yes,Website,26.6,1,4,1276344.68,319086.17,1059.9375,0.0,0,0,1,14.059511615288539,12.673219604626304,0,0,C2,First-Time Buyers,C2 · First-Time Buyers
C0345,Individual,Stephanie,Hall,1969-09-15,F,USA,New York,Home,4,Yes,Website,54.3,0,3,1339687.25,446562.4166666667,1510.3766666666668,0.3333333333333333,0,0,1,14.107947495606327,13.009336699821734,0,1,C2,First-Time Buyers,C2 · First-Time Buyers
C0346,Individual,Amy,Nelson,1963-06-02,F,USA,California,Home,5,No,Agency,60.6,0,3,1174812.8599999999,391604.2866666666,1271.67,0.0,0,0,0,13.976620275989818,12.878009689717608,0,1,C2,First-Time Buyers,C2 · First-Time Buyers
C0347,Individual,Mark,Reyes,1992-05-24,M,USA,Washington,Home,3,Yes,Website,31.6,0,3,1378006.45,459335.48333333334,1471.6200000000001,0.6666666666666666,0,0,1,14.136149136927193,13.037538299628993,0,1,C2,First-Time Buyers,C2 · First-Time Buyers
C0348,Individual,Jack,Pierce,1982-02-13,M,USA,Colorado,Investment,5,Yes,Agency,41.9,0,4,1482633.92,370658.48,1246.7075,0.0,0,1,1,14.209331414144705,12.823039076447387,0,0,C2,First-Time Buyers,C2 · First-Time Buyers
C0349,Individual,Paul,Jackson,1975-06-26,M,USA,Arizona,Home,2,Yes,Agency,48.5,0,3,1065745.84,355248.61333333334,1124.5,0.3333333333333333,0,0,1,13.879186369574972,12.78057595752338,1,1,C1,Global Investors,C1 · Global Investors
C0350,Individual,Richard,Jones,1992-12-11,M,USA,Arizona,Home,2,No,Agency,31.1,0,3,1066408.3,355469.43333333335,1206.2733333333333,0.3333333333333333,0,0,0,13.879807768738841,12.781197355521485,1,1,C1,Global Investors,C1 · Global Investors
C0351,Individual,Michelle,Watson,1961-12-27,F,USA,Oregon,Home,5,No,Agency,62.0,0,4,1551113.76,387778.44,1260.0625,0.25,0,0,0,14.254484430395044,12.868192003366154,0,0,C2,First-Time Buyers,C2 · First-Time Buyers
C0352,Individual,Judith,Williams,1977-06-22,F,USA,Nevada,Investment,3,No,Agency,46.5,0,3,1339830.04,446610.01333333337,1447.82,0.0,0,1,0,14.1080540744249,13.009443278481207,0,1,C2,First-Time Buyers,C2 · First-Time Buyers
C0353,Individual,Anna,Murray,1964-04-24,F,USA,Arizona,Home,2,No,Agency,59.7,0,3,889855.16,296618.38666666666,980.8699999999999,0.0,0,0,0,13.698815110669202,12.600205069552823,1,2,C1,Global Investors,C1 · Global Investors
C0354,Individual,Kimberly,Turner,1998-10-23,F,USA,California,Home,4,No,Website,25.2,0,3,962196.6000000001,320732.2,1059.1499999999999,0.3333333333333333,0,0,0,13.776975113960447,12.678364903865306,1,1,C1,Global Investors,C1 · Global Investors
C0355,Individual,Henry,Alexander,1951-10-16,M,Mexico,Baja California,Investment,1,No,Website,72.2,1,3,1029593.97,343197.99,1273.45,0.0,0,1,0,13.844676049859736,12.746065703701172,1,2,C1,Global Investors,C1 · Global Investors
C0356,Individual,Andrea,Kim,1976-06-06,F,USA,Georgia,Home,3,No,Website,47.6,0,4,964351.9,241087.975,816.16,0.0,0,0,0,13.779212585440348,12.39292133520998,1,2,C1,Global Investors,C1 · Global Investors
C0357,Individual,Danielle,Griffin,1988-04-09,F,USA,California,Home,3,No,Website,35.7,0,3,970629.22,323543.0733333333,1059.3466666666666,0.3333333333333333,0,0,0,13.785700850848734,12.68709062269543,1,1,C1,Global Investors,C1 · Global Investors
C0358,Individual,Katherine,Griffin,1978-09-26,F,Australia,New South Wales,Home,3,Yes,Agency,45.3,1,3,1150919.74,383639.91333333333,1240.6066666666666,0.3333333333333333,0,0,1,13.956072823473681,12.857462272543186,0,1,C2,First-Time Buyers,C2 · First-Time Buyers
C0359,Individual,Julie,Cooper,1951-03-10,F,USA,California,Investment,1,No,Agency,72.8,0,3,1098189.8900000001,366063.2966666667,1308.5133333333333,0.0,0,1,0,13.909174738400042,12.810564270907282,1,2,C1,Global Investors,C1 · Global Investors
C0360,Individual,Laura,Baker,1948-09-09,F,USA,Utah,Home,2,Yes,Agency,75.3,0,4,1978026.48,494506.62,1676.3825,0.0,0,0,1,14.497610683889322,13.111317839430729,0,0,C2,First-Time Buyers,C2 · First-Time Buyers
C0361,Individual,Nicholas,Miller,1958-09-08,M,UK,England,Home,1,Yes,Website,65.3,1,4,1468372.25,367093.0625,1222.5974999999999,0.25,0,0,1,14.199665713331827,12.813373395287112,0,0,C2,First-Time Buyers,C2 · First-Time Buyers
C0362,Individual,Betty,Moore,2000-09-06,F,USA,Utah,Home,4,No,Website,23.3,0,3,1129669.4,376556.4666666666,1162.6166666666666,0.0,0,0,0,13.937436466725297,12.838825948483525,0,1,C2,First-Time Buyers,C2 · First-Time Buyers
C0363,Individual,Christine,Edwards,1959-01-25,F,USA,Utah,Investment,2,No,Client,64.9,0,4,1232301.44,308075.36,929.6975,0.25,0,1,0,14.024394879961584,12.638102953306033,0,0,C2,First-Time Buyers,C2 · First-Time Buyers
C0364,Individual,George,Gray,1944-03-02,M,USA,Texas,Home,2,No,Website,79.8,0,4,1492505.18,373126.295,1261.78,0.5,0,0,0,14.215967264943838,12.829674913863856,0,1,C2,First-Time Buyers,C2 · First-Time Buyers
C0365,Individual,Brandon,Morales,1962-02-11,M,USA,Colorado,Investment,5,No,Agency,61.9,0,3,951259.9,317086.63333333336,1164.9766666666667,0.0,0,1,0,13.765543646699479,12.666933460501783,1,2,C1,Global Investors,C1 · Global Investors
C0366,Individual,Keith,Long,1983-04-26,M,USA,California,Home,4,No,Website,40.7,0,3,1420135.32,473378.44,1452.2633333333333,0.6666666666666666,0,0,0,14.166263424969738,13.067652544616143,0,1,C2,First-Time Buyers,C2 · First-Time Buyers
C0367,Individual,Samuel,Collins,1964-11-25,M,USA,California,Investment,4,No,Agency,59.1,0,4,1662617.88,415654.47,1269.065,0.5,0,1,0,14.323904555722576,12.93761199898331,0,0,C2,First-Time Buyers,C2 · First-Time Buyers
C0368,Individual,Betty,Scott,1992-08-11,F,USA,California,Home,4,Yes,Agency,31.4,0,4,1494552.45,373638.1125,1136.215,0.25,0,0,1,14.217338024536318,12.831045670702945,0,0,C2,First-Time Buyers,C2 · First-Time Buyers
C0369,Individual,Helen,Murray,1954-10-01,F,USA,Utah,Home,2,Yes,Agency,69.3,0,4,1586439.08,396609.77,1333.5625,0.0,0,0,1,14.277003120618954,12.890710650523628,0,0,C2,First-Time Buyers,C2 · First-Time Buyers
C0370,Individual,Michelle,Brooks,1957-09-23,F,Russia,Krasnodar Krai,Home,1,No,Website,66.3,1,4,1613633.3900000001,403408.34750000003,1334.8775,0.0,0,0,0,14.29399957798799,12.907707076023573,0,0,C2,First-Time Buyers,C2 · First-Time Buyers
C0371,Individual,Ryan,Moore,1970-03-15,M,Belgium,Wallonia,Investment,3,No,Agency,53.8,1,3,827208.61,275736.2033333333,842.68,0.3333333333333333,0,1,0,13.625813400173655,12.527203529269505,1,1,C1,Global Investors,C1 · Global Investors
C0372,Individual,Teresa,Nelson,1952-04-22,F,Belgium,Flanders,Investment,1,No,Agency,71.7,1,3,1280128.06,426709.35333333333,1361.7433333333333,0.0,0,1,0,14.062471458937987,12.963860732611128,0,1,C2,First-Time Buyers,C2 · First-Time Buyers
C0373,Individual,Karen,Morales,1993-01-27,F,USA,Georgia,Home,2,No,Agency,30.9,0,3,1047277.1799999999,349092.3933333333,1160.5133333333333,0.3333333333333333,0,0,0,13.861705147017316,12.763094768059663,1,1,C1,Global Investors,C1 · Global Investors
C0374,Individual,Madison,Hughes,1993-11-07,F,Australia,New South Wales,Investment,4,Yes,Agency,30.1,1,4,916825.86,229206.465,735.11,0.25,0,1,1,13.728673922070167,12.342382833100364,1,2,C1,Global Investors,C1 · Global Investors
C0375,Individual,Kyle,Thompson,1968-07-15,M,USA,California,Investment,4,No,Website,55.5,0,3,1178580.6400000001,392860.2133333334,1224.68,0.3333333333333333,0,1,0,13.97982227346044,12.881211681745885,0,1,C2,First-Time Buyers,C2 · First-Time Buyers
C0376,Individual,Shirley,Smith,1953-04-19,F,USA,California,Home,3,No,Website,70.7,0,3,1182808.29,394269.43,1361.7433333333333,0.3333333333333333,0,0,0,13.98340292117378,12.884792323393903,0,1,C2,First-Time Buyers,C2 · First-Time Buyers
C0377,Individual,Charles,Patterson,1998-05-14,M,USA,Washington,Home,4,No,Website,25.6,0,3,822780.32,274260.10666666663,904.0466666666667,0.3333333333333333,0,0,0,13.62044573353774,12.521835875646216,1,1,C1,Global Investors,C1 · Global Investors
C0378,Individual,Heather,Anderson,1957-11-28,F,USA,California,Investment,3,Yes,Website,66.1,0,3,812387.51,270795.83666666667,983.4266666666667,0.0,0,1,1,13.607733965309176,12.509124138514313,1,2,C1,Global Investors,C1 · Global Investors
C0379,Company,Optima,Co,1977-04-22,M,USA,California,Investment,2,Yes,Client,46.7,0,4,1254919.3599999999,313729.83999999997,1115.505,0.25,1,1,1,14.042582670367135,12.656290699834337,3,3,C3,Corporate Buyers,C3 · Corporate Buyers
C0380,Individual,Evelyn,Chavez,1973-09-13,F,USA,California,Home,3,Yes,Website,50.3,0,3,939708.87,313236.29,1175.45,0.3333333333333333,0,0,1,13.75332645766813,12.654716297314232,1,1,C1,Global Investors,C1 · Global Investors
C0381,Individual,David,Gray,1961-01-08,M,USA,California,Home,5,Yes,Agency,63.0,0,3,878913.19,292971.0633333333,1188.2333333333333,0.0,0,0,1,13.686442549603882,12.58783253646818,1,2,C1,Global Investors,C1 · Global Investors
C0382,Individual,Nicholas,Garcia,1975-08-08,M,USA,California,Investment,1,Yes,Agency,48.4,0,3,980139.25,326713.0833333333,980.8699999999999,0.3333333333333333,0,1,1,13.795450952652072,12.696840704506183,1,1,C1,Global Investors,C1 · Global Investors
C0383,Company,Novex,Co,1985-11-09,F,Mexico,Mexico City,Investment,3,No,Agency,38.1,1,4,968070.64,242017.66,809.6575,0.0,1,1,0,13.7830613717847,12.396770109604214,3,3,C3,Corporate Buyers,C3 · Corporate Buyers
C0384,Individual,Amy,Stewart,1944-03-22,F,USA,California,Home,3,Yes,Website,79.8,0,3,1010761.74,336920.58,1049.3799999999999,0.0,0,0,1,13.82621579192519,12.727605481958848,1,2,C1,Global Investors,C1 · Global Investors
C0385,Individual,Douglas,Owens,1969-01-12,M,UK,Northern Ireland,Investment,4,No,Website,55.0,1,3,1289646.4100000001,429882.1366666667,1277.2733333333333,0.0,0,1,0,14.069879413396215,12.971268675538376,0,1,C2,First-Time Buyers,C2 · First-Time Buyers
C0386,Individual,Carol,Stewart,1976-03-25,F,USA,Colorado,Home,2,No,Client,47.8,0,3,1633972.21,544657.4033333333,1445.08,0.6666666666666666,0,0,0,14.306525158918843,13.20791409426026,0,1,C2,First-Time Buyers,C2 · First-Time Buyers
C0387,Individual,Jessica,Owens,1974-07-18,F,USA,California,Home,2,Yes,Website,49.5,0,4,1992983.55,498245.8875,1555.2975000000001,0.0,0,0,1,14.50514384703242,13.118850991191506,0,0,C2,First-Time Buyers,C2 · First-Time Buyers
C0388,Individual,Zachary,Cox,1995-09-24,M,USA,California,Home,4,No,Agency,28.3,0,3,961894.92,320631.64,975.9433333333333,0.3333333333333333,0,0,0,13.776661532526555,12.678051323083317,1,1,C1,Global Investors,C1 · Global Investors
C0389,Individual,Ronald,Stone,1954-11-18,M,USA,Colorado,Home,3,No,Website,69.1,0,4,1261549.0899999999,315387.27249999996,1119.0900000000001,0.5,0,0,0,14.047851752973335,12.661559769877476,0,1,C2,First-Time Buyers,C2 · First-Time Buyers
C0390,Individual,Steven,Griffin,1942-04-23,M,Canada,Quebec,Investment,2,No,Website,81.7,1,4,1678762.0699999998,419690.51749999996,1295.2649999999999,0.25,0,1,0,14.333567812344006,12.947275238252537,0,0,C2,First-Time Buyers,C2 · First-Time Buyers
C0391,Individual,Heather,Long,1966-11-12,F,USA,California,Home,5,No,Agency,57.1,0,3,1035012.9099999999,345004.3033333333,1064.4166666666667,0.0,0,0,0,13.849925424204821,12.751315067876025,1,1,C1,Global Investors,C1 · Global Investors
C0392,Individual,Katherine,Adams,1977-06-14,F,USA,Arizona,Home,2,Yes,Website,46.5,0,4,1015830.03,253957.5075,922.6600000000001,0.0,0,0,1,13.831217584234562,12.444926176357368,1,2,C1,Global Investors,C1 · Global Investors
C0393,Individual,Nicole,Allen,1988-06-08,F,USA,Arizona,Home,4,No,Agency,35.6,0,4,1616556.78,404139.195,1298.145,0.25,0,0,0,14.29580961939995,12.909517114073433,0,0,C2,First-Time Buyers,C2 · First-Time Buyers
C0394,Individual,Shirley,Foster,1954-11-24,F,USA,Colorado,Home,3,Yes,Website,69.1,0,4,1258840.0,314710.0,1041.8025,0.25,0,0,1,14.045702014344231,12.659410036365996,0,1,C2,First-Time Buyers,C2 · First-Time Buyers
C0395,Individual,Deborah,Chavez,1959-01-17,F,USA,Florida,Home,1,No,Website,65.0,0,3,1153134.48,384378.16,1303.4733333333334,0.3333333333333333,0,0,0,13.957995294516614,12.859384740248581,0,1,C2,First-Time Buyers,C2 · First-Time Buyers
C0396,Individual,Charles,Allen,2000-04-17,M,USA,Nevada,Home,5,No,Agency,23.7,0,4,1181447.25,295361.8125,896.2524999999999,0.0,0,0,0,13.982251574395926,12.595959752529186,0,0,C2,First-Time Buyers,C2 · First-Time Buyers
C0397,Individual,Hannah,Williams,2000-09-18,F,USA,California,Home,5,No,Website,23.3,0,3,793543.27,264514.42333333334,862.11,0.0,0,0,0,13.584264608192605,12.485654839859597,1,2,C1,Global Investors,C1 · Global Investors
C0398,Individual,Jennifer,Alexander,1948-12-22,F,USA,Texas,Home,1,Yes,Agency,75.0,0,4,1186693.85,296673.4625,935.765,0.25,0,0,1,13.986682563878077,12.600390730784838,1,2,C1,Global Investors,C1 · Global Investors
C0399,Individual,Albert,Kim,1984-06-09,M,USA,California,Home,4,No,Agency,39.6,0,4,1229057.49,307264.3725,1093.05,0.25,0,0,0,14.021758978953565,12.635467058723481,0,0,C2,First-Time Buyers,C2 · First-Time Buyers
C0400,Individual,Brandon,Anderson,1959-11-25,M,USA,California,Home,4,No,Agency,64.1,0,4,1360152.99,340038.2475,1239.145,0.0,0,0,0,14.123108479243612,12.736816323753903,0,0,C2,First-Time Buyers,C2 · First-Time Buyers
C0401,Individual,Brian,Anderson,1969-07-21,M,USA,Arizona,Home,5,Yes,Website,54.4,0,4,1020913.0700000001,255228.26750000002,853.07,0.0,0,0,1,13.836208931019232,12.449917508438128,1,2,C1,Global Investors,C1 · Global Investors
C0402,Individual,Brenda,Garcia,1941-02-22,F,USA,Georgia,Home,5,No,Website,82.9,0,3,1054166.95,351388.98333333334,1102.8633333333335,0.0,0,0,0,13.868262340740367,12.769651949301348,1,1,C1,Global Investors,C1 · Global Investors
C0403,Individual,Jennifer,Adams,1963-03-25,F,Australia,New South Wales,Home,1,No,Website,60.8,1,3,878792.98,292930.99333333335,1060.9733333333334,0.3333333333333333,0,0,0,13.686305769218787,12.587695756394357,1,1,C1,Global Investors,C1 · Global Investors
C0404,Individual,Sara,Cook,1976-12-05,F,France,Normandy,Investment,1,No,Client,47.1,1,3,731788.96,243929.65333333332,753.3133333333334,0.0,0,1,0,13.503248811877612,12.404639256230418,1,2,C1,Global Investors,C1 · Global Investors
C0405,Company,Horizon,Co,1969-12-25,M,USA,Colorado,Home,1,No,Agency,54.0,0,4,1310963.25,327740.8125,1140.38,0.0,1,0,0,14.086273493113916,12.699981420383331,3,3,C3,Corporate Buyers,C3 · Corporate Buyers
C0406,Individual,Christine,Brown,1960-05-26,F,USA,Colorado,Home,3,No,Website,63.6,0,4,1317165.12,329291.28,1090.1925,0.25,0,0,0,14.090993107926705,12.704701024421261,0,1,C2,First-Time Buyers,C2 · First-Time Buyers
C0407,Individual,Lisa,Freeman,1982-04-23,F,USA,California,Home,2,No,Client,41.7,0,4,1254494.91,313623.7275,1045.8025,0.0,0,0,0,14.042244384520247,12.655952414796285,0,0,C2,First-Time Buyers,C2 · First-Time Buyers
C0408,Individual,Tyler,Rogers,1977-02-03,M,USA,California,Home,3,No,Website,46.9,0,3,1320497.01,440165.67,1413.0600000000002,0.0,0,0,0,14.093519503713265,12.994908729624104,0,1,C2,First-Time Buyers,C2 · First-Time Buyers
C0409,Individual,Timothy,Reyes,1972-09-18,M,USA,Nevada,Home,1,Yes,Website,51.3,0,4,1816669.2,454167.3,1449.3775,0.5,0,0,1,14.412515822923554,13.026223113175234,0,0,C2,First-Time Buyers,C2 · First-Time Buyers
C0410,Individual,Diane,Johnson,1982-07-13,F,Russia,Saint Petersburg,Home,5,Yes,Agency,41.5,1,3,1021706.02,340568.67333333334,1189.1899999999998,0.0,0,0,1,13.83698533545735,12.738375004295651,1,2,C1,Global Investors,C1 · Global Investors
C0411,Individual,Amanda,Moore,1983-05-09,F,USA,California,Home,2,No,Website,40.6,0,3,896987.21,298995.73666666663,883.7466666666668,0.6666666666666666,0,0,0,13.706797997141843,12.608187938154957,1,1,C1,Global Investors,C1 · Global Investors
C0412,Individual,Karen,Richardson,1984-04-24,F,UK,Scotland,Home,5,No,Website,39.7,1,3,1100376.25,366792.0833333333,1260.8366666666668,0.0,0,0,0,13.911163633518585,12.812553162407303,1,1,C1,Global Investors,C1 · Global Investors
C0413,Individual,Brandon,Smith,1940-07-11,M,Canada,British Columbia,Home,3,No,Website,83.5,1,4,1769126.22,442281.555,1431.4575,0.0,0,0,0,14.38599688689298,12.999704221523075,0,0,C2,First-Time Buyers,C2 · First-Time Buyers
C0414,Individual,Brandon,Reed,1962-12-07,M,USA,California,Home,4,No,Website,61.1,0,4,1412148.94,353037.235,1144.74,0.25,0,0,0,14.160623881199287,12.77433164449744,0,1,C2,First-Time Buyers,C2 · First-Time Buyers
C0415,Individual,Grace,Turner,1980-07-09,F,USA,Nevada,Home,5,Yes,Agency,43.5,0,4,1305928.3499999999,326482.08749999997,1093.05,0.0,0,0,1,14.082425490877451,12.696133426969546,0,0,C2,First-Time Buyers,C2 · First-Time Buyers
C0416,Company,Bravada,Co,1981-07-28,M,Germany,North Rhine-Westphalia,Investment,5,Yes,Client,42.4,1,3,1059532.51,353177.50333333336,1260.8366666666668,0.0,1,1,1,13.873339284316806,12.774728883270082,3,3,C3,Corporate Buyers,C3 · Corporate Buyers
C0417,Individual,Peter,Collins,1947-12-03,M,USA,Utah,Home,2,No,Website,76.1,0,3,1354773.96,451591.32,1471.8999999999999,0.0,0,0,0,14.11914591732212,13.02053510491286,0,1,C2,First-Time Buyers,C2 · First-Time Buyers
C0418,Individual,Douglas,Howard,1996-08-20,M,USA,Arizona,Home,5,No,Agency,27.4,0,4,1629486.83,407371.7075,1276.8225,0.0,0,0,0,14.30377630868323,12.917483788630932,0,0,C2,First-Time Buyers,C2 · First-Time Buyers
C0419,Individual,Jack,Hansen,1962-11-03,M,USA,Washington,Home,3,Yes,Agency,61.2,0,4,1174012.19,293503.0475,990.4475,0.25,0,0,1,13.975938514400763,12.589646708615167,1,2,C1,Global Investors,C1 · Global Investors
C0420,Individual,Debra,Reyes,1994-01-04,F,USA,California,Home,5,No,Agency,30.0,0,3,1260096.1600000001,420032.0533333334,1330.2166666666667,0.3333333333333333,0,0,0,14.046699387065862,12.948088685575692,0,1,C2,First-Time Buyers,C2 · First-Time Buyers
C0421,Individual,Zachary,Cox,1975-08-25,M,Germany,Hesse,Investment,5,Yes,Website,48.4,1,4,1495763.3699999999,373940.84249999997,1203.905,0.0,0,1,1,14.218147918426586,12.831855562968185,0,0,C2,First-Time Buyers,C2 · First-Time Buyers
C0422,Company,Telnox,Co,1973-11-13,F,USA,California,Home,1,Yes,Client,50.1,0,4,1653171.62,413292.905,1428.5749999999998,0.0,1,0,1,14.318206799663065,12.931914253234055,3,3,C3,Corporate Buyers,C3 · Corporate Buyers
C0423,Individual,Rachel,Sanders,1950-04-17,F,USA,California,Home,1,No,Client,73.7,0,3,1068716.19,356238.73,1195.1966666666667,0.3333333333333333,0,0,0,13.881969599346666,12.783359182079286,1,1,C1,Global Investors,C1 · Global Investors
C0424,Individual,Sarah,Stewart,1998-12-04,F,USA,Florida,Home,1,No,Website,25.1,0,3,1034036.3,344678.76666666666,1107.81,0.0,0,0,0,13.848981406900846,12.75037105239707,1,1,C1,Global Investors,C1 · Global Investors
C0425,Individual,Gerald,Wright,1965-03-11,M,USA,Nevada,Home,2,No,Agency,58.8,0,3,1256932.48,418977.49333333335,1452.2633333333333,0.0,0,0,0,14.04418556652213,12.945574869026856,0,1,C2,First-Time Buyers,C2 · First-Time Buyers
C0426,Individual,Julie,Brown,1953-10-07,F,USA,Oregon,Home,4,Yes,Client,70.2,0,3,890250.61,296750.2033333333,874.19,0.0,0,0,1,13.699259409619152,12.600649367504412,1,2,C1,Global Investors,C1 · Global Investors
C0427,Individual,Sarah,Peterson,1994-09-06,F,USA,California,Home,4,Yes,Website,29.3,0,4,1457016.31,364254.0775,1216.595,0.0,0,0,1,14.191901965683295,12.805609663562217,0,0,C2,First-Time Buyers,C2 · First-Time Buyers
C0428,Individual,Gloria,Rogers,1962-07-20,F,USA,Oregon,Home,3,No,Agency,61.5,0,4,984451.32,246112.83,838.2925,0.0,0,0,0,13.799840745213045,12.413549431468194,1,2,C1,Global Investors,C1 · Global Investors
C0429,Individual,Danielle,Stone,1995-11-05,F,USA,California,Home,3,Yes,Website,28.2,0,4,1503904.1600000001,375976.04000000004,1374.585,0.25,0,0,1,14.223575722993013,12.837283356677773,0,0,C2,First-Time Buyers,C2 · First-Time Buyers
C0430,Individual,Roger,Wood,1974-10-05,M,USA,Nevada,Home,2,No,Agency,49.2,0,3,931141.96,310380.6533333333,1033.1033333333332,0.3333333333333333,0,0,0,13.744168099787657,12.64555795901513,1,1,C1,Global Investors,C1 · Global Investors
C0431,Individual,Austin,King,1969-05-05,M,USA,California,Home,5,Yes,Website,54.7,0,4,1544751.33,386187.8325,1246.6175,0.0,0,0,1,14.25037415125677,12.864081732193887,0,0,C2,First-Time Buyers,C2 · First-Time Buyers
C0432,Company,Grandis,Co,1995-02-17,M,USA,California,Home,5,No,Agency,28.9,0,4,1277850.15,319462.5375,1025.1499999999999,0.0,1,0,0,14.060690436087825,12.674398422656456,3,3,C3,Corporate Buyers,C3 · Corporate Buyers
C0433,Individual,Ruth,Hughes,1969-03-03,F,USA,California,Investment,2,Yes,Website,54.8,0,4,1937061.37,484265.3425,1591.4724999999999,0.0,0,1,1,14.47668314114798,13.090390328763807,0,0,C2,First-Time Buyers,C2 · First-Time Buyers
C0434,Individual,Amanda,Sanders,1964-12-25,F,Russia,Tatarstan,Home,5,No,Website,59.0,1,3,1364889.24,454963.08,1445.5566666666666,0.0,0,0,0,14.126584573111709,13.027973749761818,0,1,C2,First-Time Buyers,C2 · First-Time Buyers
C0435,Individual,Sara,Richardson,1966-01-25,F,Australia,New South Wales,Home,5,Yes,Website,57.9,1,3,908970.34,302990.11333333334,1077.3233333333335,0.0,0,0,1,13.720068843509646,12.621458755128511,1,2,C1,Global Investors,C1 · Global Investors
C0436,Individual,Brandon,Jones,1972-05-12,M,USA,Colorado,Home,2,Yes,Client,51.6,0,4,1327594.64,331898.66,1064.2625,0.0,0,0,1,14.09888007470084,12.7125879733026,0,0,C2,First-Time Buyers,C2 · First-Time Buyers
C0437,Individual,Danielle,James,1990-10-05,F,USA,Texas,Home,1,No,Website,33.2,0,3,657032.8200000001,219010.94000000003,801.46,0.0,0,0,0,13.395490772549797,12.296881527860393,1,2,C1,Global Investors,C1 · Global Investors
C0438,Individual,Gregory,Collins,1982-10-09,M,USA,Georgia,Investment,1,Yes,Client,41.2,0,4,1458641.1,364660.275,1261.78,0.0,0,1,1,14.193016492409303,12.806724187994696,0,0,C2,First-Time Buyers,C2 · First-Time Buyers
C0439,Individual,Larry,Thompson,1956-03-08,M,USA,Virginia,Home,2,No,Agency,67.8,0,3,1273328.62,424442.87333333335,1422.97,0.3333333333333333,0,0,0,14.057145775680029,12.958535057695896,0,1,C2,First-Time Buyers,C2 · First-Time Buyers
C0440,Individual,Lawrence,Parker,1960-07-13,M,USA,California,Investment,1,No,Agency,63.5,0,3,703498.83,234499.61,845.8633333333333,0.0,0,1,0,13.463822913887654,12.365213468144406,1,2,C1,Global Investors,C1 · Global Investors
C0441,Individual,Joan,Foster,1980-10-01,F,Russia,Krasnodar Krai,Investment,1,No,Agency,43.2,1,4,1525849.55,381462.3875,1239.2649999999999,0.25,0,1,0,14.238062550250701,12.851770155245415,0,0,C2,First-Time Buyers,C2 · First-Time Buyers
C0442,Individual,Sarah,Hansen,1975-04-14,F,USA,Colorado,Home,3,Yes,Website,48.7,0,4,1707466.97,426866.7425,1489.73,0.0,0,0,1,14.3505221118324,12.964229507698537,0,0,C2,First-Time Buyers,C2 · First-Time Buyers
C0443,Individual,Noah,Foster,1950-06-22,M,Denmark,Capital Region,Home,1,Yes,Agency,73.5,1,3,1355839.1,451946.3666666667,1527.8633333333335,0.0,0,0,1,14.119931820175344,13.021321006606344,0,1,C2,First-Time Buyers,C2 · First-Time Buyers
C0444,Individual,Jennifer,Martin,1941-03-15,F,USA,California,Home,2,No,Website,82.8,0,4,1054514.54,263628.635,943.97,0.25,0,0,0,13.868592015634485,12.482300499418837,1,1,C1,Global Investors,C1 · Global Investors
C0445,Individual,Michelle,Evans,1995-11-12,F,USA,California,Home,2,Yes,Website,28.1,0,4,1425691.63,356422.9075,1101.9875,0.25,0,0,1,14.170168309738216,12.78387605285649,0,0,C2,First-Time Buyers,C2 · First-Time Buyers
C0446,Individual,Douglas,Thomas,1955-02-01,M,USA,Colorado,Home,2,No,Website,68.9,0,3,1024655.04,341551.68,1258.6899999999998,0.3333333333333333,0,0,0,13.83986754350648,12.741257206710971,1,1,C1,Global Investors,C1 · Global Investors
C0447,Individual,Patricia,Johnson,1956-06-27,F,USA,New York,Home,2,No,Website,67.5,0,3,1543592.15,514530.7166666666,1680.5266666666666,0.3333333333333333,0,0,0,14.2496234709576,13.151012477966853,0,1,C2,First-Time Buyers,C2 · First-Time Buyers
C0448,Individual,Mark,White,1980-06-10,M,USA,Nevada,Investment,2,No,Agency,43.6,0,3,942066.48,314022.16,1050.08,0.0,0,1,0,13.755832185812382,12.657222020132188,1,2,C1,Global Investors,C1 · Global Investors
C0449,Individual,Jordan,King,1972-06-24,M,USA,Oregon,Investment,2,No,Agency,51.5,0,3,1418922.44,472974.14666666667,1504.28,0.6666666666666666,0,1,0,14.165409001198265,13.066798122048482,0,1,C2,First-Time Buyers,C2 · First-Time Buyers
C0450,Individual,Matthew,Jackson,1992-02-19,M,Mexico,Nuevo Leon,Home,3,No,Website,31.9,1,4,1555297.3699999999,388824.34249999997,1258.5825,0.0,0,0,0,14.257177963002784,12.870885530771371,0,0,C2,First-Time Buyers,C2 · First-Time Buyers
C0451,Individual,Larry,Anderson,1985-09-20,M,Canada,Alberta,Investment,5,Yes,Client,38.3,1,4,1665967.4100000001,416491.85250000004,1339.695,0.25,0,1,1,14.325917139944519,12.939624579577439,0,0,C2,First-Time Buyers,C2 · First-Time Buyers
C0452,Individual,Brandon,Adams,1967-10-17,M,USA,Washington,Home,3,No,Website,56.2,0,4,1398358.69,349589.6725,1086.2275,0.0,0,0,0,14.15081045766702,12.764518241915596,0,0,C2,First-Time Buyers,C2 · First-Time Buyers
C0453,Individual,Carl,Wood,1993-04-16,M,UK,Scotland,Investment,1,No,Website,30.7,1,4,1321010.76,330252.69,1103.3025,0.0,0,1,0,14.093908485811545,12.70761639567567,0,0,C2,First-Time Buyers,C2 · First-Time Buyers
C0454,Company,Altira,Co,1961-04-01,F,USA,Nevada,Investment,4,No,Agency,62.8,0,3,980683.73,326894.57666666666,1072.4833333333333,0.0,1,1,0,13.79600631074833,12.697396061469536,3,3,C3,Corporate Buyers,C3 · Corporate Buyers
C0455,Individual,Karen,Williams,1963-02-01,F,USA,California,Home,1,No,Agency,60.9,0,4,1125726.62,281431.655,838.2925,0.0,0,0,0,13.93394015788626,12.54764846170587,1,2,C1,Global Investors,C1 · Global Investors
C0456,Individual,Virginia,Brooks,1995-11-18,F,USA,Oregon,Home,3,Yes,Website,28.1,0,3,1349210.55,449736.85000000003,1448.82,0.0,0,0,1,14.11503094276151,13.01642013643953,0,1,C2,First-Time Buyers,C2 · First-Time Buyers
C0457,Individual,Kenneth,Hansen,1980-07-19,M,UK,Wales,Investment,1,No,Agency,43.5,1,3,1399940.21,466646.73666666663,1457.8333333333333,0.0,0,1,0,14.151940800846619,13.05332994080891,0,1,C2,First-Time Buyers,C2 · First-Time Buyers
C0458,Individual,Thomas,Turner,1995-07-04,M,USA,Oregon,Investment,1,No,Agency,28.5,0,4,1382881.81,345720.4525,1123.3175,0.25,0,1,0,14.139680870975607,12.753388679234586,0,0,C2,First-Time Buyers,C2 · First-Time Buyers
C0459,Individual,Steven,Johnson,1955-03-23,M,USA,California,Home,3,No,Agency,68.8,0,3,821716.14,273905.38,945.65,0.3333333333333333,0,0,0,13.619151502896083,12.520541648152578,1,2,C1,Global Investors,C1 · Global Investors
C0460,Individual,Amanda,Cox,1992-12-25,F,USA,Virginia,Home,1,No,Website,31.0,0,3,1061349.03,353783.01,1078.7866666666666,0.3333333333333333,0,0,0,13.875052268938477,12.776441864661058,1,1,C1,Global Investors,C1 · Global Investors
C0461,Individual,Jonathan,Peterson,1960-02-16,M,USA,Arizona,Home,1,No,Agency,63.9,0,3,986630.39,328876.7966666667,1157.47,0.3333333333333333,0,0,0,13.802051783614587,12.703441522043926,1,1,C1,Global Investors,C1 · Global Investors
C0462,Individual,Eric,White,1943-10-22,M,Australia,Victoria,Home,2,No,Agency,80.2,1,4,1606667.68,401666.92,1316.0375,0.0,0,0,0,14.289673450469921,12.903380956565865,0,0,C2,First-Time Buyers,C2 · First-Time Buyers
C0463,Individual,Nicholas,Garcia,1970-06-13,M,USA,California,Home,5,No,Client,53.6,0,4,1235094.73,308773.6825,989.46,0.25,0,0,0,14.026659039210188,12.640367107048865,0,0,C2,First-Time Buyers,C2 · First-Time Buyers
C0464,Individual,Gregory,Turner,1974-12-11,M,USA,Florida,Home,5,No,Website,49.1,0,4,1455550.0,363887.5,1276.8225,0.25,0,0,0,14.19089508105927,12.80460278101241,0,0,C2,First-Time Buyers,C2 · First-Time Buyers
C0465,Individual,George,Carter,1949-09-02,M,USA,California,Home,3,No,Website,74.3,0,3,707799.9199999999,235933.30666666664,839.1433333333334,0.0,0,0,0,13.469918146694859,12.37130868367605,1,2,C1,Global Investors,C1 · Global Investors
C0466,Individual,Patricia,Cox,1988-05-19,F,USA,Virginia,Investment,2,No,Website,35.6,0,4,1228651.21,307162.8025,1030.21,0.25,0,1,0,14.021428362332415,12.635136442909461,0,0,C2,First-Time Buyers,C2 · First-Time Buyers
C0467,Individual,Rebecca,Chavez,1952-04-05,F,USA,Ohio,Home,1,Yes,Agency,71.7,0,3,976066.93,325355.64333333337,1155.6966666666667,0.0,0,0,1,13.79128746338307,12.692677223750575,1,2,C1,Global Investors,C1 · Global Investors
C0468,Individual,Raymond,Smith,1952-11-13,M,Mexico,Jalisco,Investment,3,Yes,Website,71.1,1,3,1267396.7999999998,422465.5999999999,1386.32,0.3333333333333333,0,1,1,14.0524763800329,12.953865669400054,0,1,C2,First-Time Buyers,C2 · First-Time Buyers
C0469,Individual,Adam,Foster,1997-03-23,M,USA,California,Home,2,No,Website,26.8,0,4,1518476.47,379619.1175,1265.3825,0.0,0,0,0,14.233218726347664,12.846926340888983,0,0,C2,First-Time Buyers,C2 · First-Time Buyers
C0470,Individual,Joan,Anderson,1963-02-17,F,USA,Oregon,Home,1,No,Agency,60.9,0,3,862552.54,287517.51333333337,883.7466666666666,0.0,0,0,0,13.667652501323376,12.569042531349224,1,2,C1,Global Investors,C1 · Global Investors
C0471,Individual,Gary,Collins,1984-06-26,M,USA,Utah,Investment,3,No,Agency,39.5,0,3,1084997.39,361665.79666666663,1209.64,0.6666666666666666,0,1,0,13.897089061084628,12.798478615735528,1,1,C1,Global Investors,C1 · Global Investors
C0472,Individual,Edward,Moore,1951-10-04,M,USA,California,Home,4,No,Website,72.2,0,3,1277486.3699999999,425828.79,1394.21,0.0,0,0,0,14.06040571451406,12.961794991417934,0,1,C2,First-Time Buyers,C2 · First-Time Buyers
C0473,Individual,Sharon,Price,1981-08-09,F,USA,California,Home,3,No,Agency,42.4,0,4,1304527.6600000001,326131.91500000004,1042.725,0.0,0,0,0,14.08135235342107,12.695060291979708,0,0,C2,First-Time Buyers,C2 · First-Time Buyers
C0474,Individual,Gregory,Young,1995-12-08,M,USA,Nevada,Home,1,No,Website,28.1,0,4,962015.29,240503.8225,824.2025,0.25,0,0,0,13.776786662976408,12.390495420301967,1,2,C1,Global Investors,C1 · Global Investors
C0475,Individual,William,Brooks,1946-08-18,M,Belgium,Wallonia,Investment,2,Yes,Agency,77.4,1,3,1234470.16,411490.0533333333,1371.6133333333335,0.6666666666666666,0,1,1,14.02615322580959,12.927542557267122,0,1,C2,First-Time Buyers,C2 · First-Time Buyers
C0476,Individual,Steven,Johnson,1997-04-05,M,USA,Florida,Home,3,No,Agency,26.7,0,4,1485303.01,371325.7525,1299.3675,0.25,0,0,0,14.211130029805268,12.824837688471865,0,0,C2,First-Time Buyers,C2 · First-Time Buyers
C0477,Individual,Jesse,Stone,1984-02-01,M,USA,California,Investment,4,Yes,Website,39.9,0,3,1535114.88,511704.95999999996,1452.2633333333333,0.3333333333333333,0,1,1,14.244116428010745,13.145505442175029,0,1,C2,First-Time Buyers,C2 · First-Time Buyers
C0478,Individual,Ashley,Garcia,1940-08-02,F,USA,Ohio,Investment,4,No,Website,83.4,0,3,774892.79,258297.59666666668,997.4133333333333,0.3333333333333333,0,1,0,13.560481253782648,12.461871546110082,1,2,C1,Global Investors,C1 · Global Investors
C0479,Individual,Virginia,Wright,1978-04-06,F,USA,California,Home,2,Yes,Agency,45.7,0,4,1172782.93,293195.7325,956.6725,0.25,0,0,1,13.974890907769623,12.588599104662412,1,2,C1,Global Investors,C1 · Global Investors
C0480,Individual,Scott,Bryant,1974-09-16,M,USA,California,Home,4,Yes,Website,49.3,0,4,1033261.03,258315.2575,827.2,0.0,0,0,1,13.848231375180626,12.461939917482674,1,2,C1,Global Investors,C1 · Global Investors
C0481,Individual,Sean,Williams,1976-12-12,M,USA,Arizona,Home,3,No,Agency,47.1,0,4,1365460.24,341365.06,1040.8899999999999,0.25,0,0,0,14.127002834286145,12.740710670223642,0,2,C2,First-Time Buyers,C2 · First-Time Buyers
C0482,Individual,Deborah,Brown,1980-10-08,F,USA,New York,Investment,3,Yes,Agency,43.2,0,3,1006132.77,335377.59,1155.4633333333334,0.3333333333333333,0,1,1,13.821625592968804,12.723015292105966,1,1,C1,Global Investors,C1 · Global Investors
C0483,Individual,Kevin,Jackson,1985-11-08,M,USA,Arizona,Investment,1,No,Website,38.1,0,3,881113.79,293704.5966666667,934.8733333333333,0.0,0,1,0,13.688943191549827,12.59033317273095,1,2,C1,Global Investors,C1 · Global Investors
C0484,Individual,Janet,Wright,1989-04-19,F,USA,Texas,Investment,3,No,Website,34.7,0,4,1313240.67,328310.1675,1114.105,0.25,0,1,0,14.088009195754019,12.70171711905492,0,0,C2,First-Time Buyers,C2 · First-Time Buyers
C0485,Individual,Julia,Morales,1991-10-07,F,USA,Arizona,Home,2,No,Website,32.2,0,3,1000841.1799999999,333613.7266666666,1144.8033333333333,0.0,0,0,0,13.816352383529683,12.717742093176634,1,1,C1,Global Investors,C1 · Global Investors
C0486,Individual,Billy,Carter,1999-09-16,M,USA,California,Investment,2,Yes,Website,24.3,0,3,1090587.66,363529.22,1175.45,0.0,0,1,1,13.902228163473955,12.803617708676157,1,2,C1,Global Investors,C1 · Global Investors
C0487,Individual,Jessica,Williams,1991-10-23,F,USA,Washington,Home,5,No,Website,32.2,0,4,1576272.71,394068.1775,1295.0975,0.25,0,0,0,14.270574208178271,12.884281750279328,0,0,C2,First-Time Buyers,C2 · First-Time Buyers
C0488,Individual,Megan,Jackson,1979-05-11,F,USA,California,Investment,4,No,Agency,44.6,0,4,1218265.3599999999,304566.33999999997,990.9875000000001,0.25,0,1,0,14.0129393897147,12.626647491107446,0,0,C2,First-Time Buyers,C2 · First-Time Buyers
C0489,Individual,Austin,Jordan,1950-06-08,M,Germany,Berlin,Investment,2,No,Website,73.6,1,3,1025274.77,341758.25666666665,1102.8633333333335,0.0,0,1,0,13.840472178271265,12.741861840295941,1,2,C1,Global Investors,C1 · Global Investors
C0490,Individual,Emily,Wright,1954-01-23,F,USA,Nevada,Investment,5,Yes,Website,69.9,0,3,1292367.93,430789.31,1240.6066666666666,0.0,0,1,1,14.071987472098778,12.973376730975186,0,1,C2,First-Time Buyers,C2 · First-Time Buyers
C0491,Individual,Noah,White,1941-08-05,M,USA,Washington,Home,2,No,Website,82.4,0,3,1106379.8,368793.26666666666,1168.3833333333334,0.0,0,0,0,13.916604705602936,12.817994224629059,1,2,C1,Global Investors,C1 · Global Investors
C0492,Individual,Raymond,Price,2000-05-07,M,USA,Utah,Home,3,Yes,Website,23.7,0,4,1300917.1,325229.275,1008.6625,0.0,0,0,1,14.078580803937397,12.692288748878543,0,2,C2,First-Time Buyers,C2 · First-Time Buyers
C0493,Individual,Tyler,Hughes,1954-07-06,M,USA,Colorado,Home,3,No,Website,69.5,0,4,1312198.98,328049.745,1141.225,0.25,0,0,0,14.087215660651335,12.70092358576572,0,1,C2,First-Time Buyers,C2 · First-Time Buyers
C0494,Individual,Grace,Carter,1990-08-03,F,USA,California,Home,3,Yes,Website,33.4,0,4,1052676.65,263169.1625,911.0425,0.0,0,0,1,13.866847618894056,12.480556107645372,1,2,C1,Global Investors,C1 · Global Investors
C0495,Individual,Jerry,Hall,1954-02-18,M,USA,California,Investment,5,No,Client,69.9,0,4,1246742.44,311685.61,984.9525,0.0,0,1,0,14.036045461714158,12.649753506860298,0,0,C2,First-Time Buyers,C2 · First-Time Buyers
C0496,Individual,Billy,Reyes,1990-01-04,M,USA,California,Home,4,No,Agency,34.0,0,4,1120376.44,280094.11,947.7475000000001,0.0,0,0,0,13.929176186499532,12.54288450304511,1,0,C1,Global Investors,C1 · Global Investors
C0497,Individual,Emma,Stewart,1985-02-02,F,USA,Arizona,Investment,4,Yes,Website,38.9,0,3,1330684.99,443561.66333333333,1438.2933333333333,0.3333333333333333,0,1,1,14.101205149183032,13.002594363497979,0,1,C2,First-Time Buyers,C2 · First-Time Buyers
C0498,Individual,Nancy,Collins,1948-11-21,F,Canada,Alberta,Home,2,Yes,Website,75.1,1,3,1007455.29,335818.43,1258.3999999999999,0.3333333333333333,0,0,1,13.822939187246451,12.72432888377416,1,1,C1,Global Investors,C1 · Global Investors
C0499,Individual,Lisa,Patterson,1946-02-10,F,USA,Colorado,Home,3,Yes,Agency,77.9,0,3,897769.81,299256.60333333333,863.7633333333333,0.3333333333333333,0,0,1,13.707670091992327,12.609060031061798,1,1,C1,Global Investors,C1 · Global Investors
C0500,Individual,Dennis,Howard,1977-03-15,M,USA,California,Home,4,Yes,Website,46.8,0,3,1294944.52,431648.17333333334,1438.2933333333333,0.3333333333333333,0,0,1,14.07397918273276,12.975368438529976,0,1,C2,First-Time Buyers,C2 · First-Time Buyers
C0501,Individual,Kenneth,Jackson,1995-11-12,M,USA,Nevada,Investment,5,Yes,Agency,28.1,0,4,1741166.27,435291.5675,1454.35,0.25,0,1,1,14.37006629110249,12.983773652963192,0,0,C2,First-Time Buyers,C2 · First-Time Buyers
C0502,Individual,Madison,Gray,1966-11-28,F,USA,Arizona,Home,4,No,Website,57.1,0,4,1537989.75,384497.4375,1324.385,0.5,0,0,0,14.245987414725349,12.859695004200463,0,1,C2,First-Time Buyers,C2 · First-Time Buyers
C0503,Individual,Keith,Peterson,1943-09-26,M,USA,Utah,Investment,2,Yes,Client,80.3,0,4,1432167.34,358041.835,1135.53,0.25,0,1,1,14.1747001754595,12.788407909063237,0,0,C2,First-Time Buyers,C2 · First-Time Buyers
C0504,Individual,Jeffrey,Green,1992-01-14,M,USA,Utah,Home,2,No,Website,32.0,0,4,1367188.58,341797.145,1108.6075,0.0,0,0,0,14.128267789338443,12.74197562249852,0,0,C2,First-Time Buyers,C2 · First-Time Buyers
C0505,Individual,Katherine,Wilson,1995-07-18,F,USA,Arizona,Home,3,No,Agency,28.5,0,3,1043535.21,347845.07,1125.17,0.0,0,0,0,13.858125705424415,12.7595153333147,1,1,C1,Global Investors,C1 · Global Investors
C0506,Individual,Albert,Stone,1967-07-04,M,USA,California,Home,5,No,Agency,56.5,0,3,1122203.03,374067.6766666667,1267.4066666666668,0.3333333333333333,0,0,0,13.930805193452782,12.832194686990192,1,1,C1,Global Investors,C1 · Global Investors
C0507,Individual,Mark,Morales,1951-02-26,M,USA,New York,Home,3,No,Website,72.8,0,3,1062656.6099999999,354218.86999999994,1221.3833333333334,0.0,0,0,0,13.876283507603123,12.777673101006998,1,2,C1,Global Investors,C1 · Global Investors
C0508,Individual,Grace,Weaver,1970-01-06,F,USA,Nevada,Home,5,No,Agency,54.0,0,3,833710.06,277903.35333333333,900.6166666666667,0.3333333333333333,0,0,0,13.633642170473598,12.535032280715251,1,1,C1,Global Investors,C1 · Global Investors
C0509,Individual,Aaron,Cook,1956-04-02,M,Belgium,Wallonia,Home,3,No,Website,67.7,1,4,1687930.25,421982.5625,1333.2775000000001,0.25,0,0,0,14.33901422463562,12.952721640837721,0,0,C2,First-Time Buyers,C2 · First-Time Buyers
C0510,Individual,Samantha,Evans,1947-08-28,F,France,Brittany,Investment,1,Yes,Website,76.3,1,3,1094232.67,364744.2233333333,1243.8233333333333,0.0,0,1,1,13.905564831478227,12.806954370571615,1,2,C1,Global Investors,C1 · Global Investors
C0511,Individual,Christine,Parker,1954-07-20,F,UK,England,Home,2,No,Website,69.5,1,3,1090537.6,363512.5333333334,1179.5233333333333,0.6666666666666666,0,0,0,13.902182260604437,12.80357180589082,1,1,C1,Global Investors,C1 · Global Investors
C0512,Individual,Hannah,Flores,1945-06-27,F,USA,Arizona,Home,1,No,Client,78.5,0,3,1448158.1400000001,482719.38000000006,1654.4733333333334,0.0,0,0,0,14.185803749203789,13.087192841598412,0,1,C2,First-Time Buyers,C2 · First-Time Buyers
C0513,Individual,Christian,Morales,1999-03-07,M,USA,Florida,Home,2,Yes,Agency,24.8,0,3,974596.63,324865.54333333333,1049.5133333333333,0.0,0,0,1,13.789779977621707,12.691169741080431,1,1,C1,Global Investors,C1 · Global Investors
C0514,Individual,Rebecca,Evans,1977-08-17,F,USA,Oregon,Home,1,Yes,Website,46.4,0,4,1528027.54,382006.885,1316.0375,0.5,0,0,1,14.239488926544642,12.85319652873694,0,0,C2,First-Time Buyers,C2 · First-Time Buyers
C0515,Individual,Melissa,Patterson,1963-09-12,F,USA,California,Home,1,Yes,Website,60.3,0,4,1561824.93,390456.2325,1342.7925,0.0,0,0,1,14.261366162710871,12.87507372241779,0,0,C2,First-Time Buyers,C2 · First-Time Buyers
C0516,Individual,Lawrence,Nelson,1946-04-21,M,USA,Utah,Home,3,No,Website,77.7,0,4,1437837.49,359459.3725,1196.8899999999999,0.25,0,0,0,14.178651495238974,12.792359220582126,0,1,C2,First-Time Buyers,C2 · First-Time Buyers
C0517,Individual,Harold,Thompson,1959-03-20,M,USA,California,Home,5,No,Client,64.8,0,4,1115807.0,278951.75,939.4875,0.0,0,0,0,13.925089364111544,12.538797691622642,1,0,C1,Global Investors,C1 · Global Investors
C0518,Company,Lumina,Co,1962-05-22,F,USA,New York,Home,3,No,Website,61.6,0,4,1633111.65,408277.9125,1196.9724999999999,0.0,1,0,0,14.305998353039366,12.91970582890068,3,3,C3,Corporate Buyers,C3 · Corporate Buyers
C0519,Individual,Madison,Freeman,1975-10-04,F,USA,Arizona,Investment,3,No,Agency,48.2,0,3,981719.26,327239.75333333336,1108.9966666666667,0.0,0,1,0,13.797061679137007,12.698451427707045,1,2,C1,Global Investors,C1 · Global Investors
C0520,Individual,Helen,White,1970-02-11,F,USA,Oregon,Home,3,Yes,Agency,53.9,0,3,1033523.16,344507.72000000003,1108.9966666666667,0.0,0,0,1,13.848485034705423,12.74987468116195,1,1,C1,Global Investors,C1 · Global Investors
C0521,Individual,Stephanie,Allen,1967-04-02,F,Canada,British Columbia,Home,3,No,Website,56.8,1,4,1074306.5,268576.625,872.6800000000001,0.0,0,0,0,13.887186825920407,12.500895257293179,1,2,C1,Global Investors,C1 · Global Investors
C0522,Individual,Nicole,Campbell,1942-07-13,F,USA,Virginia,Home,5,No,Agency,81.5,0,3,993023.13,331007.71,1240.6066666666666,0.3333333333333333,0,0,0,13.808510242832773,12.709899968212383,1,1,C1,Global Investors,C1 · Global Investors
C0523,Individual,Cynthia,Hansen,1960-08-22,F,USA,Colorado,Home,2,No,Agency,63.4,0,3,928962.95,309654.31666666665,1058.6633333333332,0.6666666666666666,0,0,0,13.74182521187619,12.643215076141837,1,1,C1,Global Investors,C1 · Global Investors
C0524,Individual,Harold,Thompson,1953-05-24,M,USA,Washington,Home,3,No,Website,70.6,0,3,801104.6900000001,267034.89666666667,897.3100000000001,0.0,0,0,0,13.593748164911725,12.495138372789986,1,2,C1,Global Investors,C1 · Global Investors
C0525,Individual,Frank,Gray,1950-06-12,M,USA,Arizona,Home,4,Yes,Agency,73.6,0,4,1629457.52,407364.38,1299.3274999999999,0.25,0,0,1,14.303758321274506,12.917465801255327,0,1,C2,First-Time Buyers,C2 · First-Time Buyers
C0526,Individual,Harold,Green,1968-02-28,M,Germany,Bavaria,Home,5,No,Website,55.8,1,3,1301139.77,433713.25666666665,1592.1233333333332,0.3333333333333333,0,0,0,14.078751953024845,12.980141201468253,0,1,C2,First-Time Buyers,C2 · First-Time Buyers
C0527,Individual,Andrew,Baker,1979-07-19,M,USA,California,Home,2,No,Website,44.5,0,3,1138099.7,379366.56666666665,1299.5366666666666,0.0,0,0,0,13.94487137832998,12.846260846974069,1,1,C1,Global Investors,C1 · Global Investors
C0528,Individual,Benjamin,Davis,2000-08-09,M,USA,Washington,Investment,2,No,Client,23.4,0,3,1118472.87,372824.29000000004,1206.2733333333333,0.3333333333333333,0,1,0,13.927475697994373,12.828865197475514,1,1,C1,Global Investors,C1 · Global Investors
C0529,Individual,Paul,Jordan,1973-11-14,M,USA,Nevada,Home,4,Yes,Website,50.1,0,4,1268138.95,317034.7375,1098.1675,0.0,0,0,1,14.053061778551376,12.666769783098186,0,0,C2,First-Time Buyers,C2 · First-Time Buyers
C0530,Individual,Patricia,Reed,1952-09-07,F,USA,Utah,Home,2,Yes,Agency,71.3,0,4,1559124.69,389781.1725,1246.7075,0.0,0,0,1,14.259635766983832,12.873343330017416,0,0,C2,First-Time Buyers,C2 · First-Time Buyers
C0531,Individual,Emily,White,1976-09-19,F,USA,California,Home,1,No,Website,47.3,0,4,1911300.7799999998,477825.19499999995,1510.65,0.0,0,0,0,14.463295128075558,13.077002336565279,0,0,C2,First-Time Buyers,C2 · First-Time Buyers
C0532,Individual,Lauren,Moore,1979-08-12,F,Belgium,Flanders,Home,2,No,Website,44.4,1,4,1075202.77,268800.6925,990.9875000000001,0.25,0,0,0,13.88802075506928,12.501729184114286,1,2,C1,Global Investors,C1 · Global Investors
C0533,Individual,Jeffrey,Williams,1963-09-06,M,USA,Nevada,Investment,1,No,Agency,60.3,0,4,990028.19,247507.0475,787.46,0.25,0,1,0,13.805489706524588,12.41919837561379,1,2,C1,Global Investors,C1 · Global Investors
C0534,Individual,Bryan,Miller,1958-02-21,M,USA,California,Investment,1,No,Agency,65.9,0,3,1133195.2,377731.73333333334,1371.6133333333335,0.3333333333333333,0,1,0,13.940552693597189,12.84194216984696,1,1,C1,Global Investors,C1 · Global Investors
C0535,Individual,Judith,Allen,1987-12-22,F,UK,Wales,Home,3,No,Agency,36.0,1,3,1299053.94,433017.98,1386.32,0.0,0,0,0,14.07714758883073,12.978536839742203,0,1,C2,First-Time Buyers,C2 · First-Time Buyers
C0536,Individual,Brittany,Weaver,1956-03-14,F,USA,Arizona,Investment,5,Yes,Website,67.8,0,3,983106.8400000001,327702.28,1104.51,0.3333333333333333,0,1,1,13.798474098096893,12.69986384379153,1,1,C1,Global Investors,C1 · Global Investors
C0537,Individual,Carl,Baker,1962-04-25,M,USA,Florida,Home,2,No,Client,61.7,0,4,1490327.5,372581.875,1239.145,0.5,0,0,0,14.214507123420406,12.828214775277505,0,1,C2,First-Time Buyers,C2 · First-Time Buyers
C0538,Individual,Richard,Pierce,1969-04-23,M,USA,California,Home,1,Yes,Agency,54.7,0,4,1206897.7000000002,301724.42500000005,1103.3225,0.25,0,0,1,14.00356456946563,12.617272694052511,1,2,C1,Global Investors,C1 · Global Investors
C0539,Individual,Lawrence,Bryant,1991-02-25,M,USA,California,Investment,1,Yes,Agency,32.8,0,4,1645321.2,411330.3,1338.8999999999999,0.25,0,1,1,14.313446789263716,12.927154251493237,0,0,C2,First-Time Buyers,C2 · First-Time Buyers
C0540,Individual,Anna,Long,1997-02-27,F,USA,New York,Home,3,No,Agency,26.8,0,3,494173.31,164724.43666666668,577.2433333333333,0.3333333333333333,0,0,0,13.11064358818265,12.01203534666129,1,2,C1,Global Investors,C1 · Global Investors
C0541,Individual,Anthony,Garcia,2000-03-22,M,UK,Northern Ireland,Home,3,No,Agency,23.8,1,4,1721673.54,430418.385,1296.5625,0.0,0,0,0,14.358807944945402,12.972515326313605,0,0,C2,First-Time Buyers,C2 · First-Time Buyers
C0542,Company,Lumina,Co,1985-09-26,M,Mexico,Mexico City,Home,3,No,Website,38.3,1,4,1195819.4,298954.85,1024.3375,0.5,1,0,0,13.994343034992408,12.608051182607303,3,3,C3,Corporate Buyers,C3 · Corporate Buyers
C0543,Individual,Joan,Parker,1947-07-23,F,USA,Texas,Home,2,Yes,Website,76.4,0,3,753145.67,251048.55666666667,862.8699999999999,0.3333333333333333,0,0,1,13.532015268691193,12.433405635544808,1,1,C1,Global Investors,C1 · Global Investors
C0544,Individual,Kevin,White,1974-10-16,M,USA,Utah,Home,2,No,Website,49.2,0,4,1636756.28,409189.07,1326.2525,0.0,0,0,0,14.30822757413215,12.921935045902993,0,0,C2,First-Time Buyers,C2 · First-Time Buyers
C0545,Individual,Paul,Griffin,1942-08-04,M,USA,Colorado,Home,1,Yes,Agency,81.4,0,3,1260126.39,420042.12999999995,1452.2633333333333,0.0,0,0,1,14.046723376991682,12.948112675463435,0,1,C2,First-Time Buyers,C2 · First-Time Buyers
C0546,Individual,Samuel,Flores,1967-12-23,M,Canada,Manitoba,Home,4,No,Client,56.0,1,3,795528.06,265176.02,932.37,0.0,0,0,0,13.58676265657673,12.488152881955669,1,2,C1,Global Investors,C1 · Global Investors
C0547,Individual,Diane,Allen,1947-09-20,F,USA,California,Investment,2,No,Agency,76.3,0,4,1178457.95,294614.4875,1028.3225,0.0,0,1,0,13.979718168337575,12.59342635291194,1,2,C1,Global Investors,C1 · Global Investors
C0548,Individual,Christopher,Foster,1980-04-11,M,USA,California,Home,2,No,Agency,43.7,0,3,1047476.9299999999,349158.9766666666,1186.4366666666667,0.3333333333333333,0,0,0,13.86189586134406,12.763285482022232,1,1,C1,Global Investors,C1 · Global Investors
C0549,Individual,Daniel,Sanders,1972-10-15,M,USA,Florida,Home,4,No,Website,51.2,0,3,941219.76,313739.92,1082.75,0.0,0,0,0,13.75493299254067,12.65632282877031,1,2,C1,Global Investors,C1 · Global Investors
C0550,Company,Vertex,Co,1967-04-09,F,USA,Nevada,Home,1,No,Agency,56.7,0,4,1414568.09,353642.0225,1123.6174999999998,0.0,1,0,0,14.162335512645452,12.776043272310499,3,3,C3,Corporate Buyers,C3 · Corporate Buyers
C0551,Individual,Billy,Freeman,1960-05-17,M,USA,California,Investment,4,No,Website,63.6,0,3,1007397.56,335799.1866666667,1110.6233333333332,0.0,0,1,0,13.82288188287039,12.724271579511864,1,2,C1,Global Investors,C1 · Global Investors
C0552,Individual,Kyle,Cook,1965-10-20,M,USA,Virginia,Investment,3,No,Agency,58.2,0,3,1141476.56,380492.1866666667,1196.1733333333334,0.3333333333333333,0,1,0,13.947834086414476,12.84922354985987,1,1,C1,Global Investors,C1 · Global Investors
C0553,Individual,James,Bell,1978-11-26,M,USA,Arizona,Home,3,No,Website,45.1,0,3,821534.9400000001,273844.98000000004,897.3100000000001,0.3333333333333333,0,0,0,13.618930964741686,12.520321110535015,1,1,C1,Global Investors,C1 · Global Investors
C0554,Individual,Carl,Moore,1948-12-24,M,Australia,Victoria,Home,1,Yes,Agency,75.0,1,4,1643592.85,410898.2125,1295.2649999999999,0.25,0,0,1,14.312395774198068,12.926103238344963,0,0,C2,First-Time Buyers,C2 · First-Time Buyers
C0555,Individual,Aaron,Nelson,1971-04-23,M,USA,California,Investment,4,Yes,Agency,52.7,0,3,1064533.27,354844.42333333334,1162.6166666666666,0.3333333333333333,0,1,1,13.878047956315555,12.779437546401542,1,1,C1,Global Investors,C1 · Global Investors
C0556,Individual,Zachary,Sanders,1958-10-17,M,USA,Colorado,Home,5,No,Website,65.2,0,3,1335478.18,445159.3933333333,1526.9566666666667,0.3333333333333333,0,0,0,14.10480072174384,13.006189930664412,0,1,C2,First-Time Buyers,C2 · First-Time Buyers
C0557,Individual,Judy,Griffin,1941-09-25,F,USA,Utah,Investment,2,No,Website,82.3,0,3,733161.98,244387.32666666666,791.0400000000001,0.0,0,1,0,13.50512330267461,12.4065137419092,1,2,C1,Global Investors,C1 · Global Investors
C0558,Individual,Cheryl,Wood,1974-10-23,F,Denmark,North Denmark,Home,3,No,Website,49.2,1,3,1033995.96,344665.32,1092.54,0.0,0,0,0,13.848942394007505,12.750332039579188,1,1,C1,Global Investors,C1 · Global Investors
C0559,Company,Corvus,Co,1969-08-18,M,USA,California,Home,5,No,Client,54.4,0,4,1004028.87,251007.2175,786.87,0.25,1,0,0,13.819532329787275,12.433240956621836,3,3,C3,Corporate Buyers,C3 · Corporate Buyers
C0560,Individual,Janice,Nelson,1988-04-20,F,Australia,South Australia,Home,3,No,Website,35.7,1,3,1433718.12,477906.04000000004,1500.72,0.3333333333333333,0,0,0,14.175782409268752,13.077171515573044,0,1,C2,First-Time Buyers,C2 · First-Time Buyers
C0561,Company,Bravada,Co,1962-11-20,F,USA,Arizona,Investment,3,No,Website,61.1,0,4,1589252.43,397313.1075,1298.145,0.0,1,1,0,14.278774923047074,12.892482449604197,3,3,C3,Corporate Buyers,C3 · Corporate Buyers
C0562,Individual,Judy,Peterson,1940-11-23,F,USA,Utah,Investment,5,Yes,Website,83.1,0,4,1423675.7200000002,355918.93000000005,1154.105,0.0,0,1,1,14.168753322708646,12.782461068806494,0,0,C2,First-Time Buyers,C2 · First-Time Buyers
C0563,Individual,William,Howard,1991-01-22,M,USA,California,Home,2,Yes,Agency,32.9,0,4,1012807.9299999999,253201.98249999998,842.75,0.25,0,0,1,13.828238147473778,12.441946748408691,1,2,C1,Global Investors,C1 · Global Investors
C0564,Individual,Scott,Adams,1952-09-02,M,USA,Texas,Home,1,No,Agency,71.3,0,3,1135017.6,378339.2,1250.3066666666666,0.0,0,0,0,13.942159596428562,12.843549069844562,1,1,C1,Global Investors,C1 · Global Investors
C0565,Individual,Austin,Wood,1985-09-26,M,France,Brittany,Home,1,No,Website,38.3,1,3,1043494.3200000001,347831.44,1167.2766666666666,0.0,0,0,0,13.858086520582772,12.759476148548158,1,2,C1,Global Investors,C1 · Global Investors
C0566,Individual,Janice,Miller,2000-12-09,F,USA,Oregon,Investment,4,Yes,Agency,23.1,0,4,1167701.9,291925.475,965.295,0.0,0,1,1,13.970549043575323,12.584257251598789,1,0,C1,Global Investors,C1 · Global Investors
C0567,Individual,Megan,Chavez,1953-10-07,F,Russia,Saint Petersburg,Investment,2,Yes,Agency,70.2,1,4,1869286.1,467321.525,1546.3875,0.25,0,1,1,14.441067686197636,13.054774929966364,0,0,C2,First-Time Buyers,C2 · First-Time Buyers
C0568,Individual,Timothy,Wright,1953-09-04,M,USA,California,Home,3,No,Website,70.3,0,3,944335.88,314778.62666666665,1015.9399999999999,0.6666666666666666,0,0,0,13.75823824587346,12.659628075091376,1,1,C1,Global Investors,C1 · Global Investors
C0569,Individual,Mary,Cook,1971-12-05,F,USA,California,Home,5,Yes,Client,52.1,0,3,1384749.3,461583.10000000003,1460.493333333333,0.0,0,0,1,14.14103039254093,13.042419548175491,0,1,C2,First-Time Buyers,C2 · First-Time Buyers
C0570,Individual,Hannah,Peterson,1965-06-03,F,France,Occitanie,Home,5,Yes,Website,58.6,1,4,1527210.47,381802.6175,1310.8225,0.0,0,0,1,14.238954061842161,12.852661665084844,0,0,C2,First-Time Buyers,C2 · First-Time Buyers
C0571,Individual,Adam,Chavez,1966-07-03,M,USA,California,Home,3,No,Website,57.5,0,4,1549969.49,387492.3725,1458.93,0.25,0,0,0,14.253746450004513,12.86745402440347,0,1,C2,First-Time Buyers,C2 · First-Time Buyers
C0572,Individual,Ann,Johnson,1993-11-12,F,USA,California,Investment,5,No,Website,30.1,0,4,1519677.44,379919.36,1228.8325,0.0,0,1,0,14.234009317810466,12.847716930790464,0,0,C2,First-Time Buyers,C2 · First-Time Buyers
C0573,Company,Altira,Co,1977-04-24,M,USA,Georgia,Home,4,Yes,Agency,46.7,0,3,785842.76,261947.58666666667,849.7466666666668,0.0,1,0,1,13.5745132730263,12.475903529390113,3,3,C3,Corporate Buyers,C3 · Corporate Buyers
C0574,Individual,Gerald,Cox,1968-09-15,M,USA,California,Home,2,No,Agency,55.3,0,4,1261906.32,315476.58,1052.2475,0.25,0,0,0,14.048134880400784,12.66184289663174,0,2,C2,First-Time Buyers,C2 · First-Time Buyers
C0575,Individual,Brian,Hansen,1966-01-21,M,USA,California,Investment,2,No,Website,57.9,0,3,1018391.27,339463.75666666665,1107.81,0.3333333333333333,0,1,0,13.833735735858742,12.735125411068497,1,1,C1,Global Investors,C1 · Global Investors
C0576,Individual,Terry,Reyes,1959-02-24,M,Germany,Hamburg,Home,1,No,Client,64.9,1,3,1047406.79,349135.5966666667,1082.8966666666668,0.0,0,0,0,13.861828898264063,12.763218519070096,1,2,C1,Global Investors,C1 · Global Investors
C0577,Individual,Christopher,Miller,1989-05-18,M,USA,Arizona,Home,3,No,Website,34.6,0,3,693899.0099999999,231299.66999999995,879.3433333333332,0.0,0,0,0,13.450083151298939,12.351473744886325,1,2,C1,Global Investors,C1 · Global Investors
C0578,Individual,Lauren,Rogers,1999-07-22,F,USA,Arizona,Home,5,Yes,Client,24.4,0,3,707276.53,235758.84333333335,899.7566666666667,0.0,0,0,1,13.46917841382158,12.370568952893768,1,2,C1,Global Investors,C1 · Global Investors
C0579,Individual,Christopher,Ward,1941-09-04,M,USA,Texas,Investment,3,No,Website,82.3,0,3,1198428.6400000001,399476.2133333334,1299.5366666666666,0.0,0,1,0,13.99652262441654,12.897912004597618,0,1,C2,First-Time Buyers,C2 · First-Time Buyers
C0580,Individual,Heather,Watson,1948-11-01,F,USA,California,Home,2,Yes,Client,75.2,0,4,2158954.7800000003,539738.6950000001,1726.0575,0.0,0,0,1,14.585135227582699,13.198842256022495,0,0,C2,First-Time Buyers,C2 · First-Time Buyers
C0581,Individual,Kimberly,Stewart,1957-12-21,F,USA,California,Investment,5,Yes,Website,66.0,0,4,1029755.56,257438.89,801.065,0.25,0,1,1,13.844832982756307,12.458541534942091,1,0,C1,Global Investors,C1 · Global Investors
C0582,Individual,Teresa,Pierce,1940-02-10,F,USA,Washington,Investment,3,Yes,Website,83.9,0,3,708559.1499999999,236186.3833333333,791.0400000000001,0.3333333333333333,0,1,1,13.470990232180405,12.372380766133885,1,2,C1,Global Investors,C1 · Global Investors
C0583,Individual,Kevin,Scott,1986-10-27,M,USA,California,Home,2,No,Agency,37.2,0,4,1237228.18,309307.045,996.7025,0.0,0,0,0,14.028384905030599,12.64209296868084,0,0,C2,First-Time Buyers,C2 · First-Time Buyers
C0584,Individual,Janice,Taylor,1982-11-03,F,USA,California,Home,5,No,Website,41.2,0,3,1135691.62,378563.87333333335,1350.9733333333334,0.0,0,0,0,13.942753260663679,12.844142733033902,0,1,C2,First-Time Buyers,C2 · First-Time Buyers
C0585,Individual,Anthony,Edwards,1961-02-07,M,USA,Colorado,Home,3,No,Agency,62.9,0,4,1003690.1799999999,250922.54499999998,886.4275,0.25,0,0,0,13.819194942276981,12.432903570119807,1,2,C1,Global Investors,C1 · Global Investors
C0586,Individual,Noah,Morales,1977-06-14,M,USA,California,Home,2,Yes,Client,46.5,0,3,1226524.31,408841.4366666667,1286.4266666666667,0.0,0,0,1,14.019695778423735,12.921085120376986,0,1,C2,First-Time Buyers,C2 · First-Time Buyers
C0587,Individual,Pamela,Richardson,1992-11-24,F,USA,New York,Home,4,No,Website,31.1,0,4,1093439.8399999999,273359.95999999996,911.785,0.0,0,0,0,13.904840016126503,12.51854839863551,1,0,C1,Global Investors,C1 · Global Investors
C0588,Individual,Janice,White,1989-11-20,F,USA,Florida,Home,2,No,Website,34.1,0,4,1495976.1400000001,373994.03500000003,1271.345,0.0,0,0,0,14.218290156651145,12.83199780090748,0,0,C2,First-Time Buyers,C2 · First-Time Buyers
C0589,Individual,Christopher,Williams,1946-09-21,M,USA,Texas,Investment,5,No,Client,77.3,0,4,1982246.22,495561.555,1699.3675,0.25,0,1,0,14.499741718686947,13.11344887099974,0,0,C2,First-Time Buyers,C2 · First-Time Buyers
C0590,Individual,Arthur,Campbell,1966-09-16,M,UK,Scotland,Investment,2,No,Website,57.3,1,4,1105388.8900000001,276347.22250000003,935.765,0.0,0,1,0,13.91570867232898,12.529417025179931,1,2,C1,Global Investors,C1 · Global Investors
C0591,Individual,Dorothy,Long,1968-09-03,F,USA,Nevada,Home,1,No,Website,55.3,0,3,1336217.65,445405.8833333333,1460.493333333333,0.0,0,0,0,14.105354279867502,13.0067434879593,0,1,C2,First-Time Buyers,C2 · First-Time Buyers
C0592,Individual,Roger,Moore,1972-03-06,M,USA,Arizona,Investment,2,No,Client,51.8,0,3,787516.58,262505.5266666667,851.4266666666667,0.0,0,1,0,13.576640973242277,12.478031224196787,1,2,C1,Global Investors,C1 · Global Investors
C0593,Individual,Elizabeth,Carter,1952-08-08,F,USA,California,Home,2,Yes,Agency,71.4,0,4,2012063.38,503015.845,1575.1075,0.0,0,0,1,14.51467180770177,13.128378937586737,0,0,C2,First-Time Buyers,C2 · First-Time Buyers
C0594,Individual,Diane,Patterson,1942-08-02,F,USA,Utah,Home,1,No,Agency,81.4,0,3,1137572.87,379190.9566666667,1221.6766666666665,0.0,0,0,0,13.94440836835803,12.84579783781596,1,1,C1,Global Investors,C1 · Global Investors
C0595,Individual,Anna,Murray,1966-10-06,F,USA,Utah,Home,3,No,Agency,57.2,0,3,914304.97,304768.3233333333,934.4333333333334,0.3333333333333333,0,0,0,13.725920553716675,12.627310452497712,1,1,C1,Global Investors,C1 · Global Investors
C0596,Individual,Gerald,Phillips,1976-04-17,M,USA,Nevada,Home,4,No,Agency,47.7,0,4,1094771.49,273692.8725,1023.9675,0.25,0,0,0,13.906057127955712,12.51976550712745,1,0,C1,Global Investors,C1 · Global Investors
C0597,Individual,Peter,King,1986-02-17,M,UK,Northern Ireland,Home,2,Yes,Website,37.9,1,3,976844.1699999999,325614.7233333333,1033.6200000000001,0.0,0,0,1,13.792083443543207,12.693473202280371,1,2,C1,Global Investors,C1 · Global Investors
C0598,Individual,Jacob,Gray,1949-06-24,M,USA,Colorado,Investment,4,No,Website,74.5,0,4,1398930.7000000002,349732.67500000005,1135.53,0.0,0,1,0,14.151219431869722,12.764927215241077,0,0,C2,First-Time Buyers,C2 · First-Time Buyers
C0599,Individual,Jennifer,Turner,1998-03-19,F,Canada,Alberta,Home,2,No,Agency,25.8,1,3,1162815.78,387605.26,1354.0866666666668,0.0,0,0,0,13.966355878247292,12.867745309539123,0,1,C2,First-Time Buyers,C2 · First-Time Buyers
C0600,Individual,Thomas,King,1984-03-17,M,USA,Oregon,Investment,1,No,Client,39.8,0,3,917709.61,305903.2033333333,1042.71,0.0,0,1,0,13.729637380252747,12.631027270918514,1,2,C1,Global Investors,C1 · Global Investors
C0601,Individual,Lisa,Nelson,1972-10-16,F,USA,California,Home,4,No,Website,51.2,0,4,1700411.72,425102.93,1307.3,0.0,0,0,0,14.346381556031595,12.960088959187704,0,0,C2,First-Time Buyers,C2 · First-Time Buyers
C0602,Individual,Albert,Hayes,1984-03-24,M,Germany,Bavaria,Home,4,No,Agency,39.8,1,4,905508.82,226377.205,748.33,0.25,0,0,0,13.716253401083907,12.329962353009291,1,2,C1,Global Investors,C1 · Global Investors
C0603,Individual,Diane,Thompson,1994-01-07,F,USA,New York,Home,4,Yes,Agency,30.0,0,4,1218095.3,304523.825,1027.81,0.0,0,0,1,14.012799788165992,12.626507889902532,0,0,C2,First-Time Buyers,C2 · First-Time Buyers
C0604,Individual,Danielle,Montgomery,1998-09-17,F,Belgium,Wallonia,Home,1,No,Agency,25.3,1,3,791133.03,263711.01,919.0466666666666,0.3333333333333333,0,0,0,13.58122267613792,12.482612915483264,1,1,C1,Global Investors,C1 · Global Investors
C0605,Individual,Nathan,Flores,1974-06-28,M,USA,Utah,Home,4,Yes,Agency,49.5,0,4,1407314.33,351828.5825,1267.07,0.25,0,0,1,14.157194426125074,12.770902196721321,0,0,C2,First-Time Buyers,C2 · First-Time Buyers
C0606,Individual,Carolyn,Stone,1949-12-25,F,France,Ile-De-France,Investment,1,No,Website,74.0,1,3,1070969.53,356989.8433333333,1146.2633333333333,0.0,0,1,0,13.884075832711435,12.7854654115066,1,2,C1,Global Investors,C1 · Global Investors
C0607,Individual,Daniel,Edwards,1962-09-14,M,USA,California,Home,1,No,Agency,61.3,0,3,1125230.1199999999,375076.7066666666,1371.6133333333335,0.0,0,0,0,13.93349901252075,12.834888501263688,1,1,C1,Global Investors,C1 · Global Investors
C0608,Individual,Jerry,Adams,1956-06-14,M,USA,California,Home,4,No,Agency,67.5,0,4,1201411.56,300352.89,1018.5225,0.25,0,0,0,13.999008555813337,12.612716691750954,0,0,C2,First-Time Buyers,C2 · First-Time Buyers
C0609,Individual,Julia,Richardson,1961-05-22,F,USA,Washington,Home,4,No,Agency,62.6,0,4,1307567.64,326891.91,1255.1325000000002,0.0,0,0,0,14.08367997067522,12.697387903887318,0,0,C2,First-Time Buyers,C2 · First-Time Buyers
C0610,Individual,Ann,Owens,1970-05-10,F,USA,California,Investment,4,No,Website,53.6,0,3,1178597.68,392865.8933333333,1339.73,0.0,0,1,0,13.979836731412474,12.881226139673384,0,1,C2,First-Time Buyers,C2 · First-Time Buyers
C0611,Individual,Jacob,Price,1950-12-06,M,USA,California,Home,4,No,Agency,73.1,0,4,1142671.94,285667.985,997.415,0.0,0,0,0,13.948880760098307,12.562589024398129,1,2,C1,Global Investors,C1 · Global Investors
C0612,Individual,Kevin,Wood,1960-01-26,M,USA,Florida,Home,4,No,Agency,63.9,0,4,1671846.3,417961.575,1389.15,0.0,0,0,0,14.329439740704954,12.943147174005707,0,0,C2,First-Time Buyers,C2 · First-Time Buyers
C0613,Individual,Cynthia,Cox,1995-10-02,F,Australia,Victoria,Home,4,No,Agency,28.2,1,3,1186019.52,395339.84,1366.5633333333335,0.0,0,0,0,13.986114160245107,12.88750355788704,0,1,C2,First-Time Buyers,C2 · First-Time Buyers
C0614,Individual,George,Bryant,1972-01-07,M,UK,Wales,Home,3,Yes,Website,52.0,1,4,1025958.38,256489.595,858.9825,0.25,0,0,1,13.841138713285847,12.454847276254055,1,2,C1,Global Investors,C1 · Global Investors
C0615,Individual,Jordan,King,1957-01-12,M,USA,Utah,Home,2,Yes,Website,67.0,0,4,919002.01,229750.5025,748.33,0.0,0,0,1,13.731044676631699,12.344753579913633,1,2,C1,Global Investors,C1 · Global Investors
C0616,Individual,Julie,Brooks,1963-04-17,F,USA,Virginia,Investment,1,Yes,Agency,60.7,0,3,1013364.3,337788.10000000003,1074.6233333333332,0.3333333333333333,0,1,1,13.82878733026936,12.730177015221253,1,1,C1,Global Investors,C1 · Global Investors
C0617,Individual,Carolyn,Evans,1986-10-07,F,USA,Ohio,Home,5,Yes,Website,37.2,0,3,766861.21,255620.40333333332,849.6366666666667,0.0,0,0,1,13.550062416231622,12.45145273559057,1,2,C1,Global Investors,C1 · Global Investors
C0618,Individual,Austin,Taylor,1968-05-11,M,USA,Texas,Home,3,No,Agency,55.6,0,3,982803.0,327601.0,1113.29,0.3333333333333333,0,0,0,13.798164989624949,12.69955473594852,1,1,C1,Global Investors,C1 · Global Investors
C0619,Individual,Heather,Morales,1970-04-25,F,USA,Washington,Home,4,No,Website,53.7,0,3,1411977.41,470659.13666666666,1471.8999999999999,0.6666666666666666,0,0,0,14.160502406550153,13.061891534333293,0,1,C2,First-Time Buyers,C2 · First-Time Buyers
C0620,Individual,Sarah,Howard,1960-04-22,F,France,Brittany,Home,3,No,Website,63.7,1,3,1532429.29,510809.76333333337,1504.28,0.3333333333333333,0,0,0,14.242365457992815,13.143754474440316,0,1,C2,First-Time Buyers,C2 · First-Time Buyers
C0621,Individual,Jonathan,Turner,1982-02-13,M,Germany,Bavaria,Investment,3,Yes,Agency,41.9,1,3,791609.11,263869.7033333333,869.7866666666667,0.0,0,1,1,13.58182426423081,12.483214502055791,1,2,C1,Global Investors,C1 · Global Investors
C0622,Individual,Katherine,Ward,1987-10-09,F,USA,Washington,Investment,2,No,Client,36.2,0,3,869334.73,289778.24333333335,980.8699999999999,0.0,0,1,0,13.67548467025861,12.57687468219501,1,2,C1,Global Investors,C1 · Global Investors
C0623,Individual,Jonathan,Adams,1986-04-27,M,USA,Florida,Investment,3,Yes,Client,37.7,0,4,1410333.45,352583.3625,1146.02,0.25,0,1,1,14.159337432808776,12.773045198841638,0,0,C2,First-Time Buyers,C2 · First-Time Buyers
C0624,Individual,Carl,Jordan,2000-09-02,M,USA,Nevada,Investment,3,No,Agency,23.3,0,3,1215611.54,405203.8466666667,1413.8666666666668,0.0,0,1,0,14.010758655864953,12.91214801245657,0,1,C2,First-Time Buyers,C2 · First-Time Buyers
C0625,Individual,Deborah,Hayes,1983-07-08,F,Belgium,Flanders,Investment,2,Yes,Agency,40.5,1,4,1000166.88,250041.72,851.0225,0.25,0,1,1,13.815678423874004,12.42938706224606,1,2,C1,Global Investors,C1 · Global Investors
C0626,Individual,Sara,Jones,1968-06-13,F,Germany,Hamburg,Investment,2,No,Website,55.6,1,3,1061694.1300000001,353898.0433333334,1244.5566666666666,0.0,0,1,0,13.875377368008005,12.776766963118071,1,2,C1,Global Investors,C1 · Global Investors
C0627,Individual,Katherine,Johnson,2000-11-07,F,USA,Arizona,Home,3,No,Agency,23.1,0,4,1870806.42,467701.605,1726.0575,0.5,0,0,0,14.441880671043664,13.055587913508173,0,0,C2,First-Time Buyers,C2 · First-Time Buyers
C0628,Individual,Arthur,Campbell,1985-05-16,M,Canada,British Columbia,Home,3,Yes,Agency,38.6,1,4,1623109.63,405777.4075,1250.39,0.25,0,0,1,14.299855008067698,12.913562495248948,0,0,C2,First-Time Buyers,C2 · First-Time Buyers
C0629,Individual,Maria,Richardson,1946-07-09,F,USA,California,Investment,2,No,Agency,77.5,0,3,961721.77,320573.92333333334,1129.1766666666665,0.0,0,1,0,13.776481507242575,12.677871298173685,1,2,C1,Global Investors,C1 · Global Investors
C0630,Individual,Stephen,Roberts,1965-07-28,M,USA,California,Home,2,No,Website,58.4,0,4,1308077.6099999999,327019.40249999997,1075.5049999999999,0.25,0,0,0,14.084069908581764,12.697777840899391,0,1,C2,First-Time Buyers,C2 · First-Time Buyers
C0631,Individual,Dorothy,Flores,1966-12-11,F,USA,California,Home,5,No,Website,57.1,0,4,1534891.22,383722.805,1227.645,0.25,0,0,0,14.243970721554534,12.857678314967364,0,0,C2,First-Time Buyers,C2 · First-Time Buyers
C0632,Individual,Thomas,Nelson,1948-05-16,M,UK,Northern Ireland,Home,4,No,Website,75.6,1,4,1146845.98,286711.495,947.7475,0.0,0,0,0,13.952526978318986,12.566235233063399,1,0,C1,Global Investors,C1 · Global Investors
C0633,Individual,Ann,Owens,1941-05-12,F,USA,Nevada,Home,3,No,Agency,82.6,0,4,1207516.26,301879.065,928.745,0.0,0,0,0,14.004076958402566,12.617785081716127,0,0,C2,First-Time Buyers,C2 · First-Time Buyers
C0634,Individual,Justin,Ward,1980-11-17,M,USA,Washington,Investment,4,Yes,Website,43.1,0,3,1181693.63,393897.87666666665,1393.1066666666666,0.3333333333333333,0,1,1,13.982460093316197,12.883849497131287,0,1,C2,First-Time Buyers,C2 · First-Time Buyers
C0635,Individual,Kimberly,King,1960-06-14,F,UK,Scotland,Investment,5,No,Website,63.5,1,3,1375700.03,458566.6766666667,1460.493333333333,0.6666666666666666,0,1,0,14.134473999158555,13.035863164293636,0,1,C2,First-Time Buyers,C2 · First-Time Buyers
C0636,Individual,Kathleen,Rogers,1980-11-10,F,France,Brittany,Home,5,No,Website,43.1,1,4,981810.0800000001,245452.52000000002,827.3575000000001,0.0,0,0,0,13.797154185936584,12.410862880389683,1,0,C1,Global Investors,C1 · Global Investors
C0637,Individual,Catherine,Stone,1967-08-14,F,USA,California,Home,2,No,Website,56.4,0,4,1602478.07,400619.5175,1296.5625,0.0,0,0,0,14.287062406849236,12.900769917826926,0,0,C2,First-Time Buyers,C2 · First-Time Buyers
C0638,Individual,Jason,King,1975-02-04,M,USA,Ohio,Home,5,Yes,Website,48.9,0,4,1347045.42,336761.355,1204.4975,0.25,0,0,1,14.113424916565597,12.72713278253797,0,0,C2,First-Time Buyers,C2 · First-Time Buyers
C0639,Individual,Mark,Campbell,1961-03-03,M,UK,Scotland,Home,3,Yes,Website,62.8,1,3,861670.72,287223.5733333333,1008.1300000000001,0.0,0,0,1,13.666629641842842,12.568019674241599,1,2,C1,Global Investors,C1 · Global Investors
C0640,Individual,Emily,Thompson,1967-03-01,F,USA,Utah,Home,3,No,Agency,56.8,0,3,772950.1699999999,257650.05666666664,915.6366666666667,0.0,0,0,0,13.557971156104685,12.459361454918799,1,2,C1,Global Investors,C1 · Global Investors
C0641,Company,Zynex,Co,1994-02-26,M,USA,Arizona,Home,2,No,Agency,29.8,0,3,1217213.26,405737.75333333336,1240.6066666666666,0.0,1,0,0,14.01207541234875,12.913464766775387,3,3,C3,Corporate Buyers,C3 · Corporate Buyers
C0642,Individual,Julia,Reyes,1967-11-21,F,USA,California,Home,4,No,Website,56.1,0,3,1027140.61,342380.2033333333,1161.5433333333333,0.0,0,0,0,13.84229036645481,12.743680024935985,1,1,C1,Global Investors,C1 · Global Investors
C0643,Individual,Samantha,Richardson,1974-05-05,F,USA,California,Home,5,No,Website,49.7,0,3,928645.01,309548.33666666667,1016.5033333333334,0.0,0,0,0,13.741482901046735,12.64287276604948,1,2,C1,Global Investors,C1 · Global Investors
C0644,Individual,Teresa,Johnson,1956-08-25,F,USA,California,Home,4,Yes,Agency,67.4,0,3,1549624.23,516541.41,1630.1366666666665,0.3333333333333333,0,0,1,14.253523672563443,13.15491267452914,0,1,C2,First-Time Buyers,C2 · First-Time Buyers
C0645,Individual,Arthur,Cox,1988-07-18,M,USA,Nevada,Home,2,No,Client,35.5,0,3,731453.53,243817.84333333335,862.11,0.0,0,0,0,13.502790337564988,12.404180783171102,1,2,C1,Global Investors,C1 · Global Investors
C0646,Individual,Cynthia,Campbell,1995-07-21,F,USA,Arizona,Investment,5,No,Agency,28.4,0,3,1325311.83,441770.61000000004,1464.0166666666667,0.0,0,1,0,14.097159087648894,12.998548308057318,0,1,C2,First-Time Buyers,C2 · First-Time Buyers
C0647,Individual,Victoria,Green,1946-02-06,F,USA,California,Home,4,No,Agency,77.9,0,4,2115520.42,528880.105,1676.3825,0.25,0,0,0,14.564811874356893,13.178518931326106,0,0,C2,First-Time Buyers,C2 · First-Time Buyers
C0648,Individual,Stephanie,Reed,1999-03-02,F,USA,California,Home,1,Yes,Website,24.8,0,4,1142985.38,285746.345,984.6475,0.0,0,0,1,13.949155026695452,12.56286329027531,1,2,C1,Global Investors,C1 · Global Investors
C0649,Individual,Patricia,Mitchell,1995-03-01,F,USA,California,Home,4,No,Agency,28.8,0,4,1401448.51,350362.1275,1136.6925,1.0,0,0,0,14.153017623251275,12.766725402769893,0,1,C2,First-Time Buyers,C2 · First-Time Buyers
C0650,Company,Polaris,Co,1976-02-19,M,France,Occitanie,Home,3,Yes,Client,47.9,1,3,799742.26,266580.75333333336,932.37,0.0,1,0,1,13.592046030142615,12.49343624227395,3,3,C3,Corporate Buyers,C3 · Corporate Buyers
C0651,Company,Horizon,Co,1993-01-14,M,USA,Washington,Home,1,No,Agency,31.0,0,4,1077094.73,269273.6825,948.7574999999999,0.0,1,0,0,13.88977883798229,12.503487262126269,3,3,C3,Corporate Buyers,C3 · Corporate Buyers
C0652,Individual,Heather,Johnson,1993-12-08,F,USA,Washington,Home,2,No,Website,30.1,0,3,904157.22,301385.74,985.5433333333334,0.0,0,0,0,13.714759646183623,12.616149569515297,1,1,C1,Global Investors,C1 · Global Investors
C0653,Individual,Gerald,Adams,1970-07-22,M,USA,Ohio,Home,2,No,Client,53.4,0,4,1215543.15,303885.7875,1053.27,0.25,0,0,0,14.010702394579697,12.624410501487231,0,0,C2,First-Time Buyers,C2 · First-Time Buyers
C0654,Individual,Eric,Griffin,1960-05-07,M,USA,New York,Home,2,Yes,Website,63.7,0,3,865293.89,288431.2966666667,1015.9399999999999,0.3333333333333333,0,0,1,13.670825641111081,12.572215663791058,1,1,C1,Global Investors,C1 · Global Investors
C0655,Individual,Patricia,King,1950-05-19,F,USA,Nevada,Home,1,Yes,Agency,73.6,0,3,1071763.22,357254.4066666667,1138.4233333333334,0.0,0,0,1,13.884816652391798,12.786206229804023,1,2,C1,Global Investors,C1 · Global Investors
C0656,Individual,Amber,Allen,1977-02-08,F,USA,Colorado,Home,5,No,Client,46.9,0,4,1288383.38,322095.845,1190.4075,0.25,0,0,0,14.068899572801579,12.682607540176626,0,0,C2,First-Time Buyers,C2 · First-Time Buyers
C0657,Individual,Alexander,Allen,1956-09-26,M,USA,California,Home,2,No,Agency,67.3,0,3,1258111.3199999998,419370.43999999994,1338.1466666666668,0.0,0,0,0,14.045122996835588,12.9465122978494,0,1,C2,First-Time Buyers,C2 · First-Time Buyers
C0658,Individual,Kelly,Green,1999-12-13,F,USA,Virginia,Home,3,Yes,Agency,24.1,0,3,1122021.28,374007.0933333333,1271.67,0.3333333333333333,0,0,1,13.930643222265127,12.832032716091227,1,1,C1,Global Investors,C1 · Global Investors
C0659,Individual,Sara,Foster,1988-10-06,F,USA,California,Home,4,Yes,Agency,35.2,0,4,1000550.86,250137.715,832.615,0.25,0,0,1,13.816062265745543,12.429770902966492,1,0,C1,Global Investors,C1 · Global Investors
C0660,Individual,Charles,Kim,1991-08-10,M,USA,Arizona,Home,4,Yes,Client,32.4,0,3,1148308.35,382769.45,1337.0533333333333,0.0,0,0,1,13.95380128820261,12.855190741223932,0,1,C2,First-Time Buyers,C2 · First-Time Buyers
C0661,Individual,Deborah,Williams,1961-06-25,F,Canada,Manitoba,Home,3,No,Website,62.5,1,4,1627713.0499999998,406928.26249999995,1299.3274999999999,0.0,0,0,0,14.302687165154094,12.916394647108076,0,0,C2,First-Time Buyers,C2 · First-Time Buyers
C0662,Individual,Stephanie,Kim,1957-08-25,F,USA,California,Investment,3,No,Website,66.4,0,4,1520239.97,380059.9925,1175.235,0.0,0,1,0,14.234379413152185,12.848087025401712,0,0,C2,First-Time Buyers,C2 · First-Time Buyers
C0663,Individual,Anthony,Flores,1958-02-02,M,USA,California,Home,2,Yes,Agency,65.9,0,4,1544313.34,386078.335,1234.8075,0.0,0,0,1,14.25009057692852,12.863798158416431,0,0,C2,First-Time Buyers,C2 · First-Time Buyers
C0664,Individual,Lawrence,Wood,1958-08-17,M,Canada,Alberta,Investment,5,Yes,Website,65.4,1,4,1063024.57,265756.1425,897.47,0.25,0,1,1,13.876629711597337,12.490338172606897,1,0,C1,Global Investors,C1 · Global Investors
C0665,Individual,Robert,Adams,1959-08-27,M,USA,Colorado,Investment,1,No,Agency,64.3,0,3,704886.02,234962.00666666668,765.68,0.0,0,1,0,13.465792813633001,12.367183362294996,1,2,C1,Global Investors,C1 · Global Investors
C0666,Individual,Maria,Davis,1948-10-09,F,USA,California,Investment,1,No,Website,75.2,0,4,1532074.27,383018.5675,1271.345,0.5,0,1,0,14.24213375992953,12.85584135693606,0,0,C2,First-Time Buyers,C2 · First-Time Buyers
C0667,Individual,Anthony,Mitchell,1966-07-07,M,USA,Arizona,Investment,2,No,Agency,57.5,0,4,1486560.06,371640.015,1295.2649999999999,0.0,0,1,0,14.21197599693053,12.825683653889179,0,0,C2,First-Time Buyers,C2 · First-Time Buyers
C0668,Individual,Margaret,Peterson,1978-11-15,F,France,Ile-De-France,Investment,4,Yes,Website,45.1,1,4,987175.01,246793.7525,824.2025,0.0,0,1,1,13.8026036307845,12.416312308631735,1,2,C1,Global Investors,C1 · Global Investors
C0669,Individual,Cheryl,Bell,1958-03-18,F,Canada,British Columbia,Home,3,No,Agency,65.8,1,3,1366533.49,455511.16333333333,1599.3433333333332,0.3333333333333333,0,0,0,14.127788523695118,13.029177698582119,0,1,C2,First-Time Buyers,C2 · First-Time Buyers
C0670,Company,Altira,Co,1976-06-18,M,USA,Nevada,Investment,4,No,Website,47.5,0,3,1631973.5499999998,543991.1833333332,1800.45,0.0,1,1,0,14.305301220021851,13.206690156862297,3,3,C3,Corporate Buyers,C3 · Corporate Buyers
C0671,Individual,Jerry,Pierce,1941-12-09,M,USA,Colorado,Home,4,Yes,Client,82.1,0,3,759678.12,253226.04,849.6366666666667,0.0,0,0,1,13.540651412580237,12.44204175659916,1,2,C1,Global Investors,C1 · Global Investors
C0672,Individual,Amber,Williams,1967-03-10,F,USA,California,Home,2,No,Website,56.8,0,3,1301968.05,433989.35000000003,1452.2633333333333,0.3333333333333333,0,0,0,14.079388330346763,12.9807775778123,0,1,C2,First-Time Buyers,C2 · First-Time Buyers
C0673,Individual,Janice,Hayes,1965-10-19,F,USA,California,Home,4,No,Website,58.2,0,3,870503.9000000001,290167.96666666673,1012.96,0.0,0,0,0,13.676828667123418,12.578218675969891,1,2,C1,Global Investors,C1 · Global Investors
C0674,Individual,Judy,Turner,1986-05-26,F,USA,California,Investment,4,No,Website,37.6,0,4,1733438.52,433359.63,1365.9450000000002,0.0,0,1,0,14.365618154545595,12.979325524087416,0,0,C2,First-Time Buyers,C2 · First-Time Buyers
C0675,Individual,Andrea,Wright,1969-12-23,F,USA,Texas,Home,5,No,Website,54.0,0,3,1117159.17,372386.38999999996,1113.29,0.3333333333333333,0,0,0,13.926300460788552,12.827689962372425,1,1,C1,Global Investors,C1 · Global Investors
C0676,Individual,Lisa,Davis,1942-06-12,F,USA,Nevada,Home,2,No,Agency,81.6,0,3,1022396.03,340798.6766666667,989.0566666666667,0.3333333333333333,0,0,0,13.83766045767161,12.739050125188804,1,1,C1,Global Investors,C1 · Global Investors
C0677,Individual,Jerry,Miller,1981-09-02,M,USA,Arizona,Investment,2,No,Agency,42.3,0,4,1217015.1099999999,304253.77749999997,1024.3375,0.25,0,1,0,14.011912609351237,12.625620713273737,0,0,C2,First-Time Buyers,C2 · First-Time Buyers
C0678,Individual,Joseph,Watson,1972-10-19,M,USA,California,Home,4,Yes,Website,51.2,0,3,904050.87,301350.29,897.3100000000001,0.6666666666666666,0,0,1,13.714642016046826,12.616031939638713,1,1,C1,Global Investors,C1 · Global Investors
C0679,Individual,Lisa,Patterson,1964-12-02,F,USA,Nevada,Home,1,No,Agency,59.1,0,4,1945371.6800000002,486342.92000000004,1726.0575,0.25,0,0,0,14.480964125934474,13.094671306934362,0,0,C2,First-Time Buyers,C2 · First-Time Buyers
C0680,Individual,Andrew,Griffin,1965-04-16,M,USA,Utah,Investment,2,No,Agency,58.7,0,4,1533727.71,383431.9275,1333.2775,0.0,0,1,0,14.243212393900322,12.85691998879589,0,0,C2,First-Time Buyers,C2 · First-Time Buyers
C0681,Company,Helios,Co,1977-04-25,F,USA,California,Home,3,No,Agency,46.7,0,4,736696.97,184174.2425,658.8625,0.0,1,0,0,13.509933277135685,12.12364298823265,3,3,C3,Corporate Buyers,C3 · Corporate Buyers
C0682,Individual,Donald,Bennett,1973-06-12,M,USA,California,Home,5,No,Website,50.6,0,4,1436006.22,359001.555,1214.5625,0.0,0,0,0,14.177377056432821,12.791084784436734,0,0,C2,First-Time Buyers,C2 · First-Time Buyers
C0683,Individual,Patrick,Jordan,1948-08-20,M,USA,Colorado,Home,2,Yes,Agency,75.4,0,3,1216565.53,405521.8433333333,1463.22,0.0,0,0,1,14.011543129393807,12.912932484695267,0,1,C2,First-Time Buyers,C2 · First-Time Buyers
C0684,Individual,Donald,Miller,1985-10-05,M,USA,California,Home,1,No,Agency,38.2,0,4,1402625.45,350656.3625,1120.62,0.25,0,0,0,14.15385707274259,12.767564850465005,0,0,C2,First-Time Buyers,C2 · First-Time Buyers
C0685,Individual,Sharon,Hansen,1987-04-18,F,USA,Washington,Home,5,No,Agency,36.7,0,3,1129835.06,376611.6866666667,1228.5033333333333,0.3333333333333333,0,0,0,13.937583100517436,12.83897258201608,0,1,C2,First-Time Buyers,C2 · First-Time Buyers
C0686,Individual,Michael,Howard,1963-11-17,M,USA,California,Home,1,Yes,Website,60.1,0,3,1250166.33,416722.11000000004,1369.7300000000002,0.0,0,0,1,14.038787964319498,12.940177275435955,0,1,C2,First-Time Buyers,C2 · First-Time Buyers
C0687,Individual,Susan,Long,1959-01-03,F,USA,Utah,Home,3,Yes,Website,65.0,0,4,1532604.0,383151.0,1210.7375000000002,0.25,0,0,1,14.242479459942977,12.856187056272699,0,1,C2,First-Time Buyers,C2 · First-Time Buyers
C0688,Individual,Kathleen,Howard,1968-12-04,F,USA,Colorado,Investment,5,Yes,Website,55.1,0,4,1093762.42,273440.605,868.5725,0.25,0,1,1,13.905134986292975,12.518843367992812,1,0,C1,Global Investors,C1 · Global Investors
C0689,Individual,Ann,Williams,1998-04-17,F,USA,California,Home,4,No,Website,25.7,0,3,1051259.37,350419.79000000004,1186.05,0.3333333333333333,0,0,0,13.865500354667729,12.76688996847607,1,1,C1,Global Investors,C1 · Global Investors
C0690,Individual,Janet,Stewart,1985-09-09,F,USA,Oregon,Home,4,Yes,Agency,38.3,0,4,1402023.24,350505.81,1150.3275,0.25,0,0,1,14.153427636013515,12.767135414654625,0,0,C2,First-Time Buyers,C2 · First-Time Buyers
C0691,Individual,Kenneth,Bell,1943-07-22,M,USA,California,Investment,4,No,Agency,80.4,0,4,948552.89,237138.2225,816.16,0.0,0,1,0,13.76269388276854,12.376402684352726,1,2,C1,Global Investors,C1 · Global Investors
C0692,Individual,Adam,Roberts,1964-03-14,M,USA,Georgia,Investment,3,No,Agency,59.8,0,4,1206585.87,301646.4675,1011.5875,0.0,0,1,0,14.003306163112915,12.617014288342203,0,2,C2,First-Time Buyers,C2 · First-Time Buyers
C0693,Individual,Jesse,Chavez,1957-04-28,M,USA,California,Investment,5,Yes,Agency,66.7,0,4,1831502.92,457875.73,1498.6825,0.25,0,1,1,14.420648001520856,13.034355278397756,0,0,C2,First-Time Buyers,C2 · First-Time Buyers
C0694,Company,Sterling,Co,1989-07-13,M,UK,Scotland,Investment,2,No,Website,34.5,1,4,1287767.07,321941.7675,1063.04,0.25,1,1,0,14.068421099556133,12.682129068045569,3,3,C3,Corporate Buyers,C3 · Corporate Buyers
C0695,Individual,Timothy,Rogers,1947-03-24,M,USA,Washington,Home,4,No,Website,76.8,0,3,870451.65,290150.55,934.8733333333333,0.3333333333333333,0,0,0,13.67676864268455,12.578158651668934,1,1,C1,Global Investors,C1 · Global Investors
C0696,Individual,Carol,Green,1994-03-06,F,USA,Washington,Investment,5,Yes,Agency,29.8,0,4,1417025.49,354256.3725,1246.6175,0.25,0,1,1,14.16407121292292,12.777778968910116,0,0,C2,First-Time Buyers,C2 · First-Time Buyers
C0697,Individual,Bryan,Mitchell,1986-11-01,M,USA,California,Investment,4,Yes,Agency,37.2,0,4,1203571.2,300892.8,1036.6525,0.0,0,1,1,14.000804526096736,12.614512657553743,0,0,C2,First-Time Buyers,C2 · First-Time Buyers
C0698,Individual,Maria,Scott,1946-07-16,F,USA,California,Home,2,Yes,Website,77.5,0,4,1560635.51,390158.8775,1286.9575,0.25,0,0,1,14.260604315239277,12.87431187641013,0,1,C2,First-Time Buyers,C2 · First-Time Buyers
C0699,Individual,Stephen,Bennett,1986-12-22,M,USA,Washington,Home,1,Yes,Agency,37.0,0,3,1292445.15,430815.05,1357.1933333333334,0.0,0,0,1,14.072047221053836,12.973436479837783,0,1,C2,First-Time Buyers,C2 · First-Time Buyers
C0700,Individual,Christine,Sanders,1944-04-14,F,USA,Washington,Home,5,No,Website,79.7,0,3,724453.7,241484.56666666665,851.4266666666667,0.0,0,0,0,13.493174512908132,12.394564984933327,1,2,C1,Global Investors,C1 · Global Investors
C0701,Individual,Danielle,Peterson,1962-09-17,F,UK,England,Investment,1,No,Website,61.3,1,4,1318537.76,329634.44,1050.5725,0.0,0,1,0,14.092034681385487,12.705742595508978,0,0,C2,First-Time Buyers,C2 · First-Time Buyers
C0702,Individual,Nicholas,Flores,1966-07-24,M,USA,Arizona,Home,5,No,Agency,57.4,0,3,1215022.0,405007.3333333333,1303.7766666666666,0.0,0,0,0,14.010273564618767,12.911662922008677,0,1,C2,First-Time Buyers,C2 · First-Time Buyers
C0703,Company,Elara,Co,1984-05-15,M,USA,Colorado,Home,3,No,Website,39.6,0,3,938073.5700000001,312691.19,1023.8800000000001,0.0,1,0,0,13.751584723762392,12.652974567118676,3,3,C3,Corporate Buyers,C3 · Corporate Buyers
C0704,Individual,Nicole,Jordan,1942-01-23,F,USA,Georgia,Home,4,No,Agency,81.9,0,3,1130778.86,376926.2866666667,1194.9266666666665,0.3333333333333333,0,0,0,13.938418094243248,12.839807574264432,1,1,C1,Global Investors,C1 · Global Investors
C0705,Individual,Timothy,Murray,1940-12-18,M,USA,Nevada,Home,3,No,Website,83.0,0,3,1643383.67,547794.5566666666,1680.5266666666666,0.0,0,0,0,14.312268496213738,13.213657424545408,0,1,C2,First-Time Buyers,C2 · First-Time Buyers
C0706,Individual,Kyle,Thomas,1984-06-23,M,UK,England,Investment,2,No,Client,39.5,1,3,1034954.84,344984.94666666666,1162.6166666666666,0.0,0,1,0,13.849869317104691,12.751258960884316,1,2,C1,Global Investors,C1 · Global Investors
C0707,Individual,Zachary,Richardson,1995-09-23,M,USA,Virginia,Home,5,Yes,Website,28.3,0,4,1171255.22,292813.805,956.935,0.25,0,0,1,13.973587423086302,12.587295623315592,1,0,C1,Global Investors,C1 · Global Investors
C0708,Individual,Brian,Cook,1964-11-28,M,USA,California,Home,2,No,Client,59.1,0,3,1539340.8699999999,513113.6233333333,1523.6933333333334,0.6666666666666666,0,0,0,14.246865525903866,13.148254536491457,0,1,C2,First-Time Buyers,C2 · First-Time Buyers
C0709,Individual,Samantha,Price,1982-11-06,F,USA,Georgia,Home,2,Yes,Agency,41.2,0,4,1233960.52,308490.13,1009.23,0.0,0,0,1,14.02574029981702,12.6394483698883,0,2,C2,First-Time Buyers,C2 · First-Time Buyers
C0710,Individual,Kyle,Bryant,1946-08-18,M,USA,Oregon,Home,2,Yes,Agency,77.4,0,4,1158001.3599999999,289500.33999999997,939.3575,0.0,0,0,1,13.962206975109547,12.575915204654596,1,2,C1,Global Investors,C1 · Global Investors
C0711,Individual,Victoria,Hughes,1995-10-20,F,USA,California,Investment,3,No,Agency,28.2,0,4,1045658.54,261414.635,905.7525,0.25,0,1,0,13.860158383052728,12.47386689093138,1,0,C1,Global Investors,C1 · Global Investors
C0712,Individual,Joseph,Scott,1991-01-21,M,USA,California,Home,1,No,Agency,32.9,0,3,701688.31,233896.10333333336,842.68,0.3333333333333333,0,0,0,13.461246006693667,12.36263656828581,1,1,C1,Global Investors,C1 · Global Investors
C0713,Individual,Debra,Thomas,1997-02-14,F,USA,California,Investment,3,No,Agency,26.9,0,3,946537.74,315512.58,1125.17,0.0,0,1,0,13.760567178535068,12.661957002826314,1,2,C1,Global Investors,C1 · Global Investors
C0714,Individual,Kyle,Murray,1977-01-03,M,Russia,Saint Petersburg,Home,3,No,Website,47.0,1,3,1520218.18,506739.3933333333,1680.5266666666666,0.6666666666666666,0,0,0,14.234365079795438,13.135754106726232,0,1,C2,First-Time Buyers,C2 · First-Time Buyers
C0715,Individual,Janice,Wilson,1982-08-05,F,USA,Utah,Home,3,No,Website,41.4,0,3,1151372.75,383790.9166666667,1340.7666666666667,0.3333333333333333,0,0,0,13.956466352631496,12.857855801017285,0,1,C2,First-Time Buyers,C2 · First-Time Buyers
C0716,Individual,Jordan,Davis,1994-10-24,M,UK,Northern Ireland,Home,1,No,Client,29.2,1,3,1173245.74,391081.91333333333,1334.1000000000001,0.3333333333333333,0,0,0,13.975285455046368,12.876674871048067,0,1,C2,First-Time Buyers,C2 · First-Time Buyers
C0717,Individual,Virginia,Weaver,1946-06-09,F,USA,Arizona,Investment,3,Yes,Agency,77.6,0,3,1000529.6699999999,333509.88999999996,1156.5633333333333,0.3333333333333333,0,1,1,13.816041087208744,12.71743079747786,1,1,C1,Global Investors,C1 · Global Investors
C0718,Individual,Martha,Scott,1944-10-08,F,France,Ile-De-France,Home,2,Yes,Website,79.2,1,3,900157.9099999999,300052.63666666666,1123.8033333333333,0.3333333333333333,0,0,1,13.710326593387055,12.611716526546399,1,1,C1,Global Investors,C1 · Global Investors
C0719,Individual,Jason,Jordan,1974-07-02,M,USA,California,Investment,2,Yes,Agency,49.5,0,3,912916.77,304305.59,1023.8800000000001,0.0,0,1,1,13.72440108980353,12.625790991910838,1,2,C1,Global Investors,C1 · Global Investors
C0720,Individual,Shirley,Wilson,1981-05-17,F,USA,California,Investment,1,Yes,Agency,42.6,0,4,844316.69,211079.1725,678.3725,0.5,0,1,1,13.646284112706248,12.259993304744967,1,2,C1,Global Investors,C1 · Global Investors
C0721,Individual,Julia,Jordan,1999-03-07,F,USA,Florida,Home,4,No,Website,24.8,0,4,1167212.02,291803.005,939.4875,0.25,0,0,0,13.970129431029115,12.583837640130849,1,0,C1,Global Investors,C1 · Global Investors
C0722,Individual,Carol,Sanders,1943-09-11,F,USA,Texas,Home,1,No,Website,80.3,0,3,936104.05,312034.68333333335,1033.4833333333333,0.0,0,0,0,13.74948298206807,12.650872829910028,1,2,C1,Global Investors,C1 · Global Investors
C0723,Individual,Ann,Hansen,1999-04-19,F,Germany,North Rhine-Westphalia,Home,3,Yes,Website,24.7,1,3,1554043.79,518014.5966666667,1671.7666666666667,0.0,0,0,1,14.256371631888195,13.15776063018345,0,1,C2,First-Time Buyers,C2 · First-Time Buyers
C0724,Individual,Samuel,Howard,1960-09-27,M,USA,Arizona,Investment,4,Yes,Agency,63.3,0,4,1564795.28,391198.82,1255.1325000000002,0.25,0,1,1,14.26326620095925,12.876973757019995,0,0,C2,First-Time Buyers,C2 · First-Time Buyers
C0725,Individual,Katherine,Jones,1983-07-03,F,USA,New York,Home,3,No,Website,40.5,0,3,1557779.53,519259.8433333333,1733.68,0.0,0,0,0,14.258772628994707,13.160161624203676,0,1,C2,First-Time Buyers,C2 · First-Time Buyers
C0726,Individual,Melissa,Harris,1977-01-25,F,USA,Georgia,Home,4,No,Website,46.9,0,4,1055406.17,263851.5425,901.245,0.25,0,0,0,13.869437193563373,12.483145674944293,1,2,C1,Global Investors,C1 · Global Investors
C0727,Individual,Ronald,Bell,1941-08-24,M,USA,California,Investment,3,Yes,Client,82.4,0,4,1924218.25,481054.5625,1425.7675,0.0,0,1,1,14.470030859016832,13.08373805696962,0,0,C2,First-Time Buyers,C2 · First-Time Buyers
C0728,Individual,Jason,Jones,1971-07-23,M,USA,California,Home,3,Yes,Agency,52.4,0,3,896046.43,298682.14333333337,934.8733333333333,0.3333333333333333,0,0,1,13.705748625823903,12.607138569178007,1,1,C1,Global Investors,C1 · Global Investors
C0729,Individual,Raymond,Long,1944-01-04,M,USA,Washington,Investment,3,Yes,Agency,80.0,0,3,1100578.42,366859.4733333333,1280.28,0.3333333333333333,0,1,1,13.911347344541456,12.812736873096298,1,1,C1,Global Investors,C1 · Global Investors
C0730,Individual,Gregory,Baker,1988-05-09,M,USA,California,Investment,4,No,Website,35.6,0,3,1395460.54,465153.51333333337,1435.6633333333332,0.0,0,1,0,14.148735771564398,13.050124916112834,0,1,C2,First-Time Buyers,C2 · First-Time Buyers
C0731,Individual,Larry,Harris,2000-10-18,M,USA,California,Home,5,No,Agency,23.2,0,4,2163873.35,540968.3375,1699.3675,0.0,0,0,0,14.587410853491948,13.201117878773223,0,0,C2,First-Time Buyers,C2 · First-Time Buyers
C0732,Individual,Justin,Peterson,1985-03-03,M,USA,Oregon,Home,5,No,Website,38.8,0,4,1763602.47,440900.6175,1454.35,0.0,0,0,0,14.382869700030325,12.996577039971642,0,0,C2,First-Time Buyers,C2 · First-Time Buyers
C0733,Individual,Susan,White,1976-01-03,F,USA,Nevada,Home,5,No,Agency,48.0,0,3,1610480.1,536826.7000000001,1609.0333333333335,0.3333333333333333,0,0,0,14.292043512198655,13.193432465394705,0,1,C2,First-Time Buyers,C2 · First-Time Buyers
C0734,Individual,Danielle,Ward,1981-06-27,F,USA,Virginia,Investment,5,Yes,Client,42.5,0,3,894573.22,298191.0733333333,1077.3333333333333,0.6666666666666666,0,1,1,13.70410315221712,12.605493099246978,1,1,C1,Global Investors,C1 · Global Investors
C0735,Individual,Matthew,Long,1994-08-10,M,Germany,Hesse,Investment,4,No,Website,29.4,1,3,1082670.51,360890.17,1129.1766666666665,0.6666666666666666,0,1,0,13.894942165107757,12.796331723720318,1,1,C1,Global Investors,C1 · Global Investors
C0736,Individual,Jordan,Campbell,1942-06-13,M,USA,Utah,Investment,3,No,Agency,81.6,0,3,961660.45,320553.48333333334,1049.5133333333333,0.0,0,1,0,13.776417744631463,12.677807535695175,1,2,C1,Global Investors,C1 · Global Investors
C0737,Individual,Harold,Harris,1978-08-15,M,USA,California,Investment,3,No,Agency,45.4,0,3,1271295.42,423765.13999999996,1435.6633333333332,0.0,0,1,0,14.055547740919145,12.956937025447024,0,1,C2,First-Time Buyers,C2 · First-Time Buyers
C0738,Individual,Jose,White,1980-09-21,M,USA,Texas,Home,5,No,Website,43.3,0,4,1217179.49,304294.8725,955.7625,0.0,0,0,0,14.012047668286288,12.625755771875884,0,0,C2,First-Time Buyers,C2 · First-Time Buyers
C0739,Individual,Albert,Turner,1965-03-16,M,USA,California,Home,2,No,Agency,58.8,0,4,1239915.48,309978.87,1096.12,0.25,0,0,0,14.030554580474071,12.644262638869058,0,2,C2,First-Time Buyers,C2 · First-Time Buyers
C0740,Individual,Julia,Bell,1966-12-08,F,USA,Utah,Investment,1,No,Client,57.1,0,3,1150084.72,383361.5733333333,1176.2366666666667,0.3333333333333333,0,1,0,13.955347036691965,12.856736487023154,1,1,C1,Global Investors,C1 · Global Investors
C0741,Individual,Sandra,Stone,1962-08-11,F,USA,California,Home,2,No,Website,61.4,0,3,808100.3,269366.76666666666,952.0733333333334,0.3333333333333333,0,0,0,13.602442700932038,12.503832887198104,1,1,C1,Global Investors,C1 · Global Investors
C0742,Individual,Bryan,Howard,1980-08-21,M,UK,Wales,Home,1,Yes,Website,43.4,1,3,943082.4199999999,314360.80666666664,1078.7866666666666,0.3333333333333333,0,0,1,13.75691002005722,12.658299852090034,1,1,C1,Global Investors,C1 · Global Investors
C0743,Individual,Joshua,Allen,1972-09-10,M,USA,Oregon,Investment,4,Yes,Website,51.3,0,3,973707.31,324569.10333333333,1145.4666666666665,0.0,0,1,1,13.788867061386627,12.690256826719624,1,2,C1,Global Investors,C1 · Global Investors
C0744,Individual,Helen,Morales,1950-11-10,F,USA,Virginia,Home,1,No,Website,73.1,0,3,947393.7,315797.89999999997,939.3299999999999,0.3333333333333333,0,0,0,13.761471075198171,12.662860897580385,1,1,C1,Global Investors,C1 · Global Investors
C0745,Individual,Emily,Collins,1997-06-18,F,USA,California,Investment,5,No,Website,26.5,0,4,1137226.12,284306.53,940.485,0.0,0,1,0,13.944103506522458,12.557811783394566,1,0,C1,Global Investors,C1 · Global Investors
C0746,Individual,Gary,Reyes,1956-10-13,M,UK,Scotland,Home,4,No,Website,67.2,1,4,1485041.45,371260.3625,1120.62,0.25,0,0,0,14.210953915668956,12.824661574691296,0,0,C2,First-Time Buyers,C2 · First-Time Buyers
C0747,Individual,George,Patterson,1992-04-18,M,USA,Florida,Home,4,Yes,Website,31.7,0,3,1321142.35,440380.7833333334,1435.6633333333332,0.3333333333333333,0,0,1,14.094008093892546,12.995397319063557,0,1,C2,First-Time Buyers,C2 · First-Time Buyers
C0748,Company,Vantage,Co,1974-03-05,F,USA,California,Home,1,Yes,Client,49.8,0,3,1188736.23,396245.41,1332.34,0.3333333333333333,1,0,1,13.988402150407591,12.889791544195678,3,3,C3,Corporate Buyers,C3 · Corporate Buyers
C0749,Individual,Dorothy,Anderson,1992-11-26,F,USA,New York,Home,5,No,Agency,31.1,0,3,1170883.93,390294.6433333333,1258.6899999999998,0.0,0,0,0,13.97327037131245,12.874659790752661,0,1,C2,First-Time Buyers,C2 · First-Time Buyers
C0750,Individual,Janice,Price,1976-06-08,F,USA,Nevada,Investment,1,No,Agency,47.6,0,3,887696.78,295898.9266666667,964.2666666666665,0.3333333333333333,0,1,0,13.696386626208403,12.597776590556796,1,1,C1,Global Investors,C1 · Global Investors
C0751,Individual,Keith,Parker,1974-09-19,M,USA,California,Home,5,No,Client,49.3,0,4,1055948.97,263987.2425,967.0,0.0,0,0,0,13.869951365232083,12.483659845151848,1,0,C1,Global Investors,C1 · Global Investors
C0752,Individual,Lisa,Young,1954-12-17,F,Belgium,Brussels,Investment,3,No,Agency,69.0,1,4,836214.24,209053.56,725.4225,0.25,0,1,0,13.636641323043474,12.250350549510218,1,2,C1,Global Investors,C1 · Global Investors
C0753,Individual,Nicholas,Patterson,1960-12-22,M,Germany,Hamburg,Home,5,No,Website,63.0,1,4,1053102.32,263275.58,868.5725,0.0,0,0,0,13.867251905960813,12.4809603935602,1,0,C1,Global Investors,C1 · Global Investors
C0754,Individual,Teresa,Johnson,1970-08-17,F,USA,Arizona,Investment,3,No,Website,53.4,0,4,1300009.56,325002.39,1037.4175,0.25,0,1,0,14.077882945475697,12.691590892026705,0,0,C2,First-Time Buyers,C2 · First-Time Buyers
C0755,Company,Celera,Co,1967-12-23,F,USA,California,Home,5,No,Website,56.0,0,3,1040997.25,346999.0833333333,1286.4833333333333,0.3333333333333333,1,0,0,13.855690666519804,12.757080299082666,3,3,C3,Corporate Buyers,C3 · Corporate Buyers
C0756,Individual,Jessica,Patterson,1963-03-19,F,USA,Utah,Home,5,Yes,Website,60.8,0,3,785768.09,261922.69666666666,934.8733333333333,0.0,0,0,1,13.574418249623996,12.475808506229656,1,2,C1,Global Investors,C1 · Global Investors
C0757,Individual,Keith,Taylor,1946-05-09,M,USA,Oregon,Home,3,Yes,Website,77.6,0,4,1392690.1199999999,348172.52999999997,1053.27,0.25,0,0,1,14.146748490916885,12.760456283897588,0,1,C2,First-Time Buyers,C2 · First-Time Buyers
C0758,Individual,Joe,Allen,1958-08-12,M,USA,California,Investment,2,No,Website,65.4,0,4,1135189.16,283797.29,928.1775,0.25,0,1,0,13.942310736714292,12.556019018319947,1,1,C1,Global Investors,C1 · Global Investors
C0759,Individual,Samuel,Anderson,1991-10-27,M,USA,Florida,Home,4,No,Website,32.2,0,3,1327801.32,442600.44,1451.5366666666666,0.0,0,0,0,14.099035742516762,13.000424960095827,0,1,C2,First-Time Buyers,C2 · First-Time Buyers
C0760,Individual,Amanda,Adams,1964-12-27,F,USA,California,Investment,3,No,Website,59.0,0,4,1288008.21,322002.0525,1133.69,0.0,0,1,0,14.068608336241988,12.682316304295277,0,0,C2,First-Time Buyers,C2 · First-Time Buyers
C0761,Individual,Joyce,Patterson,1981-08-24,F,Belgium,Flanders,Home,2,No,Agency,42.4,1,4,1387948.07,346987.0175,1134.4225000000001,0.0,0,0,0,14.143337726292106,12.757045526632476,0,0,C2,First-Time Buyers,C2 · First-Time Buyers
C0762,Individual,Anna,Young,1967-07-01,F,USA,Ohio,Home,4,No,Website,56.5,0,4,1456185.33,364046.3325,1313.38,0.0,0,0,0,14.191331473451907,12.805039172505806,0,0,C2,First-Time Buyers,C2 · First-Time Buyers
C0763,Company,Summit,Co,1971-07-18,F,USA,Georgia,Home,3,No,Agency,52.5,0,3,1036781.97,345593.99,1152.5966666666666,0.0,1,0,0,13.851633178905123,12.753022819279185,3,3,C3,Corporate Buyers,C3 · Corporate Buyers
C0764,Individual,Debra,Parker,1983-02-09,F,UK,Northern Ireland,Investment,4,No,Client,40.9,1,4,1670624.74,417656.185,1441.655,0.0,0,1,0,14.32870880882322,12.942416243436051,0,0,C2,First-Time Buyers,C2 · First-Time Buyers
C0765,Individual,Joe,Green,1967-06-22,M,France,Brittany,Home,3,No,Website,56.5,1,4,1516418.29,379104.5725,1260.0625,0.25,0,0,0,14.23186238346137,12.84557000068418,0,0,C2,First-Time Buyers,C2 · First-Time Buyers
C0766,Individual,Robert,Bennett,1994-09-04,M,Germany,North Rhine-Westphalia,Home,3,Yes,Client,29.3,1,4,1601876.1400000001,400469.03500000003,1286.2725,0.25,0,0,1,14.286686712034031,12.900394223715193,0,0,C2,First-Time Buyers,C2 · First-Time Buyers
C0767,Individual,David,Brown,1961-02-02,M,Canada,British Columbia,Investment,2,No,Agency,62.9,1,4,1403932.48,350983.12,1242.0825,0.25,0,1,0,14.154788483528097,12.768496259259303,0,0,C2,First-Time Buyers,C2 · First-Time Buyers
C0768,Individual,Matthew,Weaver,1992-07-22,M,Denmark,Southern Denmark,Investment,5,Yes,Website,31.4,1,3,1048127.47,349375.8233333333,1163.8866666666665,0.6666666666666666,0,1,1,13.862516722227952,12.763906341721055,1,1,C1,Global Investors,C1 · Global Investors
C0769,Individual,Nicole,Long,1958-02-21,F,USA,Ohio,Home,4,No,Agency,65.9,0,3,675607.7899999999,225202.59666666665,753.3133333333334,0.3333333333333333,0,0,0,13.423369474488338,12.324760146108888,1,2,C1,Global Investors,C1 · Global Investors
C0770,Individual,Shirley,Hall,1951-02-09,F,Russia,Krasnodar Krai,Home,4,No,Website,72.9,1,3,984598.73,328199.57666666666,1104.51,0.0,0,0,0,13.799990472083165,12.701380214695288,1,2,C1,Global Investors,C1 · Global Investors
C0771,Company,Quasar,Co,1984-06-09,M,USA,California,Home,1,No,Website,39.6,0,4,1856997.08,464249.27,1408.3274999999999,0.25,1,0,0,14.434471806408622,13.048179060797981,3,3,C3,Corporate Buyers,C3 · Corporate Buyers
C0772,Individual,Ethan,White,1991-09-25,M,USA,California,Investment,1,No,Client,32.3,0,3,911164.52,303721.50666666665,1038.2,0.6666666666666666,0,1,0,13.722479850188439,12.623869756508794,1,1,C1,Global Investors,C1 · Global Investors
C0773,Individual,Christopher,Taylor,1964-12-09,M,Russia,Saint Petersburg,Home,1,No,Website,59.1,1,4,1451465.46,362866.365,1153.0825,0.25,0,0,0,14.188084955049293,12.801792660802446,0,0,C2,First-Time Buyers,C2 · First-Time Buyers
C0774,Individual,David,Wood,1983-03-23,M,USA,Georgia,Home,5,Yes,Agency,40.8,0,3,999792.6799999999,333264.2266666666,1144.8033333333333,0.0,0,0,1,13.815304216677374,12.71669392841999,1,1,C1,Global Investors,C1 · Global Investors
C0775,Individual,Andrea,Reyes,1975-12-25,F,USA,Arizona,Home,1,No,Agency,48.0,0,4,1043608.37,260902.0925,900.39,0.25,0,0,0,13.858195810740241,12.47190432425503,1,2,C1,Global Investors,C1 · Global Investors
C0776,Individual,Ashley,Morales,1966-06-11,F,Germany,Bavaria,Home,4,Yes,Agency,57.6,1,3,914465.3300000001,304821.7766666667,980.8699999999999,0.3333333333333333,0,0,1,13.726095928201964,12.627485826599411,1,1,C1,Global Investors,C1 · Global Investors
C0777,Company,Meridian,Co,1982-05-15,M,USA,Arizona,Home,1,No,Client,41.6,0,3,1130759.4100000001,376919.8033333334,1313.16,0.0,1,0,0,13.93840089357673,12.839790373628336,3,3,C3,Corporate Buyers,C3 · Corporate Buyers
C0778,Individual,George,Pierce,1998-07-22,M,USA,California,Investment,4,Yes,Agency,25.4,0,4,1646921.92,411730.48,1334.8775,0.25,0,1,1,14.314419207821746,12.928126668279072,0,0,C2,First-Time Buyers,C2 · First-Time Buyers
C0779,Individual,Lisa,Hughes,1953-04-05,F,USA,California,Home,5,Yes,Agency,70.7,0,3,1221957.12,407319.04000000004,1325.0800000000002,0.0,0,0,1,14.01596514644063,12.917354494488483,0,1,C2,First-Time Buyers,C2 · First-Time Buyers
C0780,Individual,Martha,Hansen,1947-08-01,F,USA,California,Home,3,No,Website,76.4,0,3,708761.6900000001,236253.8966666667,849.6366666666667,0.0,0,0,0,13.471276038625716,12.372666571772589,1,2,C1,Global Investors,C1 · Global Investors
C0781,Individual,Gerald,Sanders,1940-11-28,M,USA,California,Investment,5,Yes,Website,83.1,0,4,1181206.69,295301.6725,1030.635,0.5,0,1,1,13.982047939159193,12.595756117809586,1,1,C1,Global Investors,C1 · Global Investors
C0782,Individual,Ethan,Williams,1970-10-02,M,USA,Utah,Investment,2,Yes,Website,53.2,0,4,1166638.1600000001,291659.54000000004,905.0375,0.25,0,1,1,13.969637660370731,12.583345870736734,1,0,C1,Global Investors,C1 · Global Investors
C0783,Individual,Betty,Sanders,1961-03-27,F,Canada,Alberta,Home,1,Yes,Agency,62.8,1,3,1031472.36,343824.12,1156.5633333333333,0.0,0,0,1,13.846498784693624,12.747888434997607,1,2,C1,Global Investors,C1 · Global Investors
C0784,Individual,Charles,Baker,1973-06-26,M,Mexico,Baja California,Investment,4,No,Website,50.5,1,3,1172514.65,390838.2166666666,1356.7466666666667,0.0,0,1,0,13.974662126761467,12.876051543826065,0,1,C2,First-Time Buyers,C2 · First-Time Buyers
C0785,Company,Rexon,Co,1971-03-27,F,USA,California,Home,2,No,Website,52.8,0,4,1047112.48,261778.12,860.9325,0.0,1,0,0,13.861547869843724,12.475256373738716,3,3,C3,Corporate Buyers,C3 · Corporate Buyers
C0786,Individual,Sarah,Martin,1983-03-25,F,USA,California,Investment,3,No,Website,40.8,0,3,663797.37,221265.79,724.0866666666667,0.3333333333333333,0,1,0,13.405733722706094,12.307124446996552,1,1,C1,Global Investors,C1 · Global Investors
C0787,Individual,Andrew,Jackson,1950-11-20,M,USA,Washington,Home,1,No,Website,73.1,0,3,1405947.6600000001,468649.22000000003,1527.8633333333335,0.0,0,0,0,14.156222835750071,13.057611969608,0,1,C2,First-Time Buyers,C2 · First-Time Buyers
C0788,Individual,Matthew,Stone,1944-05-14,M,France,Brittany,Investment,4,No,Website,79.6,1,4,1799447.01,449861.7525,1482.5875,0.25,0,1,0,14.402990514725149,13.016697820781793,0,0,C2,First-Time Buyers,C2 · First-Time Buyers
C0789,Individual,Madison,Price,1974-04-06,F,Canada,Ontario,Investment,1,No,Website,49.7,1,3,1125271.6,375090.5333333334,1228.9099999999999,0.6666666666666666,0,1,0,13.933535875379173,12.834925364056591,1,1,C1,Global Investors,C1 · Global Investors
C0790,Individual,Brandon,Cooper,1974-01-18,M,USA,California,Home,5,Yes,Agency,50.0,0,4,1521440.8599999999,380360.21499999997,1227.17,0.25,0,0,1,14.235169035298552,12.848876645990481,0,0,C2,First-Time Buyers,C2 · First-Time Buyers
C0791,Individual,Walter,Adams,1983-01-07,M,USA,Texas,Home,4,No,Website,41.0,0,4,1424465.81,356116.4525,1159.9675,0.25,0,0,0,14.169308133245366,12.783015878174433,0,0,C2,First-Time Buyers,C2 · First-Time Buyers
C0792,Individual,Joseph,Richardson,1982-04-14,M,USA,California,Investment,4,Yes,Website,41.7,0,4,1559979.82,389994.955,1219.85,0.0,0,1,1,14.260184084278343,12.87389164625717,0,0,C2,First-Time Buyers,C2 · First-Time Buyers
C0793,Individual,Kevin,Brown,1969-09-04,M,USA,New York,Home,4,No,Agency,54.3,0,4,1245234.35,311308.5875,1048.44,0.0,0,0,0,14.034835106160443,12.648543154220782,0,0,C2,First-Time Buyers,C2 · First-Time Buyers
C0794,Individual,Gregory,Mitchell,1951-02-11,M,USA,California,Home,4,Yes,Website,72.9,0,3,1120488.77,373496.25666666665,1308.5133333333333,0.0,0,0,1,13.929276442328698,12.830665938592738,1,1,C1,Global Investors,C1 · Global Investors
C0795,Individual,Harold,Murray,1969-01-14,M,USA,California,Investment,4,Yes,Website,55.0,0,3,1170869.0899999999,390289.6966666666,1169.0466666666669,0.0,0,1,1,13.973257697057566,12.874647116519427,0,1,C2,First-Time Buyers,C2 · First-Time Buyers
C0796,Individual,Stephanie,Ward,1983-04-11,F,USA,California,Investment,5,Yes,Website,40.7,0,3,559596.54,186532.18000000002,607.4466666666667,0.0,0,1,1,13.23497312576666,12.136364411089291,1,2,C1,Global Investors,C1 · Global Investors
C0797,Individual,Joan,Gray,1990-06-08,F,USA,Oregon,Home,5,Yes,Agency,33.6,0,3,881179.3,293726.43333333335,851.8699999999999,0.3333333333333333,0,0,1,13.689017537782082,12.590407518794455,1,1,C1,Global Investors,C1 · Global Investors
C0798,Company,Novex,Co,1965-10-21,M,USA,Nevada,Home,4,Yes,Agency,58.2,0,4,987267.48,246816.87,840.8725,0.0,1,0,1,13.802697297636657,12.416405975199254,3,3,C3,Corporate Buyers,C3 · Corporate Buyers
C0799,Individual,Pamela,Johnson,1954-07-24,F,USA,California,Home,4,No,Website,69.4,0,4,1108935.8599999999,277233.96499999997,972.245,0.0,0,0,0,13.91891233053676,12.532620674707,1,2,C1,Global Investors,C1 · Global Investors
C0800,Individual,Lawrence,Smith,1974-01-02,M,USA,Virginia,Investment,5,Yes,Website,50.0,0,3,983573.1799999999,327857.7266666666,1151.5466666666666,0.0,0,1,1,13.798948338471288,12.700338083201377,1,2,C1,Global Investors,C1 · Global Investors
C0801,Individual,Betty,Price,1969-04-03,F,USA,Washington,Home,4,Yes,Website,54.7,0,3,1361712.2999999998,453904.0999999999,1435.6633333333332,0.0,0,0,1,14.124254244267728,13.02564342433649,0,1,C2,First-Time Buyers,C2 · First-Time Buyers
C0802,Individual,Matthew,Williams,1970-11-10,M,USA,Virginia,Home,5,No,Agency,53.1,0,3,1074480.81,358160.27,1217.58,0.0,0,0,0,13.887349066117313,12.788738638809834,1,1,C1,Global Investors,C1 · Global Investors
C0803,Individual,Evelyn,Moore,1945-12-13,F,USA,Texas,Home,4,No,Agency,78.1,0,4,1542819.53,385704.8825,1329.5925,0.0,0,0,0,14.249122812202005,12.862830395570812,0,0,C2,First-Time Buyers,C2 · First-Time Buyers
C0804,Individual,Tyler,Cook,1967-01-10,M,USA,Washington,Home,5,No,Agency,57.0,0,3,1223755.92,407918.63999999996,1464.8466666666666,0.6666666666666666,0,0,0,14.017436127560615,12.918825473202663,0,1,C2,First-Time Buyers,C2 · First-Time Buyers
C0805,Individual,Albert,Cook,1953-01-17,M,Germany,Berlin,Home,1,Yes,Website,71.0,1,3,940964.73,313654.91,995.5099999999999,0.0,0,0,1,13.754661999200833,12.656051836006384,1,2,C1,Global Investors,C1 · Global Investors
C0806,Individual,Jack,Richardson,1989-11-18,M,France,Ile-De-France,Home,5,No,Client,34.1,1,4,1485168.27,371292.0675,1220.42,0.0,0,0,0,14.211039310254952,12.824746969104792,0,0,C2,First-Time Buyers,C2 · First-Time Buyers
C0807,Individual,Amy,Chavez,1993-11-16,F,Mexico,Mexico City,Investment,5,No,Website,30.1,1,4,1635419.92,408854.98,1412.375,0.5,0,1,0,14.307410772605696,12.921118245874256,0,1,C2,First-Time Buyers,C2 · First-Time Buyers
C0808,Individual,Gregory,Ward,1943-05-17,M,Germany,Berlin,Home,3,Yes,Website,80.6,1,3,885158.15,295052.7166666667,1003.3133333333334,0.0,0,0,1,13.693522738330973,12.594912709140994,1,2,C1,Global Investors,C1 · Global Investors
C0809,Individual,Hannah,Alexander,1967-02-16,F,France,Occitanie,Home,5,Yes,Agency,56.9,1,3,1386118.19,462039.39666666667,1464.8466666666666,0.0,0,0,1,14.142018450705566,13.043407604913776,0,1,C2,First-Time Buyers,C2 · First-Time Buyers
C0810,Individual,Ronald,Sanders,1995-02-13,M,USA,California,Home,1,Yes,Website,28.9,0,3,922597.5800000001,307532.5266666667,915.6366666666667,0.0,0,0,1,13.734949510976124,12.63633939009569,1,2,C1,Global Investors,C1 · Global Investors
C0811,Individual,Carl,Allen,1945-04-17,M,UK,Wales,Home,3,No,Agency,78.7,1,3,1515201.05,505067.01666666666,1471.8999999999999,0.0,0,0,0,14.23105935436974,13.132448385656735,0,1,C2,First-Time Buyers,C2 · First-Time Buyers
C0812,Individual,Harold,Cooper,1974-08-24,M,UK,Northern Ireland,Home,3,Yes,Website,49.4,1,4,1443224.01,360806.0025,1248.58,0.0,0,0,1,14.182390757685797,12.796098475241692,0,0,C2,First-Time Buyers,C2 · First-Time Buyers
C0813,Individual,Gerald,Cook,1974-10-11,M,UK,Scotland,Investment,3,No,Agency,49.2,1,4,1314024.52,328506.13,1099.4925,0.75,0,1,0,14.08860589945149,12.702313821389675,0,1,C2,First-Time Buyers,C2 · First-Time Buyers
C0814,Individual,Joan,Stewart,1964-03-26,F,USA,California,Home,2,No,Website,59.8,0,3,674363.74,224787.91333333333,706.7266666666666,0.0,0,0,0,13.421526400791683,12.322917077873287,1,2,C1,Global Investors,C1 · Global Investors
C0815,Company,Horizon,Co,1965-11-06,F,USA,Nevada,Home,4,Yes,Agency,58.2,0,3,962374.6499999999,320791.55,1205.9633333333334,0.0,1,0,1,13.777160141992514,12.678549931512814,3,3,C3,Corporate Buyers,C3 · Corporate Buyers
C0816,Individual,Deborah,Wright,1947-12-23,F,Germany,Hamburg,Home,2,Yes,Website,76.0,1,3,1003090.8500000001,334363.6166666667,1151.5466666666666,0.3333333333333333,0,0,1,13.81859763802549,12.719987343190754,1,1,C1,Global Investors,C1 · Global Investors
C0817,Individual,Grace,Thompson,1972-05-12,F,USA,California,Investment,1,No,Website,51.6,0,3,1338281.0,446093.6666666667,1448.82,0.3333333333333333,0,1,0,14.10689725979489,13.008286465579,0,1,C2,First-Time Buyers,C2 · First-Time Buyers
C0818,Company,Sterling,Co,1991-09-08,F,USA,Colorado,Home,2,No,Website,32.3,0,4,760443.3500000001,190110.83750000002,677.79,0.25,1,0,0,13.541658212461618,12.155367796395803,3,3,C3,Corporate Buyers,C3 · Corporate Buyers
C0819,Individual,Jose,Bryant,1951-03-15,M,USA,California,Home,5,No,Website,72.8,0,3,1239378.27,413126.09,1313.16,0.0,0,0,0,14.030121223535184,12.931510548576805,0,1,C2,First-Time Buyers,C2 · First-Time Buyers
C0820,Individual,Judith,Collins,1940-10-22,F,USA,Texas,Investment,4,No,Agency,83.2,0,3,920197.78,306732.5933333333,976.2833333333333,0.0,0,1,0,13.732344990903886,12.633734875676854,1,2,C1,Global Investors,C1 · Global Investors
C0821,Individual,Elizabeth,Moore,1957-09-04,F,USA,California,Home,5,Yes,Agency,66.3,0,3,1371213.26,457071.08666666667,1467.89,0.3333333333333333,0,0,1,14.131207226421518,13.032596396313606,0,1,C2,First-Time Buyers,C2 · First-Time Buyers
C0822,Individual,Jessica,Weaver,1959-04-19,F,USA,California,Investment,3,Yes,Website,64.7,0,3,1407630.29,469210.0966666667,1563.9733333333334,0.3333333333333333,0,1,1,14.157418913509012,13.058808045666508,0,1,C2,First-Time Buyers,C2 · First-Time Buyers
C0823,Individual,Nancy,Hayes,1975-04-16,F,USA,Oregon,Investment,5,Yes,Agency,48.7,0,4,1722388.8900000001,430597.22250000003,1338.9,0.0,0,1,1,14.35922335529839,12.972930735942896,0,0,C2,First-Time Buyers,C2 · First-Time Buyers
C0824,Individual,Douglas,Cox,1976-06-01,M,USA,California,Home,3,No,Agency,47.6,0,3,1234378.85,411459.6166666667,1435.6633333333332,0.3333333333333333,0,0,0,14.026079256177828,12.927468587755206,0,1,C2,First-Time Buyers,C2 · First-Time Buyers
C0825,Individual,Ruth,Hughes,1982-03-26,F,Mexico,Nuevo Leon,Home,4,Yes,Agency,41.8,1,4,1246198.0,311549.5,1075.0475000000001,0.0,0,0,1,14.03560867665252,12.649316722849912,0,0,C2,First-Time Buyers,C2 · First-Time Buyers
C0826,Individual,Jason,Stewart,1970-09-11,M,USA,Ohio,Investment,4,Yes,Website,53.3,0,4,1255265.82,313816.455,996.1925,0.25,0,1,1,14.042858713528348,12.656566742335736,0,0,C2,First-Time Buyers,C2 · First-Time Buyers
C0827,Individual,Ruth,Wright,1965-08-23,F,USA,Washington,Home,2,Yes,Website,58.4,0,4,1176467.77,294116.9425,1025.3225,0.25,0,0,1,13.978027941960855,12.591736130841653,1,2,C1,Global Investors,C1 · Global Investors
C0828,Individual,Elizabeth,Stewart,1947-10-10,F,USA,Arizona,Investment,4,Yes,Website,76.2,0,4,1313574.2,328393.55,1122.0925,0.25,0,1,1,14.088263138086734,12.701971060807598,0,0,C2,First-Time Buyers,C2 · First-Time Buyers
C0829,Individual,Jonathan,Stewart,1960-11-16,M,USA,Utah,Investment,3,No,Website,63.1,0,4,1296844.19,324211.0475,1102.08,0.0,0,1,0,14.07544509611292,12.689153048296541,0,0,C2,First-Time Buyers,C2 · First-Time Buyers
C0830,Individual,William,Martin,1952-05-16,M,USA,Oregon,Investment,3,No,Agency,71.6,0,4,1518798.69,379699.6725,1169.615,0.0,0,1,0,14.233430903231257,12.847138517353432,0,0,C2,First-Time Buyers,C2 · First-Time Buyers
C0831,Individual,Judith,Martin,1977-09-24,F,USA,California,Home,2,No,Website,46.3,0,3,909532.47,303177.49,979.0866666666667,0.6666666666666666,0,0,0,13.720687076702996,12.622076986961993,1,1,C1,Global Investors,C1 · Global Investors
C0832,Individual,Dorothy,Ward,1990-01-09,F,USA,Nevada,Investment,3,Yes,Website,34.0,0,3,1290741.99,430247.33,1336.61,0.3333333333333333,0,1,1,14.07072857177615,12.972117832601988,0,1,C2,First-Time Buyers,C2 · First-Time Buyers
C0833,Individual,Roger,Green,1951-11-06,M,Denmark,Southern Denmark,Home,5,No,Website,72.2,1,3,1422486.6099999999,474162.2033333333,1623.3,0.3333333333333333,0,0,0,14.167917734927116,13.06930685224566,0,1,C2,First-Time Buyers,C2 · First-Time Buyers
C0834,Individual,Helen,Parker,1957-12-23,F,USA,California,Home,5,No,Website,66.0,0,4,1384660.54,346165.135,1073.905,0.0,0,0,0,14.140966292287766,12.754674097759972,0,0,C2,First-Time Buyers,C2 · First-Time Buyers
C0835,Individual,Maria,Foster,1974-06-06,F,USA,California,Home,5,Yes,Website,49.6,0,4,1159317.69,289829.4225,941.61,0.25,0,0,1,13.963343054326174,12.577051280929698,1,0,C1,Global Investors,C1 · Global Investors
C0836,Individual,Adam,Sanders,1942-02-04,M,USA,Ohio,Home,4,No,Website,81.9,0,3,1280715.29,426905.0966666667,1493.243333333333,0.3333333333333333,0,0,0,14.062930080939735,12.964319353896517,0,1,C2,First-Time Buyers,C2 · First-Time Buyers
C0837,Individual,Peter,Montgomery,1967-06-06,M,France,Brittany,Home,1,No,Website,56.6,1,4,1415445.71,353861.4275,1253.3075,0.0,0,0,0,14.162955735351016,12.776663493701113,0,0,C2,First-Time Buyers,C2 · First-Time Buyers
C0838,Individual,Jacob,Morris,1992-04-05,M,USA,Nevada,Investment,1,Yes,Website,31.7,0,3,837604.3,279201.43333333335,853.8133333333334,0.0,0,1,1,13.63830226612112,12.539692365209644,1,2,C1,Global Investors,C1 · Global Investors
C0839,Individual,Elizabeth,Baker,1994-01-26,F,UK,England,Home,5,Yes,Agency,29.9,1,3,1123967.69,374655.89666666667,1308.5133333333333,0.3333333333333333,0,0,1,13.932376453175905,12.83376594391521,1,1,C1,Global Investors,C1 · Global Investors
C0840,Individual,Elizabeth,Wilson,1981-11-01,F,Belgium,Brussels,Home,1,No,Website,42.2,1,4,1508352.25,377088.0625,1329.5925,0.0,0,0,0,14.226529050780766,12.840236678582912,0,0,C2,First-Time Buyers,C2 · First-Time Buyers
C0841,Individual,Timothy,Cooper,1999-02-05,M,Belgium,Wallonia,Home,5,No,Website,24.9,1,4,1344816.1,336204.025,1167.105,0.0,0,0,0,14.111768576641149,12.725476446305395,0,0,C2,First-Time Buyers,C2 · First-Time Buyers
C0842,Individual,Keith,Morales,1996-02-27,M,USA,Washington,Home,5,Yes,Client,27.8,0,4,1082477.8199999998,270619.45499999996,928.745,0.5,0,0,1,13.894764172847507,12.508472583140588,1,0,C1,Global Investors,C1 · Global Investors
C0843,Individual,Amanda,Hansen,2000-12-04,F,USA,Georgia,Home,4,No,Agency,23.1,0,3,1377127.37,459042.4566666667,1500.72,0.0,0,0,0,14.13551099776654,13.03690016139481,0,1,C2,First-Time Buyers,C2 · First-Time Buyers
C0844,Individual,Margaret,Scott,1947-06-13,F,USA,California,Home,2,No,Website,76.6,0,4,1363201.96,340800.49,1187.8925000000002,0.25,0,0,0,14.125347606416334,12.739055445993468,0,1,C2,First-Time Buyers,C2 · First-Time Buyers
C0845,Individual,Ashley,Long,1993-09-05,F,USA,Washington,Home,3,No,Client,30.3,0,3,1355270.16,451756.72,1471.4466666666667,0.0,0,0,0,14.119512110356167,13.020901297406411,0,1,C2,First-Time Buyers,C2 · First-Time Buyers
C0846,Individual,Martha,Harris,1976-05-15,F,Canada,Quebec,Investment,3,No,Agency,47.6,1,3,1069033.77,356344.59,1135.5233333333333,0.0,0,1,0,13.882266715203208,12.783656297379888,1,2,C1,Global Investors,C1 · Global Investors
C0847,Individual,Nicole,James,1988-02-27,F,USA,Utah,Home,2,Yes,Agency,35.8,0,4,1258765.46,314691.365,1011.5875,0.25,0,0,1,14.045642799394159,12.659350821557046,0,2,C2,First-Time Buyers,C2 · First-Time Buyers
C0848,Individual,Aaron,Hughes,1967-11-22,M,USA,California,Home,4,No,Agency,56.1,0,4,1366788.33,341697.0825,1184.9475000000002,0.0,0,0,0,14.127974992637345,12.741682826439995,0,0,C2,First-Time Buyers,C2 · First-Time Buyers
C0849,Individual,Brian,Wilson,1977-04-11,M,USA,Oregon,Home,1,Yes,Website,46.7,0,4,1262931.66,315732.915,995.0275,0.0,0,0,1,14.048947082413179,12.662655096714031,0,2,C2,First-Time Buyers,C2 · First-Time Buyers
C0850,Individual,Judy,Stone,1983-11-13,F,USA,Colorado,Investment,5,No,Agency,40.1,0,3,528432.48,176144.16,610.62,0.0,0,1,0,13.177672210713162,12.079063706809437,1,2,C1,Global Investors,C1 · Global Investors
C0851,Individual,Kyle,White,1993-05-16,M,USA,California,Investment,2,Yes,Website,30.6,0,4,1482957.8800000001,370739.47000000003,1259.95,0.0,0,1,1,14.20954989315642,12.823257555017078,0,0,C2,First-Time Buyers,C2 · First-Time Buyers
C0852,Individual,Carl,Brown,1989-07-20,M,Germany,North Rhine-Westphalia,Home,2,No,Agency,34.5,1,4,1368458.37,342114.5925,1222.37,0.0,0,0,0,14.129196117581136,12.74290394870515,0,0,C2,First-Time Buyers,C2 · First-Time Buyers
C0853,Individual,Gerald,Bryant,1950-08-07,M,USA,Utah,Home,4,No,Website,73.4,0,4,1293562.22,323390.555,1092.085,0.5,0,0,0,14.072911154558826,12.686619112611647,0,1,C2,First-Time Buyers,C2 · First-Time Buyers
C0854,Individual,David,Reyes,1944-02-13,M,USA,California,Home,4,No,Website,79.9,0,3,1419031.6099999999,473010.5366666666,1454.4099999999999,0.3333333333333333,0,0,0,14.165485936850637,13.066875057592414,0,1,C2,First-Time Buyers,C2 · First-Time Buyers
C0855,Individual,Amanda,Foster,1973-03-10,F,Australia,Queensland,Home,4,No,Website,50.8,1,4,1198702.15,299675.5375,1114.2125,0.0,0,0,0,13.996750822038573,12.610458963620244,1,0,C1,Global Investors,C1 · Global Investors
C0856,Individual,Janice,Chavez,1964-08-16,F,USA,Florida,Home,5,Yes,Website,59.4,0,4,1565508.99,391377.2475,1226.185,0.0,0,0,1,14.26372220107605,12.877429756262758,0,0,C2,First-Time Buyers,C2 · First-Time Buyers
C0857,Individual,Danielle,Ward,1951-05-11,F,USA,California,Investment,1,Yes,Website,72.6,0,4,1431064.56,357766.14,1146.2825,0.5,0,1,1,14.173929871605155,12.787637606823084,0,0,C2,First-Time Buyers,C2 · First-Time Buyers
C0858,Individual,Samuel,Howard,1994-07-12,M,USA,Nevada,Home,1,No,Website,29.5,0,3,972150.6,324050.2,1156.5633333333333,0.3333333333333333,0,0,0,13.787267038359165,12.688656806981237,1,1,C1,Global Investors,C1 · Global Investors
C0859,Individual,Megan,Anderson,1942-12-03,F,USA,California,Home,2,Yes,Agency,81.1,0,4,1440623.8900000001,360155.97250000003,1154.105,0.0,0,0,1,14.1805875288114,12.794295250119001,0,0,C2,First-Time Buyers,C2 · First-Time Buyers
C0860,Individual,Virginia,Morales,1968-07-09,F,USA,Utah,Home,5,Yes,Website,55.5,0,4,1362579.84,340644.96,1148.025,0.0,0,0,1,14.124891135869548,12.738598976451465,0,0,C2,First-Time Buyers,C2 · First-Time Buyers
C0861,Individual,Christine,Peterson,1994-08-04,F,France,Brittany,Investment,2,No,Agency,29.4,1,3,1527460.57,509153.5233333334,1635.6233333333332,0.3333333333333333,0,1,0,14.239117810955264,13.140506831648207,0,1,C2,First-Time Buyers,C2 · First-Time Buyers
C0862,Individual,Amanda,Jordan,1981-06-14,F,USA,Colorado,Investment,1,No,Website,42.5,0,3,1354421.9100000001,451473.97000000003,1527.8633333333335,0.0,0,1,0,14.118886024897222,13.02027521287168,0,1,C2,First-Time Buyers,C2 · First-Time Buyers
C0863,Individual,Brandon,Peterson,1975-04-20,M,Belgium,Wallonia,Home,5,Yes,Agency,48.7,1,4,1107744.96,276936.24,984.6475,0.0,0,0,1,13.917837842022813,12.531546189101414,1,0,C1,Global Investors,C1 · Global Investors
C0864,Individual,Noah,Kim,1970-07-07,M,USA,Texas,Home,3,No,Website,53.5,0,3,1085548.02,361849.34,1156.5633333333333,0.3333333333333333,0,0,0,13.897596426193793,12.798985979909695,1,1,C1,Global Investors,C1 · Global Investors
C0865,Individual,Rebecca,Gray,1975-05-20,F,USA,Colorado,Investment,5,Yes,Website,48.6,0,4,1268059.13,317014.7825,1008.395,0.25,0,1,1,14.052998833990609,12.666706838686329,0,0,C2,First-Time Buyers,C2 · First-Time Buyers
C0866,Individual,Lawrence,Bryant,1987-11-27,M,Belgium,Brussels,Home,3,No,Agency,36.1,1,4,1331713.08,332928.27,1148.025,0.0,0,0,0,14.101977452386208,12.715685343999594,0,0,C2,First-Time Buyers,C2 · First-Time Buyers
C0867,Individual,Julia,Davis,1967-04-12,F,USA,California,Home,2,No,Agency,56.7,0,3,1028747.3,342915.76666666666,1146.2633333333333,0.0,0,0,0,13.843853378481164,12.745243033921303,1,1,C1,Global Investors,C1 · Global Investors
C0868,Individual,Victoria,Rogers,1945-02-21,F,USA,Florida,Home,3,Yes,Agency,78.9,0,3,987211.1699999999,329070.38999999996,1049.3799999999999,0.3333333333333333,0,0,1,13.80264025985306,12.704029997089851,1,1,C1,Global Investors,C1 · Global Investors
C0869,Individual,Jose,Roberts,1993-03-07,M,USA,California,Home,4,No,Agency,30.8,0,3,858807.13,286269.04333333333,1012.96,0.0,0,0,0,13.663300811639672,12.564690851777732,1,2,C1,Global Investors,C1 · Global Investors
C0870,Company,Harmon,Co,1966-09-01,F,UK,Northern Ireland,Home,2,Yes,Website,57.3,1,4,1097902.26,274475.565,909.9825,0.25,1,0,1,13.908912791523452,12.522621162881013,3,3,C3,Corporate Buyers,C3 · Corporate Buyers
C0871,Individual,Pamela,Pierce,1989-11-28,F,USA,Virginia,Home,1,Yes,Website,34.1,0,4,1939848.53,484962.1325,1524.2725,0.25,0,0,1,14.478120966175764,13.09182815156638,0,0,C2,First-Time Buyers,C2 · First-Time Buyers
C0872,Individual,Sarah,Bennett,1943-06-22,F,UK,England,Home,4,No,Website,80.5,1,4,1462320.39,365580.0975,1326.2525,0.0,0,0,0,14.195535724134375,12.809243414544977,0,0,C2,First-Time Buyers,C2 · First-Time Buyers
C0873,Individual,Gerald,Murray,1940-09-09,M,USA,New York,Home,2,No,Website,83.3,0,3,1325777.78,441925.9266666667,1463.22,0.0,0,0,0,14.097510603230656,12.99889982310871,0,1,C2,First-Time Buyers,C2 · First-Time Buyers
C0874,Individual,Debra,Murray,1953-07-26,F,Belgium,Flanders,Investment,2,No,Website,70.4,1,4,1490289.1099999999,372572.27749999997,1186.5225,0.0,0,1,0,14.21448136366713,12.828189015576084,0,0,C2,First-Time Buyers,C2 · First-Time Buyers
C0875,Individual,Jeffrey,Evans,1972-07-09,M,Canada,Manitoba,Home,4,No,Website,51.5,1,3,1308981.48,436327.16,1370.5533333333333,0.0,0,0,0,14.08476066053967,12.986149899774725,0,1,C2,First-Time Buyers,C2 · First-Time Buyers
C0876,Individual,Benjamin,Chavez,1973-08-22,M,USA,California,Home,3,No,Client,50.4,0,3,873771.52,291257.17333333334,971.1899999999999,0.0,0,0,0,13.680575346160818,12.581965346415357,1,2,C1,Global Investors,C1 · Global Investors
C0877,Individual,Jennifer,Weaver,1998-12-22,F,USA,Utah,Investment,2,Yes,Agency,25.0,0,3,1407650.4,469216.8,1493.243333333333,0.3333333333333333,0,1,1,14.15743319981857,13.058822331955767,0,1,C2,First-Time Buyers,C2 · First-Time Buyers
C0878,Individual,Ashley,Hansen,1945-04-28,F,USA,Nevada,Home,4,Yes,Website,78.7,0,3,970670.1499999999,323556.7166666666,1008.13,0.0,0,0,1,13.785743018438618,12.68713279019843,1,2,C1,Global Investors,C1 · Global Investors
C0879,Individual,Brandon,Adams,1945-03-15,M,UK,Northern Ireland,Home,4,Yes,Website,78.8,1,3,1349121.32,449707.1066666667,1463.22,0.0,0,0,1,14.11496480565296,13.01635399942902,0,1,C2,First-Time Buyers,C2 · First-Time Buyers
C0880,Individual,Judith,Bennett,1941-06-23,F,USA,New York,Home,2,No,Website,82.5,0,4,1390002.6400000001,347500.66000000003,1151.37,0.25,0,0,0,14.14481692380848,12.758524720953991,0,1,C2,First-Time Buyers,C2 · First-Time Buyers
C0881,Individual,Ruth,Weaver,1954-09-24,F,USA,Colorado,Investment,1,No,Website,69.3,0,4,1247321.2,311830.3,1136.6925,0.25,0,1,0,14.03650957140005,12.650217615429682,0,0,C2,First-Time Buyers,C2 · First-Time Buyers
C0882,Individual,Peter,Moore,2000-07-07,M,UK,Wales,Home,3,No,Website,23.5,1,3,1142828.1400000001,380942.7133333334,1435.6633333333332,0.3333333333333333,0,0,0,13.949017447788606,12.850406909161846,0,1,C2,First-Time Buyers,C2 · First-Time Buyers
C0883,Individual,Gerald,Thompson,1946-10-22,M,USA,Texas,Home,4,No,Client,77.2,0,4,1979258.27,494814.5675,1699.3675,0.0,0,0,0,14.498233226614982,13.111940381212497,0,0,C2,First-Time Buyers,C2 · First-Time Buyers
C0884,Individual,Joe,Reed,1949-05-07,M,USA,Nevada,Home,2,No,Website,74.7,0,3,1021697.5,340565.8333333333,1209.64,0.3333333333333333,0,0,0,13.836976996437103,12.73836666529173,1,1,C1,Global Investors,C1 · Global Investors
C0885,Individual,Michael,Williams,1941-09-21,M,Canada,British Columbia,Investment,2,Yes,Agency,82.3,1,3,1540844.02,513614.67333333334,1671.7666666666667,0.0,0,1,1,14.24784153818689,13.149230547507011,0,1,C2,First-Time Buyers,C2 · First-Time Buyers
C0886,Individual,Joseph,Brooks,1961-07-20,M,USA,California,Home,3,Yes,Agency,62.5,0,3,807556.47,269185.49,941.2099999999999,0.0,0,0,1,13.601769501825101,12.503159689757851,1,2,C1,Global Investors,C1 · Global Investors
C0887,Individual,Joan,Bryant,1993-04-23,F,USA,California,Home,3,No,Agency,30.7,0,4,1247287.09,311821.7725,1012.5575,0.25,0,0,0,14.036482224443182,12.650190268538587,0,0,C2,First-Time Buyers,C2 · First-Time Buyers
C0888,Individual,Sharon,Montgomery,1987-05-24,F,Germany,Berlin,Home,4,Yes,Website,36.6,1,4,1104713.19,276178.2975,933.355,0.5,0,0,1,13.91509720789419,12.528805562405141,1,1,C1,Global Investors,C1 · Global Investors
C0889,Individual,Scott,Campbell,1985-10-15,M,USA,Nevada,Investment,4,Yes,Website,38.2,0,3,1339350.5899999999,446450.1966666666,1451.2533333333333,0.0,0,1,1,14.107696166755785,13.009085371346444,0,1,C2,First-Time Buyers,C2 · First-Time Buyers
C0890,Individual,Julie,Nelson,1955-07-23,F,USA,Virginia,Investment,3,Yes,Website,68.4,0,4,1138394.29,284598.5725,922.66,0.0,0,1,1,13.945130188363416,12.55883846252854,1,2,C1,Global Investors,C1 · Global Investors
C0891,Individual,Raymond,Roberts,1970-06-20,M,Germany,North Rhine-Westphalia,Investment,1,Yes,Website,53.5,1,4,1340373.08,335093.27,1154.105,0.25,0,1,1,14.10845929714713,12.722167174205884,0,0,C2,First-Time Buyers,C2 · First-Time Buyers
C0892,Individual,Helen,Watson,1958-06-05,F,USA,California,Investment,2,Yes,Website,65.6,0,3,984121.3999999999,328040.4666666666,1167.24,0.3333333333333333,0,1,1,13.799505558542467,12.700895302139823,1,1,C1,Global Investors,C1 · Global Investors
C0893,Individual,Evelyn,Thompson,1995-06-23,F,USA,Colorado,Home,3,Yes,Website,28.5,0,4,1695839.47,423959.8675,1329.5925,0.0,0,0,1,14.34368902840983,12.9573964363227,0,0,C2,First-Time Buyers,C2 · First-Time Buyers
C0894,Individual,Carl,Evans,1953-06-14,M,USA,Georgia,Home,5,No,Website,70.5,0,3,882067.47,294022.49,932.37,0.0,0,0,0,13.690024962361333,12.591414941088331,1,2,C1,Global Investors,C1 · Global Investors
C0895,Individual,Amanda,Rogers,1953-08-25,F,USA,Arizona,Investment,4,Yes,Website,70.4,0,3,1127680.6,375893.5333333334,1280.28,0.0,0,1,1,13.935674401691061,12.837063886571643,1,1,C1,Global Investors,C1 · Global Investors
C0896,Individual,Timothy,Jones,1970-05-06,M,France,Brittany,Home,4,Yes,Agency,53.7,1,4,1157933.44,289483.36,935.765,0.25,0,0,1,13.962148320659201,12.575856550356209,1,0,C1,Global Investors,C1 · Global Investors
C0897,Individual,Ann,Foster,1971-08-04,F,Australia,Victoria,Home,1,No,Website,52.4,1,3,745691.65,248563.88333333333,801.46,0.0,0,0,0,13.522068796972649,12.423459190371096,1,2,C1,Global Investors,C1 · Global Investors
C0898,Individual,Deborah,King,1953-09-27,F,USA,Arizona,Investment,5,Yes,Agency,70.3,0,4,836494.02,209123.505,706.0875,0.25,0,1,1,13.636975846014128,12.250685071280945,1,2,C1,Global Investors,C1 · Global Investors
C0899,Company,Apex,Co,1988-06-26,F,USA,Washington,Investment,2,No,Website,35.5,0,3,1050407.63,350135.87666666665,1076.6899999999998,0.0,1,1,0,13.86468981785472,12.76607943320571,3,3,C3,Corporate Buyers,C3 · Corporate Buyers
C0900,Individual,Betty,Cook,1999-05-22,F,Germany,North Rhine-Westphalia,Home,4,No,Agency,24.6,1,3,606058.22,202019.40666666665,753.3133333333334,0.0,0,0,0,13.31473298304917,12.216123994383162,1,2,C1,Global Investors,C1 · Global Investors
C0901,Individual,Gregory,Allen,1999-02-15,M,France,Brittany,Investment,4,No,Agency,24.9,1,3,909138.8400000001,303046.28,909.0566666666667,0.0,0,1,0,13.72025420071149,12.621644111922555,1,2,C1,Global Investors,C1 · Global Investors
C0902,Company,Peerex,Co,1964-02-11,F,UK,Northern Ireland,Home,3,Yes,Agency,59.9,1,4,1281064.76,320266.19,1068.57,0.0,1,0,1,14.063202914455895,12.676910895133421,3,3,C3,Corporate Buyers,C3 · Corporate Buyers
C0903,Individual,Christine,Morales,1992-04-28,F,USA,Texas,Investment,3,No,Website,31.7,0,3,1108147.6099999999,369382.5366666666,1240.6066666666666,0.0,0,1,0,13.91820126184421,12.819590777986553,1,1,C1,Global Investors,C1 · Global Investors
C0904,Individual,Nancy,Brooks,1984-03-08,F,Russia,Saint Petersburg,Home,1,Yes,Website,39.8,1,4,1050355.29,262588.8225,883.805,0.25,0,0,1,13.864639988385926,12.478348483435646,1,2,C1,Global Investors,C1 · Global Investors
C0905,Individual,Emma,Allen,1993-05-16,F,USA,Virginia,Home,5,Yes,Website,30.6,0,3,877477.72,292492.5733333333,927.6066666666666,0.0,0,0,1,13.684807983315855,12.5861979739027,1,2,C1,Global Investors,C1 · Global Investors
C0906,Individual,Jacqueline,Baker,1969-08-13,F,USA,California,Investment,5,No,Website,54.4,0,4,1757967.56,439491.89,1458.93,0.25,0,1,0,14.379669473108295,12.99337681850211,0,0,C2,First-Time Buyers,C2 · First-Time Buyers
C0907,Individual,Danielle,Scott,1973-11-14,F,USA,California,Home,3,No,Agency,50.1,0,3,1375380.46,458460.1533333333,1459.1899999999998,0.0,0,0,0,14.134241676062029,13.0356308415349,0,1,C2,First-Time Buyers,C2 · First-Time Buyers
C0908,Individual,Carl,Kim,1960-11-17,M,USA,California,Home,4,Yes,Agency,63.1,0,4,1129941.35,282485.3375,825.1325,0.25,0,0,1,13.93767717168796,12.551385465567256,1,2,C1,Global Investors,C1 · Global Investors
C0909,Individual,Brandon,Turner,1967-07-10,M,USA,California,Investment,1,Yes,Agency,56.5,0,4,1529455.73,382363.9325,1183.04,0.5,0,1,1,14.240423151881972,12.854130752240952,0,0,C2,First-Time Buyers,C2 · First-Time Buyers
C0910,Individual,Victoria,Jackson,1971-11-24,F,USA,Texas,Home,3,Yes,Agency,52.1,0,3,1293598.48,431199.49333333335,1238.36,0.3333333333333333,0,0,1,14.07293918526598,12.974328442670272,0,1,C2,First-Time Buyers,C2 · First-Time Buyers
C0911,Individual,Donald,Long,1989-03-27,M,USA,California,Home,4,No,Website,34.8,0,4,1310405.32,327601.33,972.335,0.0,0,0,0,14.085847815024135,12.69955574326787,0,0,C2,First-Time Buyers,C2 · First-Time Buyers
C0912,Individual,Christina,Freeman,1949-05-11,F,USA,California,Home,1,No,Agency,74.6,0,3,1322130.05,440710.01666666666,1351.4633333333334,0.3333333333333333,0,0,0,14.094755424586605,12.9961446486267,0,1,C2,First-Time Buyers,C2 · First-Time Buyers
C0913,Individual,Nathan,Hansen,1999-01-13,M,USA,California,Home,4,No,Agency,25.0,0,4,1935637.92,483909.48,1552.15,0.25,0,0,0,14.475948021159367,13.089655209914117,0,0,C2,First-Time Buyers,C2 · First-Time Buyers
C0914,Individual,Helen,Freeman,1948-10-12,F,France,Provence,Investment,4,No,Website,75.2,1,4,1124290.78,281072.695,984.6475,0.25,0,1,0,13.932663866495256,12.546372173718273,1,0,C1,Global Investors,C1 · Global Investors
C0915,Individual,Ronald,Harris,1948-01-23,M,USA,Florida,Home,2,No,Agency,75.9,0,3,1309768.71,436589.57,1283.46,0.0,0,0,0,14.085361885830647,12.986751124147364,0,1,C2,First-Time Buyers,C2 · First-Time Buyers
C0916,Individual,Nathan,Hansen,1988-02-10,M,Russia,Moscow Oblast,Home,2,No,Website,35.9,1,4,1377591.46,344397.865,1114.105,0.0,0,0,0,14.135847939353749,12.749555755943755,0,0,C2,First-Time Buyers,C2 · First-Time Buyers
C0917,Individual,Kenneth,Hughes,1969-08-01,M,USA,Arizona,Home,2,Yes,Agency,54.4,0,3,756785.49,252261.83,851.4266666666667,0.0,0,0,1,13.536836445080551,12.438226799162257,1,2,C1,Global Investors,C1 · Global Investors
C0918,Individual,Susan,Cook,2000-02-21,F,Australia,Western Australia,Home,4,No,Client,23.9,1,3,1461361.8699999999,487120.6233333333,1583.2166666666665,0.3333333333333333,0,0,0,14.194880030872653,13.096269110789084,0,1,C2,First-Time Buyers,C2 · First-Time Buyers
C0919,Individual,Barbara,Foster,1975-08-17,F,Canada,Quebec,Investment,5,No,Agency,48.4,1,3,1059524.55,353174.85000000003,1179.5233333333333,0.0,0,1,0,13.873331771548381,12.774721370515838,1,1,C1,Global Investors,C1 · Global Investors
C0920,Individual,Christian,Williams,1973-10-11,M,USA,California,Home,4,No,Website,50.2,0,3,878368.79,292789.5966666667,934.4333333333334,0.0,0,0,0,13.68582295706948,12.587212945344117,1,2,C1,Global Investors,C1 · Global Investors
C0921,Individual,Christina,Reyes,1999-03-10,F,Australia,New South Wales,Home,4,No,Agency,24.8,1,3,802736.76,267578.92,900.46,0.0,0,0,0,13.595783364249094,12.497173567051558,1,2,C1,Global Investors,C1 · Global Investors
C0922,Individual,Joe,Bell,1942-10-28,M,Australia,Victoria,Investment,4,Yes,Website,81.2,1,3,1105753.98,368584.66,1200.3500000000001,0.0,0,1,1,13.916038899450932,12.817428419500148,1,2,C1,Global Investors,C1 · Global Investors
C0923,Individual,Ruth,Richardson,1950-08-26,F,USA,Oregon,Home,3,No,Client,73.3,0,4,1183422.85,295855.7125,1035.1925,0.0,0,0,0,13.983922362815798,12.597630536710051,1,0,C1,Global Investors,C1 · Global Investors
C0924,Individual,Emily,Wright,1988-03-20,F,USA,California,Home,4,No,Website,35.8,0,4,1558670.83,389667.7075,1313.38,0.25,0,0,0,14.259344625560892,12.873052189154759,0,0,C2,First-Time Buyers,C2 · First-Time Buyers
C0925,Individual,Michael,Ward,1944-05-12,M,Germany,Hamburg,Home,2,No,Website,79.6,1,3,1308035.02,436011.67333333334,1471.8999999999999,0.3333333333333333,0,0,0,14.08403734884641,12.985426589187014,0,1,C2,First-Time Buyers,C2 · First-Time Buyers
C0926,Individual,Lauren,Harris,1961-04-04,F,USA,California,Home,3,No,Website,62.7,0,3,1078841.73,359613.91,1207.6466666666668,0.6666666666666666,0,0,0,13.891399478287923,12.79278904345642,1,1,C1,Global Investors,C1 · Global Investors
C0927,Individual,Carol,Hayes,1962-11-04,F,France,Ile-De-France,Home,4,No,Client,61.2,1,3,933499.38,311166.46,952.2633333333333,0.3333333333333333,0,0,0,13.746696649033998,12.648086502837279,1,1,C1,Global Investors,C1 · Global Investors
C0928,Individual,Jordan,Jordan,1950-02-27,M,USA,California,Home,1,Yes,Agency,73.8,0,3,758070.13,252690.04333333333,883.7466666666666,0.3333333333333333,0,0,1,13.538532499272032,12.439922848875296,1,1,C1,Global Investors,C1 · Global Investors
C0929,Individual,Jack,Hall,1954-05-23,M,USA,Washington,Home,4,No,Website,69.6,0,3,1167841.72,389280.5733333333,1117.9399999999998,0.0,0,0,0,13.970668775768923,12.872058199658722,0,1,C2,First-Time Buyers,C2 · First-Time Buyers
C0930,Individual,Debra,Moore,1993-04-15,F,USA,Washington,Investment,1,Yes,Agency,30.7,0,3,924305.53,308101.8433333333,1110.6233333333332,0.0,0,1,1,13.736799038033713,12.638188913147607,1,2,C1,Global Investors,C1 · Global Investors
C0931,Individual,Daniel,Parker,1977-12-25,M,USA,Nevada,Investment,2,Yes,Client,46.0,0,3,997418.61,332472.87,1090.9466666666667,0.0,0,1,1,13.812926833019791,12.714316549523803,1,2,C1,Global Investors,C1 · Global Investors
C0932,Individual,Kathleen,Moore,1949-07-14,F,USA,New York,Home,5,No,Website,74.5,0,4,1468310.6600000001,367077.66500000004,1196.9724999999999,0.0,0,0,0,14.199623768075938,12.813331450116921,0,0,C2,First-Time Buyers,C2 · First-Time Buyers
C0933,Individual,Kimberly,Johnson,1955-09-03,F,USA,California,Home,4,No,Website,68.3,0,3,1077170.94,359056.98,1155.4633333333334,0.3333333333333333,0,0,0,13.889849590564332,12.791239158608294,1,1,C1,Global Investors,C1 · Global Investors
C0934,Individual,Barbara,Allen,1943-10-02,F,UK,Northern Ireland,Investment,5,Yes,Website,80.2,1,3,912489.5900000001,304163.1966666667,1086.9833333333333,0.0,0,1,1,13.723933052056845,12.625322955189757,1,2,C1,Global Investors,C1 · Global Investors
C0935,Individual,Katherine,Cooper,2000-05-17,F,Canada,Manitoba,Home,4,No,Agency,23.6,1,3,1133032.49,377677.49666666664,1221.6766666666665,0.3333333333333333,0,0,0,13.940409098267027,12.84179857477025,1,1,C1,Global Investors,C1 · Global Investors
C0936,Individual,Carolyn,Brooks,1951-04-10,F,USA,California,Home,3,No,Client,72.7,0,3,782945.97,260981.99,879.3433333333332,0.3333333333333333,0,0,0,13.570820245987175,12.472210511767223,1,2,C1,Global Investors,C1 · Global Investors
C0937,Individual,Gerald,Chavez,1982-04-03,M,USA,Arizona,Home,5,No,Client,41.7,0,4,1370340.9100000001,342585.22750000004,1127.3175,0.0,0,0,0,14.130570836010126,12.744278664122495,0,0,C2,First-Time Buyers,C2 · First-Time Buyers
C0938,Individual,William,Chavez,1963-05-08,M,Russia,Krasnodar Krai,Home,4,No,Website,60.7,1,3,854217.7,284739.23333333334,851.87,0.0,0,0,0,13.657942528978491,12.55933258162843,1,2,C1,Global Investors,C1 · Global Investors
C0939,Individual,Anna,Alexander,1978-02-02,F,Belgium,Brussels,Investment,1,No,Website,45.9,1,4,1190833.68,297708.42,996.3625,0.0,0,1,0,13.990165030978153,12.603873189096467,1,0,C1,Global Investors,C1 · Global Investors
C0940,Individual,Kyle,Bell,1985-12-19,M,USA,Virginia,Investment,5,No,Website,38.0,0,4,1628937.85,407234.4625,1332.2825,0.25,0,1,0,14.303439348512503,12.917146829080677,0,0,C2,First-Time Buyers,C2 · First-Time Buyers
C0941,Individual,Grace,Moore,1955-07-17,F,Mexico,Jalisco,Home,1,No,Agency,68.5,1,3,1028314.09,342771.36333333334,1089.46,0.3333333333333333,0,0,0,13.843432185815434,12.74482184207459,1,1,C1,Global Investors,C1 · Global Investors
C0942,Individual,Joan,Jackson,1991-12-14,F,USA,California,Home,1,No,Website,32.0,0,4,1402631.76,350657.94,1008.6625,0.0,0,0,0,14.153861571435598,12.767569349148394,0,0,C2,First-Time Buyers,C2 · First-Time Buyers
C0943,Individual,Karen,Cox,1957-09-13,F,Canada,Manitoba,Investment,5,No,Website,66.3,1,3,975048.28,325016.0933333333,1129.1766666666665,0.3333333333333333,0,1,0,13.790243292292443,12.691633054800608,1,1,C1,Global Investors,C1 · Global Investors
C0944,Individual,Virginia,Hughes,1956-08-24,F,USA,Florida,Home,2,No,Website,67.4,0,3,1256722.03,418907.3433333333,1283.46,0.3333333333333333,0,0,0,14.044018121209174,12.945407423980354,0,1,C2,First-Time Buyers,C2 · First-Time Buyers
C0945,Individual,Emily,Hayes,1945-09-04,F,France,Provence,Home,4,No,Website,78.3,1,3,973406.55,324468.85000000003,1102.8633333333335,0.0,0,0,0,13.788558132669472,12.689947898637106,1,2,C1,Global Investors,C1 · Global Investors
C0946,Individual,Ashley,Weaver,1946-07-04,F,USA,Nevada,Investment,3,Yes,Agency,77.5,0,3,827605.63,275868.54333333333,897.3100000000001,0.0,0,1,1,13.626293235937917,12.527683363873917,1,2,C1,Global Investors,C1 · Global Investors
C0947,Individual,Samantha,Cox,1981-05-16,F,USA,Texas,Home,2,No,Website,42.6,0,3,1096583.29,365527.76333333337,1190.3133333333333,0.0,0,0,0,13.907710715750614,12.809100250926047,1,1,C1,Global Investors,C1 · Global Investors
C0948,Individual,Emma,Nelson,1989-12-16,F,USA,California,Investment,3,Yes,Website,34.0,0,4,1532000.51,383000.1275,1299.3675,0.5,0,1,1,14.242085614921875,12.855793212022679,0,0,C2,First-Time Buyers,C2 · First-Time Buyers
C0949,Individual,Julia,Price,1943-06-26,F,USA,Colorado,Investment,5,Yes,Client,80.5,0,4,1397057.95,349264.4875,1102.2725,0.25,0,1,1,14.14987983491502,12.76358762116105,0,0,C2,First-Time Buyers,C2 · First-Time Buyers
C0950,Individual,Christina,Price,1991-12-11,F,USA,Texas,Investment,5,No,Website,32.1,0,4,1418212.48,354553.12,1146.9925,0.25,0,1,0,14.164908524813207,12.77861627902847,0,0,C2,First-Time Buyers,C2 · First-Time Buyers
C0951,Individual,Rachel,Chavez,1998-11-15,F,Mexico,Nuevo Leon,Home,1,Yes,Client,25.1,1,4,1658301.92,414575.48,1290.8,0.0,0,0,1,14.321305300040054,12.93501274799693,0,0,C2,First-Time Buyers,C2 · First-Time Buyers
C0952,Individual,Ann,Martin,1959-09-03,F,USA,Oregon,Home,5,No,Website,64.3,0,4,1886501.9300000002,471625.48250000004,1510.65,0.25,0,0,0,14.450235371526032,13.063942600648897,0,0,C2,First-Time Buyers,C2 · First-Time Buyers
C0953,Company,Helios,Co,1995-10-22,M,USA,Washington,Home,5,Yes,Website,28.2,0,3,639815.0,213271.66666666666,839.1433333333334,0.0,1,0,1,13.368935913999806,12.270326751225507,3,3,C3,Corporate Buyers,C3 · Corporate Buyers
C0954,Individual,Michael,Evans,1950-04-08,M,France,Brittany,Investment,4,Yes,Agency,73.7,1,4,1493788.0,373447.0,1204.4975,0.25,0,1,1,14.21682640310774,12.8305340503016,0,0,C2,First-Time Buyers,C2 · First-Time Buyers
C0955,Individual,Megan,Garcia,1969-01-11,F,USA,California,Home,1,No,Website,55.0,0,3,1098111.78,366037.26,1205.9633333333334,0.0,0,0,0,13.90910360980239,12.810493142439173,1,2,C1,Global Investors,C1 · Global Investors
C0956,Individual,Donald,Jackson,1966-03-10,M,USA,California,Home,1,Yes,Website,57.8,0,4,1647197.45,411799.3625,1294.645,0.25,0,0,1,14.314586493704502,12.928293953857128,0,0,C2,First-Time Buyers,C2 · First-Time Buyers
C0957,Company,Crestwood,Co,1961-05-21,M,USA,Oregon,Home,2,Yes,Client,62.6,0,4,1295242.02,323810.505,1072.5575,0.0,1,0,1,14.074208895741457,12.687916850786548,3,3,C3,Corporate Buyers,C3 · Corporate Buyers
C0958,Individual,Betty,Rogers,1991-07-11,F,USA,Nevada,Home,1,Yes,Website,32.5,0,4,936091.4500000001,234022.86250000002,834.6575,0.0,0,0,1,13.74946952194968,12.363178365636315,1,2,C1,Global Investors,C1 · Global Investors
C0959,Individual,Carl,Hayes,1952-09-13,M,USA,California,Home,3,No,Agency,71.3,0,4,1840159.66,460039.915,1572.79,0.0,0,0,0,14.425363440990807,13.039070710162022,0,0,C2,First-Time Buyers,C2 · First-Time Buyers
C0960,Individual,Linda,Bennett,1960-04-01,F,USA,Arizona,Investment,1,Yes,Client,63.8,0,4,1380084.58,345021.145,1148.2475,0.25,0,1,1,14.137656069703322,12.751363882359307,0,0,C2,First-Time Buyers,C2 · First-Time Buyers
C0961,Individual,Brandon,Morales,1974-08-03,M,UK,Wales,Home,2,Yes,Website,49.4,1,4,1681311.67,420327.9175,1271.345,0.0,0,0,1,14.335085397473991,12.948792820672614,0,0,C2,First-Time Buyers,C2 · First-Time Buyers
C0962,Individual,Nicholas,Hansen,1940-07-18,M,USA,California,Home,4,No,Website,83.5,0,4,1335726.82,333931.705,1114.2125,0.0,0,0,0,14.104986884778542,12.718694769622678,0,0,C2,First-Time Buyers,C2 · First-Time Buyers
C0963,Individual,James,Davis,1941-08-09,M,Canada,Alberta,Home,4,No,Agency,82.4,1,3,598874.99,199624.99666666667,678.9699999999999,0.3333333333333333,0,0,0,13.30280982728362,12.204200878199487,1,2,C1,Global Investors,C1 · Global Investors
C0964,Individual,Elizabeth,Hall,1953-09-19,F,USA,California,Home,4,No,Website,70.3,0,3,1015121.6900000001,338373.89666666667,1168.3833333333334,0.0,0,0,0,13.830520040000298,12.731909721535445,1,1,C1,Global Investors,C1 · Global Investors
C0965,Individual,Lauren,Adams,1961-09-26,F,USA,New York,Investment,3,No,Website,62.3,0,3,840199.6100000001,280066.5366666667,862.1066666666666,0.3333333333333333,0,1,0,13.64139596373477,12.542786055447722,1,1,C1,Global Investors,C1 · Global Investors
C0966,Company,Corvus,Co,1995-10-11,M,USA,California,Investment,3,No,Website,28.2,0,4,1606785.0499999998,401696.26249999995,1510.34,0.25,1,1,0,14.289746499577449,12.903454005536998,3,3,C3,Corporate Buyers,C3 · Corporate Buyers
C0967,Individual,Jennifer,Moore,1959-01-20,F,USA,California,Home,2,No,Agency,64.9,0,3,705599.66,235199.8866666667,879.3433333333332,0.3333333333333333,0,0,0,13.466804719048431,12.368195264840773,1,2,C1,Global Investors,C1 · Global Investors
C0968,Individual,Julie,Hansen,1995-11-21,F,USA,Arizona,Home,4,No,Website,28.1,0,3,1089074.71,363024.9033333333,1168.3833333333334,0.3333333333333333,0,0,0,13.900839921996225,12.802229469746047,1,1,C1,Global Investors,C1 · Global Investors
C0969,Individual,Amber,Ward,1976-03-27,F,Russia,Tatarstan,Investment,1,Yes,Agency,47.8,1,3,1118760.19,372920.0633333333,1186.4366666666667,0.3333333333333333,0,1,1,13.927732550755817,12.829122049777725,1,1,C1,Global Investors,C1 · Global Investors
C0970,Individual,Peter,Johnson,1986-12-01,M,Denmark,North Denmark,Home,3,Yes,Website,37.1,1,4,1596404.25,399101.0625,1313.38,0.25,0,0,1,14.28326494080077,12.896972458901196,0,0,C2,First-Time Buyers,C2 · First-Time Buyers
C0971,Individual,Cynthia,Mitchell,1969-06-02,F,USA,Colorado,Investment,5,Yes,Website,54.6,0,4,1278450.05,319612.5125,1011.23,0.0,0,1,1,14.061159785925268,12.674867771392272,0,0,C2,First-Time Buyers,C2 · First-Time Buyers
C0972,Individual,Sandra,Evans,1964-09-16,F,USA,Arizona,Home,5,No,Agency,59.3,0,4,1298009.03,324502.2575,1072.985,0.0,0,0,0,14.076342903489044,12.690050853596697,0,0,C2,First-Time Buyers,C2 · First-Time Buyers
C0973,Individual,Charles,Stone,1992-12-03,M,USA,California,Investment,2,No,Client,31.1,0,4,1595817.1600000001,398954.29000000004,1210.7375000000002,0.25,0,1,0,14.282897115663731,12.89660463445551,0,0,C2,First-Time Buyers,C2 · First-Time Buyers
C0974,Individual,Michael,Hansen,1961-05-22,M,USA,New York,Home,1,No,Agency,62.6,0,4,1210990.11,302747.5275,1008.395,0.0,0,0,0,14.006949681467821,12.620657797654543,1,2,C1,Global Investors,C1 · Global Investors
C0975,Individual,Gregory,Reyes,1946-07-09,M,USA,Utah,Home,4,No,Website,77.5,0,3,941310.61,313770.2033333333,1050.08,0.0,0,0,0,13.75502951146541,12.656419347489967,1,2,C1,Global Investors,C1 · Global Investors
C0976,Individual,Ryan,Miller,1983-07-18,M,USA,California,Home,4,Yes,Website,40.5,0,4,1206149.98,301537.495,947.7475000000001,0.25,0,0,1,14.002944839146666,12.61665296527449,0,0,C2,First-Time Buyers,C2 · First-Time Buyers
C0977,Individual,Ryan,James,1996-04-07,M,USA,California,Home,1,No,Agency,27.7,0,3,944672.95,314890.98333333334,1092.5066666666667,0.0,0,0,0,13.75859512048553,12.659984948947764,1,1,C1,Global Investors,C1 · Global Investors
C0978,Individual,Lauren,Brown,1963-11-11,F,USA,California,Home,4,Yes,Website,60.1,0,3,1449360.9100000001,483120.3033333334,1526.9566666666667,0.0,0,0,1,14.186633955472063,13.088023046720595,0,1,C2,First-Time Buyers,C2 · First-Time Buyers
C0979,Individual,Madison,Roberts,1940-02-25,F,Canada,Quebec,Investment,4,No,Website,83.8,1,3,864661.4500000001,288220.48333333334,939.3299999999999,0.0,0,1,0,13.670094478540129,12.571484502910694,1,2,C1,Global Investors,C1 · Global Investors
C0980,Individual,Daniel,Davis,1942-01-13,M,USA,New York,Investment,1,Yes,Website,82.0,0,3,1156326.6400000001,385442.2133333334,1392.5566666666666,0.3333333333333333,0,1,1,13.960759713662547,12.86214915460653,1,1,C1,Global Investors,C1 · Global Investors
C0981,Individual,Jessica,Stewart,1961-11-14,F,USA,California,Investment,1,No,Website,62.1,0,4,2048324.19,512081.0475,1555.2975000000001,0.25,0,1,0,14.53253303671635,13.14624014020658,0,0,C2,First-Time Buyers,C2 · First-Time Buyers
C0982,Individual,Joyce,Jackson,1961-07-08,F,Canada,Manitoba,Investment,5,Yes,Agency,62.5,1,3,1443503.73,481167.91,1456.36,0.0,0,1,1,14.18258455483764,13.083973651685332,0,1,C2,First-Time Buyers,C2 · First-Time Buyers
C0983,Individual,Brittany,Freeman,1994-06-21,F,Germany,North Rhine-Westphalia,Home,4,No,Website,29.5,1,3,803219.7,267739.89999999997,899.62,0.0,0,0,0,13.596384799499862,12.497775000804321,1,2,C1,Global Investors,C1 · Global Investors
C0984,Individual,Mark,Johnson,1962-12-03,M,Canada,British Columbia,Home,5,Yes,Agency,61.1,1,3,1206529.21,402176.4033333333,1337.1733333333334,0.3333333333333333,0,0,1,14.003259203103822,12.904648572080358,0,1,C2,First-Time Buyers,C2 · First-Time Buyers
C0985,Individual,Ruth,Griffin,1954-10-15,F,USA,California,Home,1,Yes,Website,69.2,0,3,886990.72,295663.5733333333,934.4333333333334,0.3333333333333333,0,0,1,13.695590926411619,12.596980892553447,1,1,C1,Global Investors,C1 · Global Investors
C0986,Individual,Jacqueline,Ward,1981-10-18,F,Russia,Saint Petersburg,Home,2,No,Website,42.2,1,3,1445226.07,481742.0233333334,1510.3766666666668,0.3333333333333333,0,0,0,14.183777009051692,13.085166104248206,0,1,C2,First-Time Buyers,C2 · First-Time Buyers
C0987,Individual,Maria,Johnson,1967-10-22,F,Germany,North Rhine-Westphalia,Home,1,Yes,Agency,56.2,1,4,1086018.36,271504.59,984.12,0.25,0,0,1,13.898029606204782,12.511738007462771,1,2,C1,Global Investors,C1 · Global Investors
C0988,Individual,Douglas,Cooper,1988-04-21,M,USA,Texas,Home,3,Yes,Agency,35.7,0,3,695033.8,231677.93333333335,724.0866666666667,0.0,0,0,1,13.451717195235817,12.353107784117325,1,2,C1,Global Investors,C1 · Global Investors
C0989,Individual,Amber,Cook,1946-10-19,F,USA,Oregon,Home,4,No,Website,77.2,0,4,1129907.31,282476.8275,1035.1925,0.25,0,0,0,13.937647045803446,12.551355339762726,1,1,C1,Global Investors,C1 · Global Investors
C0990,Individual,Carl,Carter,1942-01-21,M,USA,Utah,Home,4,No,Website,81.9,0,4,1588383.3599999999,397095.83999999997,1321.76,0.0,0,0,0,14.278227931804457,12.891935459394404,0,0,C2,First-Time Buyers,C2 · First-Time Buyers
C0991,Individual,Heather,Adams,1975-03-27,F,USA,Nevada,Home,1,No,Website,48.8,0,3,1223116.15,407705.3833333333,1464.8466666666666,0.0,0,0,0,14.016913199125169,12.918302545622067,0,1,C2,First-Time Buyers,C2 · First-Time Buyers
C0992,Individual,Scott,Hughes,1988-11-19,M,Denmark,Capital Region,Home,1,Yes,Website,35.1,1,4,1478482.61,369620.6525,1205.465,0.0,0,0,1,14.206527532653535,12.82023520063761,0,0,C2,First-Time Buyers,C2 · First-Time Buyers
C0993,Individual,Ryan,Campbell,1954-03-11,M,USA,California,Home,2,Yes,Website,69.8,0,3,530494.44,176831.47999999998,610.62,0.0,0,0,1,13.181566641334765,12.08295812272023,1,2,C1,Global Investors,C1 · Global Investors
C0994,Individual,Michael,Moore,1976-11-26,M,USA,California,Home,3,No,Website,47.1,0,4,1379902.8699999999,344975.71749999997,1187.8925000000002,0.0,0,0,0,14.137524395286768,12.751232208229,0,0,C2,First-Time Buyers,C2 · First-Time Buyers
C0995,Individual,Amanda,Kim,1949-10-14,F,Australia,New South Wales,Home,1,Yes,Website,74.2,1,3,1004120.77,334706.92333333334,1037.11,0.3333333333333333,0,0,1,13.819623856739955,12.721013559860161,1,1,C1,Global Investors,C1 · Global Investors
C0996,Individual,Terry,Howard,1956-06-11,M,Canada,Manitoba,Home,2,Yes,Client,67.6,1,3,888968.0,296322.6666666667,941.2099999999999,0.3333333333333333,0,0,1,13.697817643246877,12.599207604373474,1,1,C1,Global Investors,C1 · Global Investors
C0997,Individual,Terry,Collins,1950-03-11,M,USA,California,Investment,3,Yes,Agency,73.8,0,3,1607877.07,535959.0233333333,1654.4733333333334,0.3333333333333333,0,1,1,14.2904258987316,13.19181485393813,0,1,C2,First-Time Buyers,C2 · First-Time Buyers
C0998,Company,Grandis,Co,1969-05-06,F,USA,Virginia,Home,4,No,Agency,54.7,0,4,1230552.15,307638.0375,1053.27,0.25,1,0,0,14.02297434170407,12.636682418509224,3,3,C3,Corporate Buyers,C3 · Corporate Buyers
C0999,Individual,Jacqueline,Cox,1969-09-15,F,USA,California,Investment,3,No,Agency,54.3,0,3,661984.35,220661.44999999998,753.3133333333334,0.0,0,1,0,13.40299870476491,12.304389437307131,1,2,C1,Global Investors,C1 · Global Investors
C1000,Individual,Judith,Parker,1963-07-21,F,USA,Utah,Home,2,Yes,Website,60.4,0,4,1629372.23,407343.0575,1316.6550000000002,0.0,0,0,1,14.303705977363213,12.917413457440407,0,0,C2,First-Time Buyers,C2 · First-Time Buyers
C1001,Individual,Aaron,Nelson,1981-07-13,M,USA,California,Home,3,No,Website,42.5,0,4,1650296.94,412574.235,1326.3725,0.0,0,0,0,14.316466399272988,12.930173856005014,0,0,C2,First-Time Buyers,C2 · First-Time Buyers
C1002,Individual,Scott,Hughes,1967-06-08,M,USA,California,Home,5,No,Website,56.6,0,3,1064050.72,354683.5733333333,1052.0866666666668,0.3333333333333333,0,0,0,13.877594556724903,12.778984147662909,1,1,C1,Global Investors,C1 · Global Investors
C1003,Individual,Lauren,Bennett,1977-08-11,F,USA,Nevada,Home,2,No,Website,46.4,0,3,1164909.23,388303.07666666666,1303.7766666666666,0.3333333333333333,0,0,0,13.968154586218997,12.869544014419905,0,1,C2,First-Time Buyers,C2 · First-Time Buyers
C1004,Individual,Alexander,Anderson,1982-09-17,M,USA,Oregon,Home,3,Yes,Website,41.3,0,4,1553467.6600000001,388366.91500000004,1254.045,0.0,0,0,1,14.256000833810651,12.869708403851124,0,0,C2,First-Time Buyers,C2 · First-Time Buyers
C1005,Individual,Barbara,Chavez,1988-06-07,F,Germany,Hamburg,Home,3,No,Client,35.6,1,3,778101.6000000001,259367.20000000004,993.0033333333334,0.3333333333333333,0,0,0,13.564613671072257,12.466003952755962,1,1,C1,Global Investors,C1 · Global Investors
C1006,Individual,Stephanie,Weaver,1992-12-24,F,USA,Georgia,Home,1,No,Website,31.0,0,3,738938.8,246312.93333333335,828.39,0.0,0,0,0,13.512971735177805,12.414362153086461,1,2,C1,Global Investors,C1 · Global Investors
C1007,Individual,Joyce,Brooks,1948-10-25,F,UK,England,Home,4,No,Agency,75.2,1,3,813104.68,271034.89333333337,847.0366666666667,0.3333333333333333,0,0,0,13.608616367782156,12.51000653881589,1,2,C1,Global Investors,C1 · Global Investors
C1008,Company,Sterling,Co,1987-10-02,M,USA,California,Home,2,No,Website,36.2,0,4,1018262.69,254565.6725,849.79,0.0,1,0,0,13.833609470055684,12.447318055123123,3,3,C3,Corporate Buyers,C3 · Corporate Buyers
C1009,Individual,Evelyn,Bell,1950-02-11,F,USA,Nevada,Investment,4,Yes,Agency,73.9,0,3,741160.04,247053.34666666668,971.1899999999999,0.0,0,1,1,13.515973208601151,12.41736361839828,1,2,C1,Global Investors,C1 · Global Investors
C1010,Individual,Dennis,Moore,1964-03-10,M,Mexico,Jalisco,Home,4,No,Website,59.8,1,4,1331479.73,332869.9325,1077.195,0.25,0,0,0,14.10180221173185,12.715510103740037,0,0,C2,First-Time Buyers,C2 · First-Time Buyers
C1011,Individual,Virginia,Brooks,1952-12-18,F,USA,California,Investment,1,No,Website,71.0,0,4,1281389.3900000001,320347.34750000003,1075.505,0.0,0,1,0,14.063456288549135,12.677164268633385,0,0,C2,First-Time Buyers,C2 · First-Time Buyers
C1012,Individual,Raymond,Morales,1960-10-20,M,USA,New York,Home,4,Yes,Website,63.2,0,3,1690270.5,563423.5,1736.0333333333335,0.3333333333333333,0,0,1,14.340399724883858,13.241788619456912,0,1,C2,First-Time Buyers,C2 · First-Time Buyers
C1013,Individual,Stephanie,Patterson,1994-06-19,F,USA,Oregon,Home,1,Yes,Website,29.5,0,4,1627907.97,406976.9925,1298.145,0.25,0,0,1,14.302806908747893,12.91651439048119,0,0,C2,First-Time Buyers,C2 · First-Time Buyers
C1014,Individual,David,Weaver,1969-01-06,M,USA,California,Home,3,Yes,Website,55.0,0,3,1278106.36,426035.45333333337,1523.6933333333334,0.0,0,0,1,14.06089091665107,12.96228019279551,0,1,C2,First-Time Buyers,C2 · First-Time Buyers
C1015,Individual,Kyle,Davis,1977-09-01,M,USA,California,Home,4,Yes,Website,46.3,0,3,884426.51,294808.83666666667,973.09,0.0,0,0,1,13.692695833316115,12.594085805995281,1,2,C1,Global Investors,C1 · Global Investors
C1016,Individual,Andrea,Wilson,1976-04-05,F,USA,California,Home,4,Yes,Agency,47.7,0,4,1542774.6099999999,385693.65249999997,1214.5625,0.25,0,0,1,14.249093696272398,12.862801279697821,0,0,C2,First-Time Buyers,C2 · First-Time Buyers
C1017,Individual,Megan,Baker,1968-12-22,F,USA,California,Home,1,Yes,Agency,55.0,0,4,1116371.43,279092.8575,928.745,0.25,0,0,1,13.925595084889707,12.539303411041455,1,2,C1,Global Investors,C1 · Global Investors
C1018,Individual,Tiffany,Turner,1967-06-19,F,USA,Colorado,Home,5,Yes,Client,56.5,0,3,845680.5700000001,281893.5233333334,1033.4833333333333,0.0,0,0,1,13.647898172935003,12.54928824922045,1,2,C1,Global Investors,C1 · Global Investors
C1019,Individual,Carolyn,Stewart,1975-10-27,F,USA,Nevada,Home,2,No,Client,48.2,0,3,1167255.18,389085.06,1325.0800000000002,0.0,0,0,0,13.970166407314776,12.871555832065127,0,1,C2,First-Time Buyers,C2 · First-Time Buyers
C1020,Individual,Deborah,Morales,1994-07-23,F,USA,California,Home,3,No,Agency,29.4,0,4,1248826.8599999999,312206.71499999997,994.0725,0.25,0,0,0,14.037715957351548,12.651423998481393,0,0,C2,First-Time Buyers,C2 · First-Time Buyers
C1021,Individual,Jeffrey,Bryant,1974-09-04,M,USA,California,Investment,1,No,Client,49.3,0,4,1554739.9,388684.975,1340.7775000000001,0.25,0,1,0,14.256819465917973,12.870527034378185,0,0,C2,First-Time Buyers,C2 · First-Time Buyers
C1022,Individual,Christina,King,1984-04-17,F,USA,Colorado,Home,1,No,Agency,39.7,0,4,1389709.13,347427.2825,1122.0925,0.25,0,0,0,14.14460574379113,12.75831354139247,0,0,C2,First-Time Buyers,C2 · First-Time Buyers
C1023,Individual,Heather,Bell,1953-07-28,F,USA,Nevada,Home,1,Yes,Website,70.4,0,3,1336237.87,445412.62333333335,1599.3433333333332,0.0,0,0,1,14.105369412007002,13.006758620076152,0,1,C2,First-Time Buyers,C2 · First-Time Buyers
C1024,Individual,Gregory,Long,1969-08-03,M,USA,Arizona,Investment,2,No,Agency,54.4,0,3,1351032.92,450344.30666666664,1510.3766666666668,0.0,0,1,0,14.116380723955057,13.017769915633584,0,1,C2,First-Time Buyers,C2 · First-Time Buyers
C1025,Individual,Michelle,King,1947-01-20,F,USA,California,Home,1,No,Client,76.9,0,3,738424.1799999999,246141.3933333333,735.3566666666667,0.3333333333333333,0,0,0,13.512275062347758,12.413665482142667,1,2,C1,Global Investors,C1 · Global Investors
C1026,Individual,Robert,Parker,1991-08-12,M,USA,California,Investment,1,No,Agency,32.4,0,3,1440775.1,480258.3666666667,1452.2633333333333,0.0,0,1,0,14.180692484699637,13.082081584171304,0,1,C2,First-Time Buyers,C2 · First-Time Buyers
C1027,Individual,Gerald,White,1976-12-10,M,USA,California,Investment,1,Yes,Client,47.1,0,3,1554407.81,518135.9366666667,1649.26,0.3333333333333333,0,1,1,14.256605844811086,13.157994842804953,0,1,C2,First-Time Buyers,C2 · First-Time Buyers
C1028,Individual,Nicholas,Cox,1942-04-07,M,USA,California,Home,1,Yes,Website,81.7,0,4,1143826.71,285956.6775,984.12,0.0,0,0,1,13.949890836433234,12.563599098082525,1,0,C1,Global Investors,C1 · Global Investors
C1029,Individual,Ryan,Jackson,1949-11-06,M,Australia,Victoria,Home,1,No,Agency,74.2,1,3,946560.97,315520.3233333333,1049.3799999999999,0.0,0,0,0,13.76059172028277,12.661981544522163,1,2,C1,Global Investors,C1 · Global Investors
C1030,Individual,Christine,Owens,1960-04-20,F,USA,Ohio,Home,4,No,Website,63.7,0,4,1353543.06,338385.765,1070.475,0.0,0,0,0,14.118236940147968,12.731944795429275,0,0,C2,First-Time Buyers,C2 · First-Time Buyers
C1031,Individual,Alexander,Reed,1989-01-13,M,UK,England,Home,1,No,Website,35.0,1,3,1011333.2,337111.06666666665,1088.5866666666668,0.3333333333333333,0,0,0,13.826781007176653,12.728170696092237,1,1,C1,Global Investors,C1 · Global Investors
C1032,Individual,Larry,Freeman,1977-01-03,M,USA,Nevada,Home,5,No,Website,47.0,0,4,1494289.73,373572.4325,1086.2275,0.0,0,0,0,14.217162224136663,12.830869870656201,0,0,C2,First-Time Buyers,C2 · First-Time Buyers
C1033,Individual,Eric,Jackson,1962-06-21,M,France,Ile-De-France,Home,2,No,Website,61.5,1,4,1496120.51,374030.1275,1313.38,0.25,0,0,0,14.218386657480162,12.832094301542986,0,0,C2,First-Time Buyers,C2 · First-Time Buyers
C1034,Individual,Andrea,Wilson,1979-01-20,F,USA,Colorado,Home,5,No,Client,44.9,0,4,1200049.6,300012.4,970.375,0.25,0,0,0,13.997874280535907,12.61158241930748,0,0,C2,First-Time Buyers,C2 · First-Time Buyers
C1035,Individual,Jacob,Williams,1961-02-10,M,USA,Virginia,Home,2,No,Website,62.9,0,4,1528550.1300000001,382137.53250000003,1227.17,0.5,0,0,0,14.239830870849396,12.853538472370465,0,1,C2,First-Time Buyers,C2 · First-Time Buyers
C1036,Individual,Martha,Collins,1988-03-13,F,USA,Oregon,Home,2,No,Agency,35.8,0,3,1176436.08,392145.36000000004,1350.4933333333333,0.0,0,0,0,13.978001005056429,12.879390416435296,0,1,C2,First-Time Buyers,C2 · First-Time Buyers
C1037,Company,Corvus,Co,1970-01-02,M,Mexico,Baja California,Home,2,Yes,Website,54.0,1,3,1115637.13,371879.0433333333,1190.3133333333333,0.3333333333333333,1,0,1,13.924937113068559,12.826326617094832,3,3,C3,Corporate Buyers,C3 · Corporate Buyers
C1038,Individual,Gerald,Gray,1959-05-25,M,USA,California,Investment,3,No,Website,64.6,0,3,907128.2000000001,302376.0666666667,939.3299999999999,0.0,0,1,0,13.71804016658212,12.619430082669183,1,2,C1,Global Investors,C1 · Global Investors
C1039,Individual,Nicholas,Carter,1962-07-17,M,USA,California,Home,1,Yes,Agency,61.5,0,4,1428452.94,357113.235,1210.7375000000002,0.0,0,0,1,14.172103256520948,12.785810995571573,0,2,C2,First-Time Buyers,C2 · First-Time Buyers
C1040,Individual,Joseph,Young,1940-04-05,M,USA,California,Investment,5,Yes,Website,83.7,0,3,901095.79,300365.26333333337,992.2199999999999,0.0,0,1,1,13.711367955904056,12.612757886750877,1,2,C1,Global Investors,C1 · Global Investors
C1041,Individual,Evelyn,Morris,1990-12-07,F,USA,Nevada,Home,5,Yes,Website,33.1,0,3,1150040.79,383346.93,1303.7766666666666,0.0,0,0,1,13.955308838809618,12.856698289207234,0,1,C2,First-Time Buyers,C2 · First-Time Buyers
C1042,Individual,Rebecca,Parker,1945-08-03,F,USA,Nevada,Home,2,No,Agency,78.4,0,4,1325783.46,331445.865,1122.0925,0.0,0,0,0,14.097514887495814,12.71122278918462,0,0,C2,First-Time Buyers,C2 · First-Time Buyers
C1043,Individual,Carol,Griffin,1999-07-14,F,USA,Washington,Home,5,No,Website,24.5,0,3,1067911.8599999999,355970.61999999994,1357.1933333333334,0.0,0,0,0,13.88121670341319,12.782606287555307,1,1,C1,Global Investors,C1 · Global Investors
C1044,Individual,Eric,Howard,1971-05-15,M,USA,Nevada,Investment,5,No,Website,52.6,0,4,1368036.3900000001,342009.09750000003,1145.535,0.0,0,1,0,14.12888770866247,12.742595540462693,0,0,C2,First-Time Buyers,C2 · First-Time Buyers
C1045,Individual,Rebecca,Allen,1942-04-01,F,USA,New York,Home,3,No,Website,81.8,0,3,974840.03,324946.6766666667,1060.1133333333335,0.6666666666666666,0,0,0,13.79002969053267,12.691419453479014,1,1,C1,Global Investors,C1 · Global Investors
C1046,Individual,Maria,Wood,1969-05-21,F,Canada,Quebec,Home,4,Yes,Website,54.6,1,4,1301128.39,325282.0975,1049.6999999999998,0.0,0,0,1,14.078743206815345,12.69245115138201,0,0,C2,First-Time Buyers,C2 · First-Time Buyers
C1047,Individual,Ronald,Reyes,1984-12-12,M,USA,Virginia,Home,3,No,Website,39.1,0,3,1333737.83,444579.2766666667,1454.5733333333335,0.0,0,0,0,14.10349670668018,13.004885917554903,0,1,C2,First-Time Buyers,C2 · First-Time Buyers
C1048,Individual,Angela,Turner,1970-01-27,F,USA,Oregon,Investment,1,No,Agency,53.9,0,3,1349339.41,449779.8033333333,1439.256666666667,0.3333333333333333,0,1,0,14.115126445832793,13.016515639369251,0,1,C2,First-Time Buyers,C2 · First-Time Buyers
C1049,Individual,Tiffany,Sanders,1940-11-05,F,USA,California,Investment,5,No,Website,83.2,0,3,1214294.1600000001,404764.72000000003,1451.5366666666669,0.0,0,1,0,14.009674351198505,12.911063709575052,0,1,C2,First-Time Buyers,C2 · First-Time Buyers
C1050,Individual,Tyler,Watson,1955-10-03,M,USA,Georgia,Home,4,Yes,Website,68.2,0,4,1274655.09,318663.7725,1192.72,0.0,0,0,1,14.058186966856752,12.671894959310105,0,0,C2,First-Time Buyers,C2 · First-Time Buyers
C1051,Individual,Cheryl,Hansen,1958-07-19,F,USA,Virginia,Home,1,Yes,Agency,65.5,0,3,894972.26,298324.08666666667,1016.7433333333333,0.3333333333333333,0,0,1,13.704549119715692,12.605939065748723,1,1,C1,Global Investors,C1 · Global Investors
C1052,Individual,Kimberly,Parker,1953-04-24,F,USA,Utah,Home,1,Yes,Agency,70.7,0,4,1008000.54,252000.135,836.9425,0.0,0,0,1,13.823480255390061,12.43718887045167,1,2,C1,Global Investors,C1 · Global Investors
C1053,Individual,Adam,Kim,1974-11-10,M,Mexico,Nuevo Leon,Home,2,Yes,Website,49.1,1,3,1280976.9,426992.3,1336.61,0.0,0,0,1,14.06313432858329,12.964523601221147,0,1,C2,First-Time Buyers,C2 · First-Time Buyers
C1054,Individual,Edward,Foster,1989-09-04,M,USA,Arizona,Home,2,Yes,Website,34.3,0,3,837920.5800000001,279306.86000000004,879.3433333333332,0.3333333333333333,0,0,1,13.638679795133076,12.540069893320325,1,1,C1,Global Investors,C1 · Global Investors
C1055,Individual,Jonathan,Bennett,1972-11-20,M,USA,New York,Investment,2,Yes,Website,51.1,0,3,811498.78,270499.5933333333,926.3966666666666,0.3333333333333333,0,1,1,13.60663939483385,12.508029570735152,1,1,C1,Global Investors,C1 · Global Investors
C1056,Individual,Larry,Wilson,1979-01-19,M,USA,Colorado,Home,1,Yes,Website,45.0,0,3,1436352.77,478784.25666666665,1754.9366666666667,0.3333333333333333,0,0,1,14.17761835618789,13.07900745993344,0,1,C2,First-Time Buyers,C2 · First-Time Buyers
C1057,Individual,Jesse,Garcia,1994-04-17,M,USA,Nevada,Investment,5,No,Website,29.7,0,4,1430593.53,357648.3825,1301.4,0.0,0,1,0,14.173600671078582,12.787308406986739,0,0,C2,First-Time Buyers,C2 · First-Time Buyers
C1058,Individual,Rachel,Weaver,1973-06-12,F,Germany,Bavaria,Home,3,Yes,Website,50.6,1,4,1526007.8199999998,381501.95499999996,1190.4075,0.25,0,0,1,14.23816627062635,12.851873875417148,0,0,C2,First-Time Buyers,C2 · First-Time Buyers
C1059,Individual,Danielle,Davis,1978-06-26,F,USA,California,Home,4,No,Website,45.5,0,3,1266979.76,422326.58666666667,1422.97,0.6666666666666666,0,0,0,14.05214727371047,12.95353656359705,0,1,C2,First-Time Buyers,C2 · First-Time Buyers
C1060,Individual,Christian,Evans,1940-12-25,M,USA,Nevada,Home,5,No,Agency,83.0,0,3,1167625.18,389208.3933333333,1321.5033333333333,0.0,0,0,0,13.970483339773077,12.871872763980475,0,1,C2,First-Time Buyers,C2 · First-Time Buyers
C1061,Individual,Stephanie,Smith,1960-06-01,F,UK,Scotland,Home,1,No,Website,63.6,1,4,1689767.29,422441.8225,1422.9925,0.0,0,0,0,14.340101970990425,12.953809385260303,0,0,C2,First-Time Buyers,C2 · First-Time Buyers
C1062,Individual,Billy,Foster,1975-12-20,M,USA,California,Home,4,No,Agency,48.0,0,4,1766882.53,441720.6325,1406.6075,0.0,0,0,0,14.384727835150917,12.99843517193437,0,0,C2,First-Time Buyers,C2 · First-Time Buyers
C1063,Individual,Nicole,Weaver,1988-12-05,F,USA,New York,Investment,5,Yes,Website,35.1,0,3,1315820.94,438606.98,1354.2933333333333,0.3333333333333333,0,1,1,14.089972077761626,12.991361309054858,0,1,C2,First-Time Buyers,C2 · First-Time Buyers
C1064,Individual,Brandon,Pierce,1945-08-06,M,USA,California,Home,5,Yes,Website,78.4,0,3,695434.77,231811.59,883.7466666666668,0.3333333333333333,0,0,1,13.452293935254291,12.353684522476682,1,2,C1,Global Investors,C1 · Global Investors
C1065,Individual,Mark,Reyes,1955-01-06,M,USA,Georgia,Home,3,Yes,Client,69.0,0,3,1107631.34,369210.4466666667,1263.5766666666666,0.0,0,0,1,13.917735268119205,12.819124785102774,1,1,C1,Global Investors,C1 · Global Investors
C1066,Individual,Ashley,Moore,1941-09-21,F,Australia,Victoria,Home,1,No,Website,82.3,1,4,1208868.77,302217.1925,990.9875000000001,0.25,0,0,0,14.005196406673436,12.618904527207361,1,0,C1,Global Investors,C1 · Global Investors
C1067,Individual,Samuel,Howard,1942-12-24,M,Mexico,Jalisco,Investment,4,No,Agency,81.0,1,3,849001.36,283000.4533333333,904.0466666666667,0.3333333333333333,0,1,0,13.651817245030493,12.553207312065663,1,2,C1,Global Investors,C1 · Global Investors
C1068,Individual,Kathleen,Carter,1984-02-10,F,USA,California,Home,3,No,Agency,39.9,0,3,1403831.31,467943.77,1609.0333333333335,0.3333333333333333,0,0,0,14.154716419112752,13.05610555511521,0,1,C2,First-Time Buyers,C2 · First-Time Buyers
C1069,Individual,Lawrence,Cox,1992-06-13,M,USA,Virginia,Home,3,Yes,Agency,31.6,0,3,1323760.8399999999,441253.6133333333,1413.0600000000002,0.0,0,0,1,14.095988120144817,12.997377342321354,0,1,C2,First-Time Buyers,C2 · First-Time Buyers
C1070,Individual,Virginia,Rogers,1951-06-26,F,Germany,Bavaria,Home,5,No,Agency,72.5,1,3,1286265.1400000001,428755.0466666667,1471.8999999999999,0.0,0,0,0,14.067254114156626,12.968643380375473,0,1,C2,First-Time Buyers,C2 · First-Time Buyers
C1071,Individual,Aaron,Johnson,1966-08-11,M,USA,Texas,Home,2,No,Agency,57.4,0,4,1047375.62,261843.905,874.6275,0.25,0,0,0,13.861799138638345,12.475507641813538,1,2,C1,Global Investors,C1 · Global Investors
C1072,Individual,Kimberly,Jones,1962-06-10,F,USA,Utah,Home,3,No,Agency,61.6,0,3,829884.93,276628.31,979.0866666666667,0.0,0,0,0,13.62904353659296,12.530433657891711,1,2,C1,Global Investors,C1 · Global Investors
C1073,Individual,Carl,Collins,1955-07-02,M,USA,California,Investment,2,No,Website,68.5,0,4,1197808.83,299452.2075,952.0525,0.0,0,1,0,13.99600530549113,12.609713448939301,1,2,C1,Global Investors,C1 · Global Investors
C1074,Individual,George,Foster,1954-07-10,M,UK,Northern Ireland,Home,1,No,Website,69.5,1,3,1004700.45,334900.14999999997,1092.5400000000002,0.3333333333333333,0,0,0,13.820200990666244,12.721590692637253,1,1,C1,Global Investors,C1 · Global Investors
C1075,Individual,Carolyn,Watson,1975-02-17,F,Mexico,Baja California,Home,3,No,Website,48.9,1,4,1178400.08,294600.02,984.9525,0.5,0,0,0,13.979669060627083,12.593377245326465,1,2,C1,Global Investors,C1 · Global Investors
C1076,Individual,Betty,Thompson,1980-10-28,F,USA,Florida,Investment,3,No,Agency,43.2,0,3,884169.44,294723.14666666667,976.8166666666666,0.0,0,1,0,13.692405128465067,12.59379510180171,1,2,C1,Global Investors,C1 · Global Investors
C1077,Individual,Peter,Griffin,1982-03-07,M,USA,Texas,Investment,2,No,Agency,41.8,0,4,1467449.24,366862.31,1245.935,0.25,0,1,0,14.199036922102685,12.81274460534304,0,0,C2,First-Time Buyers,C2 · First-Time Buyers
C1078,Individual,Joshua,Howard,1940-07-22,M,USA,Ohio,Home,1,No,Agency,83.4,0,3,1247337.58,415779.19333333336,1303.7766666666666,0.0,0,0,0,14.036522703446003,12.937912018190495,0,1,C2,First-Time Buyers,C2 · First-Time Buyers
C1079,Individual,Steven,Hayes,1959-06-19,M,USA,California,Investment,4,Yes,Website,64.5,0,3,1151228.31,383742.77,1336.61,0.0,0,1,1,13.956340894620345,12.857730343224075,0,1,C2,First-Time Buyers,C2 · First-Time Buyers
C1080,Individual,Hannah,Stewart,1956-10-06,F,UK,England,Investment,4,No,Agency,67.2,1,4,1594795.52,398698.88,1425.28,0.0,0,1,0,14.282256712395158,12.895964232391222,0,0,C2,First-Time Buyers,C2 · First-Time Buyers
C1081,Company,Meridian,Co,1974-09-08,M,Russia,Novosibirsk,Home,4,Yes,Agency,49.3,1,3,1006584.7,335528.23333333334,1203.39,0.0,1,0,1,13.822074666984664,12.723464365229356,3,3,C3,Corporate Buyers,C3 · Corporate Buyers
C1082,Individual,Patricia,Martin,1993-02-04,F,USA,Oregon,Investment,5,Yes,Website,30.9,0,3,829499.85,276499.95,953.1133333333333,0.0,0,1,1,13.628579413325793,12.529969535743327,1,2,C1,Global Investors,C1 · Global Investors
C1083,Individual,Pamela,Jackson,1950-10-06,F,USA,Colorado,Investment,4,No,Agency,73.2,0,4,1145122.1,286280.525,939.4875,0.25,0,1,0,13.951022700108624,12.56473095879098,1,0,C1,Global Investors,C1 · Global Investors
C1084,Individual,Sarah,Hansen,1989-07-27,F,France,Ile-De-France,Home,4,No,Agency,34.4,1,4,1357921.15,339480.2875,1136.6925,0.25,0,0,0,14.121466258506127,12.735174106641521,0,0,C2,First-Time Buyers,C2 · First-Time Buyers
C1085,Individual,Sarah,Flores,1947-10-18,F,Australia,Queensland,Investment,1,No,Client,76.2,1,3,797675.03,265891.6766666667,994.8266666666667,0.0,0,1,0,13.589457816557184,12.490848035169495,1,2,C1,Global Investors,C1 · Global Investors
C1086,Individual,Timothy,Montgomery,1956-03-01,M,USA,Colorado,Home,1,Yes,Website,67.8,0,4,1339827.27,334956.8175,1030.21,0.25,0,0,1,14.108052006997903,12.72175988496843,0,1,C2,First-Time Buyers,C2 · First-Time Buyers
C1087,Individual,Matthew,Owens,1984-01-03,M,USA,Colorado,Home,3,No,Website,40.0,0,4,1878433.21,469608.3025,1575.1075,0.0,0,0,0,14.445949120758419,13.059656356712086,0,0,C2,First-Time Buyers,C2 · First-Time Buyers
C1088,Individual,Nicholas,Stewart,1998-09-26,M,USA,Utah,Home,4,Yes,Agency,25.3,0,3,802271.19,267423.73,883.7466666666666,0.0,0,0,1,13.595203218296655,12.496593422544954,1,2,C1,Global Investors,C1 · Global Investors
C1089,Individual,Madison,Ward,1962-09-17,F,USA,Utah,Home,1,Yes,Website,61.3,0,4,959344.08,239836.02,828.375,0.25,0,0,1,13.77400612230069,12.387714888309267,1,2,C1,Global Investors,C1 · Global Investors
C1090,Individual,Laura,Moore,1962-09-07,F,Canada,Alberta,Home,3,Yes,Client,61.3,1,3,1217272.58,405757.5266666667,1396.0966666666666,0.3333333333333333,0,0,1,14.012124145391518,12.913513499738084,0,1,C2,First-Time Buyers,C2 · First-Time Buyers
C1091,Individual,Arthur,Phillips,1984-07-21,M,USA,Nevada,Home,1,Yes,Agency,39.4,0,3,741797.49,247265.83,853.6566666666668,0.0,0,0,1,13.516832908446448,12.418223315924706,1,2,C1,Global Investors,C1 · Global Investors
C1092,Individual,Terry,Adams,1996-11-24,M,USA,Oregon,Investment,2,No,Website,27.1,0,3,1213248.05,404416.01666666666,1452.2633333333333,0.0,0,1,0,14.008812484246345,12.910201844043034,0,1,C2,First-Time Buyers,C2 · First-Time Buyers
C1093,Individual,Adam,Allen,1980-07-13,M,USA,Oregon,Home,1,Yes,Website,43.5,0,3,805402.8300000001,268467.61000000004,900.46,0.3333333333333333,0,0,1,13.599099082789227,12.500489277344368,1,1,C1,Global Investors,C1 · Global Investors
C1094,Individual,Sarah,Cook,1960-02-12,F,USA,Washington,Home,2,Yes,Website,63.9,0,4,1631407.56,407851.89,1273.5475000000001,0.25,0,0,1,14.304954346861944,12.91866182464208,0,1,C2,First-Time Buyers,C2 · First-Time Buyers
C1095,Individual,Cynthia,Howard,1940-02-26,F,USA,California,Home,3,No,Agency,83.8,0,4,1454366.24,363591.56,1264.0125,0.0,0,0,0,14.19008147739919,12.803789179029906,0,0,C2,First-Time Buyers,C2 · First-Time Buyers
C1096,Individual,Grace,Edwards,1965-05-20,F,USA,New York,Home,2,No,Client,58.6,0,4,1756661.91,439165.4775,1339.695,0.0,0,0,0,14.378926493327224,12.992633839989415,0,0,C2,First-Time Buyers,C2 · First-Time Buyers
C1097,Individual,Teresa,Pierce,1962-07-16,F,Canada,Alberta,Home,3,Yes,Agency,61.5,1,3,1064342.81,354780.9366666667,1162.6166666666666,0.0,0,0,1,13.877869026387817,12.779258616809999,1,2,C1,Global Investors,C1 · Global Investors
C1098,Individual,Paul,Young,1976-10-24,M,USA,California,Investment,3,No,Client,47.2,0,3,1187774.23,395924.74333333335,1290.0866666666668,0.3333333333333333,0,1,0,13.987592560667386,12.888981955818121,0,1,C2,First-Time Buyers,C2 · First-Time Buyers
C1099,Individual,Joan,Scott,1972-06-26,F,USA,Colorado,Home,3,No,Agency,51.5,0,4,1426501.12,356625.28,1153.0825,0.25,0,0,0,14.170735935789512,12.784443677713707,0,2,C2,First-Time Buyers,C2 · First-Time Buyers
C1100,Individual,Frank,Thomas,1940-05-14,M,Russia,Novosibirsk,Home,1,No,Website,83.6,1,4,1314225.5899999999,328556.39749999996,1042.1725000000001,0.0,0,0,0,14.088758906082495,12.702466827671385,0,0,C2,First-Time Buyers,C2 · First-Time Buyers
C1101,Individual,Matthew,King,1964-01-03,M,Belgium,Flanders,Home,5,No,Website,60.0,1,4,1037914.4299999999,259478.60749999998,868.5725,0.0,0,0,0,13.852724865400345,12.46643339468518,1,0,C1,Global Investors,C1 · Global Investors
C1102,Company,Harmon,Co,1960-05-06,M,Germany,Berlin,Home,2,No,Agency,63.7,1,4,1248456.03,312114.0075,993.0625,0.0,1,0,0,14.037418970808915,12.651127012652301,3,3,C3,Corporate Buyers,C3 · Corporate Buyers
C1103,Individual,Jose,Johnson,1961-04-27,M,Belgium,Wallonia,Home,4,No,Agency,62.7,1,4,1206840.81,301710.2025,997.415,0.25,0,0,0,14.003517431009962,12.61722555571402,0,0,C2,First-Time Buyers,C2 · First-Time Buyers
C1104,Individual,Christian,Weaver,1998-10-15,M,USA,Utah,Investment,5,Yes,Website,25.2,0,3,893996.19,297998.73,1025.0133333333333,0.0,0,1,1,13.703457910973977,12.604847859446863,1,2,C1,Global Investors,C1 · Global Investors
C1105,Individual,Roger,Ward,1940-01-14,M,USA,Nevada,Home,3,Yes,Website,84.0,0,4,1623510.31,405877.5775,1365.9450000000002,0.0,0,0,1,14.300101836931324,12.913809323656416,0,0,C2,First-Time Buyers,C2 · First-Time Buyers
C1106,Individual,Sean,Martin,1982-05-16,M,USA,California,Home,1,No,Agency,41.6,0,3,773499.85,257833.28333333333,842.68,0.0,0,0,0,13.558682047895752,12.460072344871104,1,2,C1,Global Investors,C1 · Global Investors
C1107,Individual,Frank,Hayes,1948-01-15,M,Canada,British Columbia,Home,1,No,Website,76.0,1,3,1156527.59,385509.1966666667,1268.0466666666669,0.0,0,0,0,13.960933481489443,12.862322922132902,1,2,C1,Global Investors,C1 · Global Investors
C1108,Individual,Helen,Ward,1994-01-12,F,Australia,South Australia,Home,4,No,Website,30.0,1,3,1069904.1,356634.7,1238.36,0.0,0,0,0,13.883080510915972,12.784470091570787,1,1,C1,Global Investors,C1 · Global Investors
C1109,Individual,Rebecca,Anderson,1967-09-05,F,USA,California,Home,1,Yes,Client,56.3,0,4,1756965.37,439241.3425,1458.93,0.25,0,0,1,14.379099226405517,12.992806572772741,0,0,C2,First-Time Buyers,C2 · First-Time Buyers
C1110,Individual,Harold,Watson,1977-05-12,M,USA,New York,Home,5,Yes,Website,46.6,0,4,1445458.33,361364.5825,1152.9099999999999,0.5,0,0,1,14.183937704449503,12.797645418792287,0,1,C2,First-Time Buyers,C2 · First-Time Buyers
C1111,Company,Corvus,Co,1967-01-23,M,USA,California,Home,4,Yes,Website,56.9,0,3,885146.14,295048.7133333333,897.3100000000001,0.0,1,0,1,13.693509170057428,12.594899140898105,3,3,C3,Corporate Buyers,C3 · Corporate Buyers
C1112,Individual,Donald,Green,1982-01-05,M,USA,Nevada,Investment,3,Yes,Website,42.0,0,3,961599.4199999999,320533.13999999996,975.9433333333333,0.3333333333333333,0,1,1,13.776354279535031,12.67774407073074,1,1,C1,Global Investors,C1 · Global Investors
C1113,Individual,Brenda,Martin,1974-08-18,F,USA,Texas,Investment,2,No,Client,49.4,0,4,1162770.88,290692.72,942.0350000000001,0.25,0,1,0,13.966317264367909,12.580025483286443,1,0,C1,Global Investors,C1 · Global Investors
C1114,Individual,Cheryl,Wood,1992-02-04,F,USA,California,Home,3,No,Website,31.9,0,3,872825.73,290941.91,1072.7266666666667,0.0,0,0,0,13.679492338604915,12.580882341339713,1,1,C1,Global Investors,C1 · Global Investors
C1115,Individual,Joseph,Bell,1973-10-24,M,USA,Colorado,Home,3,Yes,Agency,50.2,0,3,1054599.19,351533.0633333333,1108.9966666666667,0.0,0,0,1,13.868672286241585,12.770061894024968,1,1,C1,Global Investors,C1 · Global Investors
C1116,Individual,Angela,Freeman,1991-12-17,F,USA,California,Home,1,Yes,Agency,32.0,0,3,766951.9500000001,255650.65000000002,879.3433333333332,0.3333333333333333,0,0,1,13.550180735573447,12.451571054623832,1,1,C1,Global Investors,C1 · Global Investors
C1117,Individual,Rebecca,Patterson,1955-02-23,F,Mexico,Mexico City,Home,5,Yes,Website,68.9,1,4,1149629.49,287407.3725,1047.99,0.25,0,0,1,13.954951135663858,12.568659384074692,1,0,C1,Global Investors,C1 · Global Investors
C1118,Company,Caldera,Co,1969-04-26,M,UK,Scotland,Investment,2,Yes,Website,54.7,1,3,859368.99,286456.33,983.3166666666666,0.0,1,1,1,13.663954830001899,12.565344868617375,3,3,C3,Corporate Buyers,C3 · Corporate Buyers
C1119,Individual,Larry,Green,1941-03-14,M,USA,Oregon,Home,1,Yes,Website,82.8,0,3,938703.6599999999,312901.22,949.9033333333333,0.0,0,0,1,13.752256182625107,12.653646024550309,1,2,C1,Global Investors,C1 · Global Investors
C1120,Individual,Kathleen,Carter,1979-07-16,F,USA,Arizona,Home,1,No,Website,44.5,0,4,1371211.29,342802.8225,1123.6174999999998,0.0,0,0,0,14.131205789737644,12.744913616460394,0,0,C2,First-Time Buyers,C2 · First-Time Buyers
C1121,Individual,Carolyn,Gray,1985-06-02,F,USA,California,Home,1,No,Client,38.6,0,3,1014661.78,338220.5933333333,1124.5,0.3333333333333333,0,0,0,13.830066878802064,12.731456561230234,1,1,C1,Global Investors,C1 · Global Investors
C1122,Individual,Judith,Evans,1942-10-04,F,USA,California,Home,4,No,Website,81.2,0,4,1558949.2,389737.3,1208.8775,0.0,0,0,0,14.259523203976148,12.873230767226332,0,0,C2,First-Time Buyers,C2 · First-Time Buyers
C1123,Individual,Robert,Pierce,1951-03-11,M,USA,Virginia,Home,5,No,Agency,72.8,0,3,1241771.44,413923.8133333333,1283.7066666666667,0.0,0,0,0,14.032050304076698,12.933439626008346,0,1,C2,First-Time Buyers,C2 · First-Time Buyers
C1124,Individual,Sharon,Murray,1976-02-04,F,USA,Oregon,Investment,5,Yes,Website,47.9,0,4,1272190.01,318047.5025,1040.8899999999999,0.0,0,1,1,14.056251176702895,12.66995917371668,0,0,C2,First-Time Buyers,C2 · First-Time Buyers
C1125,Individual,Ronald,Price,1941-02-03,M,USA,Oregon,Home,3,No,Agency,82.9,0,3,1186907.08,395635.69333333336,1332.34,0.6666666666666666,0,0,0,13.986862231671607,12.888251628052531,0,1,C2,First-Time Buyers,C2 · First-Time Buyers
C1126,Company,Elara,Co,1983-02-16,M,USA,Virginia,Home,1,Yes,Website,40.9,0,3,893488.2,297829.39999999997,1015.9399999999999,0.3333333333333333,1,0,1,13.702889526211422,12.604279475956224,3,3,C3,Corporate Buyers,C3 · Corporate Buyers
C1127,Individual,Ann,Cooper,1943-06-15,F,UK,England,Investment,1,No,Website,80.5,1,3,838728.4,279576.13333333336,932.37,0.3333333333333333,0,1,0,13.639643406608743,12.5410335024971,1,1,C1,Global Investors,C1 · Global Investors
C1128,Individual,Brian,Montgomery,1983-12-05,M,USA,California,Investment,1,No,Website,40.1,0,3,1186634.53,395544.8433333333,1330.8533333333332,0.0,0,1,0,13.986632575051816,12.888021971819768,0,1,C2,First-Time Buyers,C2 · First-Time Buyers
C1129,Individual,Martha,Hansen,1945-09-03,F,USA,Colorado,Investment,5,No,Agency,78.3,0,4,1463125.26,365781.315,1219.4375,0.0,0,1,0,14.196085978397381,12.809793667679433,0,0,C2,First-Time Buyers,C2 · First-Time Buyers
C1130,Individual,Tiffany,Parker,1987-03-01,F,USA,Arizona,Home,5,No,Website,36.8,0,4,1326217.01,331554.2525,1009.23,0.5,0,0,0,14.097841847978518,12.711549748927597,0,1,C2,First-Time Buyers,C2 · First-Time Buyers
C1131,Individual,Cheryl,Kim,1984-05-28,F,USA,California,Investment,3,No,Website,39.6,0,3,1210500.79,403500.26333333337,1317.7333333333333,0.0,0,1,0,14.006545534086955,12.907934897624868,0,1,C2,First-Time Buyers,C2 · First-Time Buyers
C1132,Individual,Terry,Roberts,1982-01-21,M,USA,New York,Home,2,Yes,Website,41.9,0,3,1383901.27,461300.42333333334,1448.82,0.0,0,0,1,14.140417798504606,13.041806955024207,0,1,C2,First-Time Buyers,C2 · First-Time Buyers
C1133,Individual,Jason,Hansen,1993-01-21,M,USA,Oregon,Investment,3,No,Website,30.9,0,4,1427019.92,356754.98,1210.7375000000002,0.0,0,1,0,14.171099556477653,12.784807297637277,0,0,C2,First-Time Buyers,C2 · First-Time Buyers
C1134,Individual,Dorothy,Bennett,1943-10-10,F,USA,California,Investment,1,No,Website,80.2,0,4,1088583.78,272145.945,905.0375,0.5,0,1,0,13.900389043624164,12.514097438372186,1,1,C1,Global Investors,C1 · Global Investors
C1135,Individual,Melissa,Phillips,1999-09-22,F,Russia,Moscow Oblast,Investment,5,Yes,Client,24.3,1,3,1186082.75,395360.9166666667,1303.4733333333334,0.0,0,1,1,13.986167471560984,12.88755686911302,0,1,C2,First-Time Buyers,C2 · First-Time Buyers
C1136,Individual,Shirley,Weaver,1965-04-27,F,USA,California,Home,3,Yes,Agency,58.7,0,3,1016844.64,338948.2133333333,1023.8800000000001,0.3333333333333333,0,0,1,13.83221588376664,12.733605561963465,1,1,C1,Global Investors,C1 · Global Investors
C1137,Individual,Carol,Price,1986-12-24,F,USA,Nevada,Home,4,Yes,Agency,37.0,0,3,1114902.43,371634.1433333333,1140.1733333333334,0.0,0,0,1,13.924278349260033,12.825667854467657,1,1,C1,Global Investors,C1 · Global Investors
C1138,Individual,George,Green,1964-08-24,M,USA,Oregon,Home,1,No,Website,59.4,0,3,840602.9199999999,280200.9733333333,952.0733333333334,0.0,0,0,0,13.641875864877992,12.543265955448872,1,2,C1,Global Investors,C1 · Global Investors
C1139,Individual,Tiffany,Green,1996-03-03,F,USA,California,Home,4,Yes,Client,27.8,0,3,1297382.59,432460.86333333334,1439.256666666667,0.3333333333333333,0,0,1,14.075860171307431,12.977249424202258,0,1,C2,First-Time Buyers,C2 · First-Time Buyers
C1140,Individual,Billy,Jackson,1976-07-01,M,USA,Florida,Home,1,Yes,Website,47.5,0,3,1275809.71,425269.9033333333,1277.2733333333333,0.3333333333333333,0,0,1,14.059092385487473,12.960481664448807,0,1,C2,First-Time Buyers,C2 · First-Time Buyers
C1141,Individual,Kimberly,Montgomery,2000-01-26,F,USA,Arizona,Investment,3,No,Website,23.9,0,3,990242.33,330080.7766666667,1101.55,0.0,0,1,0,13.805705979788668,12.70709571082412,1,1,C1,Global Investors,C1 · Global Investors
C1142,Individual,Julia,Hughes,1948-03-10,F,USA,Colorado,Home,2,Yes,Agency,75.8,0,4,1492680.13,373170.0325,1222.37,0.0,0,0,1,14.216084477019352,12.829792125703783,0,0,C2,First-Time Buyers,C2 · First-Time Buyers
C1143,Individual,Michael,Garcia,1994-09-10,M,USA,Arizona,Home,2,Yes,Website,29.3,0,3,1108329.67,369443.2233333333,1343.8166666666666,0.3333333333333333,0,0,1,13.918365540393577,12.819755056239453,1,1,C1,Global Investors,C1 · Global Investors
C1144,Individual,Diane,Young,1978-11-10,F,USA,Georgia,Investment,4,No,Client,45.1,0,4,1244666.12,311166.53,1027.0725,0.0,0,1,0,14.034378678636305,12.648086727796509,0,0,C2,First-Time Buyers,C2 · First-Time Buyers
C1145,Individual,Ethan,King,1993-04-04,M,USA,Nevada,Home,5,No,Website,30.7,0,3,1118850.31,372950.10333333333,1267.4066666666668,0.0,0,0,0,13.927813100895797,12.829202599773714,1,1,C1,Global Investors,C1 · Global Investors
C1146,Individual,Richard,Weaver,1991-03-14,M,USA,California,Investment,2,No,Website,32.8,0,3,1037824.43,345941.4766666667,1136.0866666666668,0.3333333333333333,0,1,0,13.852638149373513,12.75402778780992,1,1,C1,Global Investors,C1 · Global Investors
C1147,Individual,Brittany,Edwards,1978-02-09,F,USA,Utah,Home,3,No,Website,45.9,0,3,905314.84,301771.61333333334,1010.5300000000001,0.0,0,0,0,13.716039156272794,12.617429076776007,1,2,C1,Global Investors,C1 · Global Investors
C1148,Individual,Joshua,Rogers,1991-07-15,M,Australia,New South Wales,Home,1,Yes,Agency,32.5,1,3,1083677.57,361225.8566666667,1221.3833333333334,0.0,0,0,1,13.895871894870124,12.797261451766014,1,1,C1,Global Investors,C1 · Global Investors
C1149,Individual,Kimberly,Thomas,1980-03-06,F,Russia,Tatarstan,Home,3,No,Agency,43.8,1,4,1277449.99,319362.4975,1053.27,0.0,0,0,0,14.060377236331908,12.674085223635949,0,0,C2,First-Time Buyers,C2 · First-Time Buyers
C1150,Individual,Tiffany,Cook,1992-11-08,F,USA,Nevada,Investment,4,No,Agency,31.1,0,3,1476970.3,492323.43333333335,1550.1266666666668,0.0,0,1,0,14.205504130045107,13.106893195498532,0,1,C2,First-Time Buyers,C2 · First-Time Buyers
C1151,Individual,Tyler,Anderson,1963-12-14,M,USA,Arizona,Investment,2,No,Website,60.0,0,4,1760000.3399999999,440000.08499999996,1350.2175,0.0,0,1,0,14.380825128377682,12.994532471800495,0,0,C2,First-Time Buyers,C2 · First-Time Buyers
C1152,Individual,Jason,Williams,1977-09-16,M,USA,Georgia,Home,1,No,Website,46.3,0,4,1654928.32,413732.08,1374.585,0.0,0,0,0,14.319268858932691,12.932976310577398,0,0,C2,First-Time Buyers,C2 · First-Time Buyers
C1153,Individual,Scott,Sanders,1991-09-14,M,USA,California,Home,1,No,Website,32.3,0,3,1007630.0,335876.6666666667,1170.3533333333332,0.3333333333333333,0,0,0,13.823112589164378,12.72450228534788,1,1,C1,Global Investors,C1 · Global Investors
C1154,Individual,Jerry,Brown,1956-07-12,M,USA,Utah,Home,5,Yes,Agency,67.5,0,4,1373889.96,343472.49,1135.325,0.0,0,0,1,14.13315738908109,12.746865211538218,0,0,C2,First-Time Buyers,C2 · First-Time Buyers
C1155,Individual,William,Young,1977-03-03,M,USA,California,Home,5,No,Website,46.8,0,3,1577625.0,525875.0,1679.1066666666666,0.3333333333333333,0,0,0,14.271431743424925,13.172820722483598,0,1,C2,First-Time Buyers,C2 · First-Time Buyers
C1156,Individual,Dorothy,Kim,1956-05-16,F,USA,Virginia,Home,4,No,Agency,67.6,0,3,859956.66,286652.22000000003,1008.13,0.0,0,0,0,13.664638434459588,12.56602847148467,1,2,C1,Global Investors,C1 · Global Investors
C1157,Individual,Kenneth,Davis,1944-11-02,M,Canada,Alberta,Investment,2,No,Website,79.2,1,4,894080.38,223520.095,716.4525,0.0,0,1,0,13.70355207909553,12.317261073369268,1,2,C1,Global Investors,C1 · Global Investors
C1158,Individual,Joan,Pierce,1955-05-19,F,USA,California,Investment,2,No,Website,68.6,0,3,941360.29,313786.76333333337,972.0533333333333,0.3333333333333333,0,1,0,13.755082287494652,12.65647212340708,1,1,C1,Global Investors,C1 · Global Investors
C1159,Individual,Gerald,Howard,1940-03-24,M,USA,Nevada,Investment,1,Yes,Website,83.8,0,3,1170550.92,390183.63999999996,1175.6833333333334,0.3333333333333333,0,1,1,13.9729859220417,12.87437534196785,0,1,C2,First-Time Buyers,C2 · First-Time Buyers
C1160,Individual,Walter,Griffin,1980-11-21,M,USA,Florida,Home,2,Yes,Website,43.1,0,4,1359425.8599999999,339856.46499999997,1101.9875,0.25,0,0,1,14.122573742416556,12.736281588106591,0,0,C2,First-Time Buyers,C2 · First-Time Buyers
C1161,Individual,Stephen,White,1994-02-12,M,Canada,Alberta,Investment,3,Yes,Website,29.9,1,4,2022416.31,505604.0775,1486.3274999999999,0.25,0,1,1,14.519804042035704,13.133511164288093,0,0,C2,First-Time Buyers,C2 · First-Time Buyers
C1162,Individual,Charles,Nelson,1962-01-25,M,USA,California,Investment,2,No,Website,61.9,0,4,1116223.63,279055.9075,872.6800000000001,0.0,0,1,0,13.925462683031025,12.539171009538595,1,2,C1,Global Investors,C1 · Global Investors
C1163,Individual,Noah,Morales,1998-10-26,M,USA,California,Home,3,Yes,Website,25.2,0,4,1202709.18,300677.295,1059.8375,0.5,0,0,1,14.00008805155157,12.613796184795083,0,1,C2,First-Time Buyers,C2 · First-Time Buyers
C1164,Individual,Emma,Watson,1968-04-11,F,Belgium,Wallonia,Home,3,Yes,Agency,55.7,1,4,1315287.03,328821.7575,1169.615,0.5,0,0,1,14.089566233830041,12.703274153576782,0,1,C2,First-Time Buyers,C2 · First-Time Buyers
C1165,Individual,Victoria,Alexander,1994-09-26,F,Russia,Moscow Oblast,Home,1,No,Website,29.3,1,3,970705.3999999999,323568.4666666666,1079.9266666666665,0.0,0,0,0,13.785779332858763,12.68716910454375,1,2,C1,Global Investors,C1 · Global Investors
C1166,Individual,Scott,Hall,1991-11-15,M,USA,New York,Investment,1,No,Website,32.1,0,4,1163601.79,290900.4475,939.4875,0.0,0,1,0,13.967031603331488,12.580739820407661,1,2,C1,Global Investors,C1 · Global Investors
C1167,Individual,Kevin,Alexander,1967-12-20,M,UK,Scotland,Home,3,No,Website,56.0,1,3,1163104.83,387701.61000000004,1193.7733333333333,0.3333333333333333,0,0,0,13.966604424781252,12.867993855645647,0,1,C2,First-Time Buyers,C2 · First-Time Buyers
C1168,Individual,Brittany,Reyes,1998-12-25,F,Germany,Hamburg,Home,2,Yes,Agency,25.0,1,4,1081069.19,270267.2975,901.245,0.0,0,0,1,13.89346202513324,12.507170439037456,1,2,C1,Global Investors,C1 · Global Investors
C1169,Individual,Noah,Bryant,1994-01-05,M,Russia,Saint Petersburg,Home,5,Yes,Agency,30.0,1,4,900300.22,225075.055,832.615,0.25,0,0,1,13.710484675199504,12.324193646292139,1,2,C1,Global Investors,C1 · Global Investors
C1170,Individual,Amanda,Collins,1990-02-09,F,USA,Nevada,Home,1,Yes,Website,33.9,0,4,1165955.62,291488.905,1009.9325,0.25,0,0,1,13.969052441083846,12.582760652955171,1,2,C1,Global Investors,C1 · Global Investors
C1171,Individual,Anna,Patterson,1984-08-21,F,USA,California,Investment,4,Yes,Website,39.4,0,4,1561809.25,390452.3125,1276.9875,0.0,0,1,1,14.261356123129373,12.875063682855577,0,0,C2,First-Time Buyers,C2 · First-Time Buyers
C1172,Individual,Victoria,Freeman,1942-11-05,F,USA,Nevada,Home,5,No,Website,81.2,0,4,1240274.79,310068.6975,990.4475,0.25,0,0,0,14.030844324141817,12.644552381835869,0,0,C2,First-Time Buyers,C2 · First-Time Buyers
C1173,Individual,Cheryl,Price,1984-11-02,F,Canada,Manitoba,Investment,1,No,Website,39.2,1,4,1261072.17,315268.0425,1014.9825,0.0,0,1,0,14.047473638640335,12.66118165644381,0,0,C2,First-Time Buyers,C2 · First-Time Buyers
C1174,Individual,Kenneth,White,1982-07-06,M,USA,Nevada,Home,2,No,Agency,41.5,0,4,1414798.99,353699.7475,1244.8049999999998,0.25,0,0,0,14.162498729245327,12.776206488564254,0,0,C2,First-Time Buyers,C2 · First-Time Buyers
C1175,Individual,Evelyn,Long,1959-09-27,F,USA,California,Home,2,No,Website,64.3,0,4,1766232.62,441558.155,1449.3775,0.0,0,0,0,14.384359939052521,12.998067276460741,0,0,C2,First-Time Buyers,C2 · First-Time Buyers
C1176,Individual,Lauren,Baker,1975-06-03,F,USA,California,Investment,4,Yes,Agency,48.6,0,3,1003328.89,334442.9633333333,1170.3533333333332,0.6666666666666666,0,1,1,13.818834916157373,12.720224620849597,1,1,C1,Global Investors,C1 · Global Investors
C1177,Individual,Larry,Sanders,1998-09-05,M,USA,California,Investment,2,No,Agency,25.3,0,4,1047224.2699999999,261806.06749999998,816.1600000000001,0.5,0,1,0,13.861654624302721,12.475363127891876,1,0,C1,Global Investors,C1 · Global Investors
C1178,Individual,Jessica,Richardson,1950-07-16,F,USA,California,Home,1,No,Agency,73.5,0,3,744651.07,248217.02333333332,801.46,0.0,0,0,0,13.5206723681396,12.422062765285974,1,2,C1,Global Investors,C1 · Global Investors
C1179,Individual,Melissa,Anderson,1991-02-09,F,USA,California,Home,4,No,Agency,32.9,0,3,848152.02,282717.34,1045.8666666666668,0.0,0,0,0,13.650816346608446,12.552206416002614,1,2,C1,Global Investors,C1 · Global Investors
C1180,Individual,Deborah,Miller,1995-07-11,F,Belgium,Brussels,Home,2,Yes,Website,28.5,1,4,1111089.24,277772.31,1050.5725,0.25,0,0,1,13.920852289445678,12.53456062837286,1,2,C1,Global Investors,C1 · Global Investors
C1181,Individual,Judith,Hansen,1956-03-23,F,USA,Nevada,Investment,5,No,Website,67.8,0,3,743723.3099999999,247907.77,939.3299999999999,0.0,0,1,0,13.519425694068946,12.420816094565737,1,2,C1,Global Investors,C1 · Global Investors
C1182,Individual,Christopher,Murray,1961-03-11,M,Germany,Bavaria,Investment,3,Yes,Website,62.8,1,4,1522183.38,380545.845,1269.065,0.0,0,1,1,14.235656953299108,12.84936456302919,0,0,C2,First-Time Buyers,C2 · First-Time Buyers
C1183,Individual,Carl,Rogers,1993-11-14,M,USA,Arizona,Investment,1,No,Website,30.1,0,4,1364593.88,341148.47,1088.3825,0.0,0,1,0,14.126368151341179,12.740075988673551,0,0,C2,First-Time Buyers,C2 · First-Time Buyers
C1184,Individual,David,Nelson,1953-04-14,M,France,Ile-De-France,Home,2,No,Website,70.7,1,3,500255.63,166751.87666666668,624.2366666666667,0.3333333333333333,0,0,0,13.122876505731467,12.02426821500338,1,2,C1,Global Investors,C1 · Global Investors
C1185,Individual,Ronald,Peterson,2000-06-27,M,USA,California,Home,3,No,Website,23.5,0,4,1218570.99,304642.7475,1029.9125,0.0,0,0,0,14.013190231139289,12.626898331914413,0,0,C2,First-Time Buyers,C2 · First-Time Buyers
C1186,Individual,Victoria,Bennett,1978-06-27,F,USA,Nevada,Home,3,Yes,Website,45.5,0,3,1141153.96,380384.6533333333,1221.6766666666665,0.3333333333333333,0,0,1,13.947551430315151,12.848940894255861,0,1,C2,First-Time Buyers,C2 · First-Time Buyers
C1187,Individual,Melissa,Pierce,1962-03-18,F,USA,Nevada,Home,4,No,Website,61.8,0,3,1097539.23,365846.41,1092.5066666666667,0.0,0,0,0,13.908582079296094,12.80997161288299,1,1,C1,Global Investors,C1 · Global Investors
C1188,Individual,Matthew,White,1995-11-01,M,Canada,Alberta,Home,1,No,Client,28.2,1,4,1437535.25,359383.8125,1190.4075,0.5,0,0,0,14.178441268726994,12.792148994508821,0,0,C2,First-Time Buyers,C2 · First-Time Buyers
C1189,Individual,Peter,Alexander,1963-01-22,M,USA,Florida,Home,2,Yes,Client,60.9,0,4,1180295.09,295073.7725,989.2175,0.5,0,0,1,13.981275888694567,12.594984069306546,1,2,C1,Global Investors,C1 · Global Investors
C1190,Individual,Sandra,Baker,1946-08-04,F,USA,Texas,Home,4,No,Client,77.4,0,4,1358669.02,339667.255,1115.61,0.0,0,0,0,14.122016852759584,12.73572469967891,0,0,C2,First-Time Buyers,C2 · First-Time Buyers
C1191,Individual,Mary,Cox,1950-04-17,F,USA,California,Investment,3,No,Website,73.7,0,3,1095538.81,365179.60333333333,1357.1933333333334,0.3333333333333333,0,1,0,13.906757776928364,12.808147313842635,1,1,C1,Global Investors,C1 · Global Investors
C1192,Individual,Adam,Jones,2000-01-05,M,USA,Florida,Home,5,No,Website,24.0,0,4,1111237.94,277809.485,941.135,0.5,0,0,0,13.920986113004817,12.534694451570694,1,1,C1,Global Investors,C1 · Global Investors
C1193,Individual,Amy,Owens,1975-04-20,F,UK,England,Home,1,No,Website,48.7,1,4,946796.24,236699.06,716.4525,0.5,0,0,0,13.760840241535334,12.374549048987468,1,2,C1,Global Investors,C1 · Global Investors
C1194,Individual,Melissa,Brooks,1943-06-17,F,USA,Colorado,Home,1,No,Website,80.5,0,3,1084957.53,361652.51,1263.8633333333335,0.3333333333333333,0,0,0,13.897052323028092,12.798441877746711,1,1,C1,Global Investors,C1 · Global Investors
C1195,Individual,Anna,Pierce,1990-06-07,F,USA,California,Home,4,Yes,Agency,33.6,0,4,1118238.91,279559.7275,910.925,0.25,0,0,1,13.927266498227336,12.5409748198913,1,0,C1,Global Investors,C1 · Global Investors
C1196,Individual,William,Freeman,1955-09-03,M,USA,Nevada,Home,2,No,Agency,68.3,0,4,1731153.76,432788.44,1356.32,0.0,0,0,0,14.364299235130186,12.978006606956114,0,0,C2,First-Time Buyers,C2 · First-Time Buyers
C1197,Individual,Deborah,Roberts,1959-04-10,F,USA,Arizona,Home,4,No,Website,64.7,0,3,1439595.57,479865.19,1471.4466666666667,0.0,0,0,0,14.179873472577896,13.081262573186928,0,1,C2,First-Time Buyers,C2 · First-Time Buyers
C1198,Individual,Lisa,Young,1960-01-21,F,USA,New York,Home,1,No,Agency,63.9,0,3,1415391.5899999999,471797.1966666666,1493.243333333333,0.3333333333333333,0,0,0,14.162917499340935,13.064306623707344,0,1,C2,First-Time Buyers,C2 · First-Time Buyers
C1199,Individual,Justin,Campbell,1943-03-03,M,USA,Colorado,Home,2,No,Website,80.8,0,4,1013002.89,253250.7225,910.2925,0.25,0,0,0,13.82843062330242,12.442139223667267,1,1,C1,Global Investors,C1 · Global Investors
C1200,Individual,Henry,Taylor,1969-11-03,M,USA,Utah,Home,4,No,Agency,54.2,0,4,1789601.3299999998,447400.33249999996,1422.9925,0.25,0,0,0,14.397503991124129,13.011211306352909,0,0,C2,First-Time Buyers,C2 · First-Time Buyers
C1201,Individual,Timothy,Stewart,2000-03-22,M,USA,Oregon,Investment,1,Yes,Website,23.8,0,4,1063833.91,265958.4775,896.2525,0.0,0,1,1,13.877390777070767,12.491099235933321,1,2,C1,Global Investors,C1 · Global Investors
C1202,Company,Telnox,Co,1985-05-09,M,Canada,Quebec,Investment,5,Yes,Website,38.6,1,4,1527115.1600000001,381778.79000000004,1263.775,0.0,1,1,1,14.238891652034454,12.852599255399737,3,3,C3,Corporate Buyers,C3 · Corporate Buyers
C1203,Individual,Ashley,Green,1962-01-18,F,USA,Arizona,Home,2,Yes,Website,62.0,0,3,1083378.55,361126.18333333335,1329.57,0.3333333333333333,0,0,1,13.895595926266294,12.79698548367157,1,1,C1,Global Investors,C1 · Global Investors
C1204,Individual,William,Reed,1992-04-03,M,Mexico,Puebla,Investment,2,Yes,Website,31.7,1,3,1231356.24,410452.08,1280.28,0.0,0,1,1,14.02362756615274,12.925016901707327,0,1,C2,First-Time Buyers,C2 · First-Time Buyers
C1205,Individual,Patrick,Pierce,1959-05-15,M,Belgium,Flanders,Home,4,No,Website,64.6,1,3,968123.38,322707.79333333333,1076.69,0.0,0,0,0,13.783115849739895,12.68450562691991,1,2,C1,Global Investors,C1 · Global Investors
C1206,Individual,Melissa,Baker,1957-12-09,F,USA,California,Investment,5,No,Website,66.1,0,3,941726.19,313908.73,1140.3999999999999,0.0,0,1,0,13.755470904395548,12.656860739482488,1,2,C1,Global Investors,C1 · Global Investors
C1207,Individual,Lauren,Price,1973-10-24,F,USA,Texas,Home,5,Yes,Agency,50.2,0,4,1084392.98,271098.245,1010.095,0.25,0,0,1,13.896531845134211,12.510240250532677,1,0,C1,Global Investors,C1 · Global Investors
C1208,Individual,Noah,Ward,1977-11-27,M,USA,Colorado,Home,1,No,Website,46.1,0,3,1277019.82,425673.2733333334,1477.03,0.3333333333333333,0,0,0,14.060040438718888,12.961429716194731,0,1,C2,First-Time Buyers,C2 · First-Time Buyers
C1209,Individual,Tiffany,Kim,1978-07-01,F,USA,California,Home,4,Yes,Website,45.5,0,4,1201633.01,300408.2525,1123.3175,0.0,0,0,1,13.999192863519555,12.61290099899699,0,0,C2,First-Time Buyers,C2 · First-Time Buyers
C1210,Individual,Dennis,Cox,1991-06-04,M,USA,California,Investment,1,No,Website,32.6,0,4,1146800.83,286700.2075,897.47,0.25,0,1,0,13.95248760873476,12.56619586358216,1,2,C1,Global Investors,C1 · Global Investors
C1211,Individual,Kathleen,Owens,1996-07-10,F,Canada,British Columbia,Home,5,Yes,Website,27.5,1,4,1447927.02,361981.755,1167.105,0.0,0,0,1,14.185644140747467,12.79935185155163,0,0,C2,First-Time Buyers,C2 · First-Time Buyers
C1212,Individual,Lawrence,Gray,1957-07-11,M,USA,California,Home,1,No,Agency,66.5,0,4,1052290.76,263072.69,904.0100000000001,0.0,0,0,0,13.866480972231649,12.48018946202805,1,2,C1,Global Investors,C1 · Global Investors
C1213,Individual,Ruth,Martin,1993-08-06,F,Canada,Manitoba,Home,5,No,Website,30.4,1,3,829461.56,276487.1866666667,899.9899999999999,0.0,0,0,0,13.628533251970124,12.529923374498956,1,2,C1,Global Investors,C1 · Global Investors
C1214,Individual,Jennifer,Peterson,2000-08-10,F,USA,Florida,Home,1,No,Agency,23.4,0,4,1725018.4100000001,431254.60250000004,1446.1125,0.0,0,0,0,14.360748860558205,12.974456238547669,0,0,C2,First-Time Buyers,C2 · First-Time Buyers
C1215,Individual,Charles,Patterson,1994-07-24,M,USA,California,Home,3,No,Website,29.4,0,3,1140423.3800000001,380141.1266666667,1104.51,0.6666666666666666,0,0,0,13.946911014255836,12.848300479319303,0,1,C2,First-Time Buyers,C2 · First-Time Buyers
C1216,Individual,Martha,Jordan,1997-07-10,F,France,Normandy,Home,4,No,Website,26.5,1,3,1191384.37,397128.12333333335,1464.8466666666666,0.0,0,0,0,13.990627364430352,12.89201675447878,0,1,C2,First-Time Buyers,C2 · First-Time Buyers
C1217,Individual,William,Carter,1997-01-05,M,USA,California,Investment,4,Yes,Website,27.0,0,3,1007204.78,335734.9266666667,1186.4366666666667,0.0,0,1,1,13.822690500377302,12.724080197398765,1,2,C1,Global Investors,C1 · Global Investors
C1218,Individual,Teresa,Smith,1941-12-28,F,USA,California,Home,1,Yes,Website,82.0,0,4,1308613.5699999998,327153.39249999996,1121.525,0.0,0,0,1,14.084479555392168,12.698187486770488,0,0,C2,First-Time Buyers,C2 · First-Time Buyers
C1219,Individual,Danielle,Howard,1983-12-06,F,USA,Arizona,Home,1,Yes,Website,40.1,0,3,867409.27,289136.42333333334,1074.6233333333332,0.0,0,0,1,13.673267350294864,12.574657367338093,1,2,C1,Global Investors,C1 · Global Investors
C1220,Individual,Christina,Martin,1967-09-08,F,USA,Colorado,Investment,4,Yes,Website,56.3,0,4,1471199.75,367799.9375,1254.045,0.25,0,1,1,14.201589462060047,12.81529714008875,0,0,C2,First-Time Buyers,C2 · First-Time Buyers
C1221,Individual,Cynthia,Thomas,1984-05-23,F,USA,Nevada,Investment,2,No,Agency,39.6,0,3,1354868.93,451622.9766666666,1565.3233333333335,0.0,0,1,0,14.119216015068426,13.020605202555688,0,1,C2,First-Time Buyers,C2 · First-Time Buyers
C1222,Individual,Christopher,Taylor,1969-01-07,M,USA,Utah,Home,4,No,Website,55.0,0,3,1319349.8599999999,439783.2866666666,1362.3833333333334,0.0,0,0,0,14.092650400875415,12.994039628103149,0,1,C2,First-Time Buyers,C2 · First-Time Buyers
C1223,Individual,Sharon,Stone,1952-09-17,F,USA,Washington,Home,4,No,Website,71.3,0,3,1072582.78,357527.5933333333,1369.7300000000002,0.0,0,0,0,13.885581043283487,12.786970619269843,1,1,C1,Global Investors,C1 · Global Investors
C1224,Individual,Paul,Carter,1942-06-13,M,USA,New York,Investment,5,Yes,Client,81.6,0,3,827238.27,275746.09,964.2666666666665,0.0,0,1,1,13.625849255013732,12.527239384022893,1,2,C1,Global Investors,C1 · Global Investors
C1225,Individual,Larry,James,1990-11-10,M,USA,Oregon,Home,2,No,Website,33.1,0,3,1122587.7,374195.89999999997,1168.3366666666668,0.3333333333333333,0,0,0,13.931147915521171,12.832537408447886,1,1,C1,Global Investors,C1 · Global Investors
C1226,Individual,Michael,Sanders,1989-05-01,M,USA,Utah,Home,4,No,Website,34.7,0,3,972596.1300000001,324198.71,1082.8966666666668,0.0,0,0,0,13.787725226094086,12.689114993773751,1,2,C1,Global Investors,C1 · Global Investors
C1227,Individual,Alexander,Reyes,1987-03-13,M,USA,Colorado,Home,3,Yes,Agency,36.8,0,4,2151534.73,537883.6825,1676.3825,0.0,0,0,1,14.581692438141255,13.195399471373253,0,0,C2,First-Time Buyers,C2 · First-Time Buyers
C1228,Individual,Joseph,Howard,1954-07-07,M,USA,California,Home,2,No,Website,69.5,0,3,1058718.77,352906.25666666665,1124.5,0.0,0,0,0,13.872570972002398,12.773960572406514,1,2,C1,Global Investors,C1 · Global Investors
C1229,Individual,Madison,Reyes,1994-11-02,F,UK,Scotland,Home,1,Yes,Website,29.2,1,3,1185126.78,395042.26,1303.4733333333334,0.0,0,0,1,13.985361157961629,12.886750556873833,0,1,C2,First-Time Buyers,C2 · First-Time Buyers
C1230,Individual,Lawrence,Parker,1985-02-18,M,USA,California,Home,5,No,Client,38.9,0,3,759973.15,253324.38333333333,801.46,0.6666666666666666,0,0,0,13.54103969852616,12.442430041523044,1,1,C1,Global Investors,C1 · Global Investors
C1231,Individual,Betty,Carter,1954-12-09,F,USA,California,Home,2,No,Agency,69.1,0,3,859705.1699999999,286568.38999999996,922.6666666666666,0.6666666666666666,0,0,0,13.664345947058964,12.565735984764379,1,1,C1,Global Investors,C1 · Global Investors
C1232,Individual,Mary,Jackson,1989-09-23,F,Canada,British Columbia,Home,3,No,Website,34.3,1,4,1527373.03,381843.2575,1173.8125,0.0,0,0,0,14.239060498542102,12.852768101575716,0,0,C2,First-Time Buyers,C2 · First-Time Buyers
C1233,Individual,Brian,Scott,1979-08-05,M,USA,Utah,Home,4,No,Website,44.4,0,3,936287.8,312095.93333333335,1078.7866666666666,0.0,0,0,0,13.749679254877437,12.651069102300097,1,2,C1,Global Investors,C1 · Global Investors
C1234,Individual,Karen,King,1957-01-20,F,USA,Colorado,Investment,1,No,Website,66.9,0,4,1463190.28,365797.57,1278.045,0.0,0,1,0,14.196130416500303,12.80983810569124,0,0,C2,First-Time Buyers,C2 · First-Time Buyers
C1235,Individual,Michael,Morales,1957-05-27,M,USA,Arizona,Home,2,No,Website,66.6,0,4,1271344.1099999999,317836.02749999997,1025.3225,0.25,0,0,0,14.05558603967218,12.669294038254968,0,1,C2,First-Time Buyers,C2 · First-Time Buyers
C1236,Individual,Brandon,Cook,1972-08-24,M,USA,Arizona,Home,4,Yes,Website,51.4,0,4,1747766.02,436941.505,1415.4825,0.0,0,0,1,14.373849542561688,12.987556897916242,0,0,C2,First-Time Buyers,C2 · First-Time Buyers
C1237,Individual,Helen,Cook,1943-09-25,F,UK,Wales,Investment,4,Yes,Website,80.3,1,3,688233.74,229411.24666666667,775.5666666666666,0.3333333333333333,0,1,1,13.441885250583239,12.343275867896153,1,2,C1,Global Investors,C1 · Global Investors
C1238,Individual,Joshua,Bennett,1946-04-22,M,USA,Nevada,Home,1,Yes,Agency,77.7,0,4,1648873.57,412218.3925,1343.6575,0.0,0,0,1,14.31560353436732,12.929310992668581,0,0,C2,First-Time Buyers,C2 · First-Time Buyers
C1239,Individual,Catherine,Adams,1953-02-07,F,USA,Oregon,Home,3,No,Agency,70.9,0,4,1457041.08,364260.27,1114.2125,0.0,0,0,0,14.191918966023156,12.805626663867073,0,0,C2,First-Time Buyers,C2 · First-Time Buyers
C1240,Individual,Gloria,Wright,1984-11-12,F,USA,Nevada,Investment,4,Yes,Website,39.1,0,3,1018594.4400000001,339531.48000000004,1104.51,0.3333333333333333,0,1,1,13.83393521668985,12.735324891507888,1,1,C1,Global Investors,C1 · Global Investors
C1241,Individual,Danielle,Martin,1973-08-19,F,USA,California,Home,1,No,Agency,50.4,0,4,1157084.5899999999,289271.14749999996,948.835,0.0,0,0,0,13.96141497923922,12.575123210836875,1,2,C1,Global Investors,C1 · Global Investors
C1242,Individual,Gerald,Collins,1961-09-22,M,USA,California,Home,3,Yes,Website,62.3,0,3,1055842.78,351947.5933333333,1138.4233333333334,0.0,0,0,1,13.869850796698731,12.771240402248445,1,1,C1,Global Investors,C1 · Global Investors
C1243,Individual,Jeffrey,Edwards,1948-10-04,M,USA,Colorado,Home,1,No,Website,75.2,0,4,1419502.04,354875.51,1246.6175,0.0,0,0,0,14.165817396492024,12.779525148785593,0,0,C2,First-Time Buyers,C2 · First-Time Buyers
C1244,Individual,Joseph,Phillips,1992-06-10,M,USA,Utah,Investment,5,Yes,Website,31.6,0,3,1438309.93,479436.6433333333,1513.17,0.6666666666666666,0,1,1,14.17898001781222,13.080369119663064,0,1,C2,First-Time Buyers,C2 · First-Time Buyers
C1245,Individual,Edward,Reyes,1963-02-10,M,USA,California,Home,3,Yes,Agency,60.9,0,3,1422519.51,474173.17,1529.4633333333334,0.0,0,0,1,14.16794086315636,13.069329980442387,0,1,C2,First-Time Buyers,C2 · First-Time Buyers
C1246,Individual,Joyce,Jackson,1943-05-10,F,Canada,Alberta,Home,2,No,Agency,80.6,1,3,859984.47,286661.49,980.8699999999999,0.3333333333333333,0,0,0,13.664670772738125,12.566060809687999,1,2,C1,Global Investors,C1 · Global Investors
C1247,Individual,Judy,Moore,1957-04-09,F,USA,Nevada,Investment,2,No,Website,66.7,0,4,1774416.3199999998,443604.07999999996,1489.73,0.0,0,1,0,14.388982656576589,13.002689986151118,0,0,C2,First-Time Buyers,C2 · First-Time Buyers
C1248,Individual,Sara,Scott,1976-07-04,F,USA,Arizona,Home,3,No,Agency,47.5,0,3,786895.89,262298.63,899.62,0.0,0,0,0,13.575852502297701,12.47724275525542,1,2,C1,Global Investors,C1 · Global Investors
C1249,Individual,Janet,James,1971-07-14,F,USA,California,Investment,1,No,Website,52.5,0,4,1289938.6400000001,322484.66000000003,1146.0149999999999,0.5,0,1,0,14.070105984545462,12.683813949113082,0,0,C2,First-Time Buyers,C2 · First-Time Buyers
C1250,Individual,Jordan,Stewart,1950-04-19,M,USA,Nevada,Home,5,No,Agency,73.7,0,3,1582661.61,527553.87,1674.54,0.3333333333333333,0,0,0,14.274619182855803,13.176008157880108,0,1,C2,First-Time Buyers,C2 · First-Time Buyers
C1251,Individual,Aaron,Thompson,1975-11-01,M,USA,Texas,Investment,5,No,Website,48.2,0,4,1246714.37,311678.5925,967.0,0.5,0,1,0,14.036022946804435,12.649730992004754,0,1,C2,First-Time Buyers,C2 · First-Time Buyers
C1252,Individual,Margaret,Cook,1962-02-27,F,USA,Arizona,Home,3,Yes,Website,61.8,0,3,1137673.55,379224.51666666666,1221.6766666666665,0.0,0,0,1,13.944496868584363,12.845886337886704,1,1,C1,Global Investors,C1 · Global Investors
C1253,Individual,Jason,Flores,1991-09-24,M,USA,California,Home,2,No,Agency,32.3,0,3,767162.2200000001,255720.74000000002,814.3533333333334,0.3333333333333333,0,0,0,13.550454860839093,12.451845179174736,1,1,C1,Global Investors,C1 · Global Investors
C1254,Individual,Ethan,Freeman,1956-04-04,M,USA,California,Home,5,Yes,Agency,67.7,0,4,1604050.8800000001,401012.72000000003,1279.9,0.0,0,0,1,14.288043411025187,12.901750920167245,0,0,C2,First-Time Buyers,C2 · First-Time Buyers
C1255,Individual,Mark,Patterson,1999-09-15,M,USA,California,Home,3,No,Agency,24.3,0,4,1105130.19,276282.5475,942.035,0.25,0,0,0,13.915474609868756,12.52918296335502,1,0,C1,Global Investors,C1 · Global Investors
C1256,Company,Triton,Co,1972-02-18,F,USA,California,Investment,4,No,Agency,51.9,0,3,1227293.02,409097.67333333334,1357.1933333333334,0.3333333333333333,1,1,0,14.020322320089415,12.921711661021334,3,3,C3,Corporate Buyers,C3 · Corporate Buyers
C1257,Individual,Michael,Scott,1991-12-22,M,USA,California,Home,5,Yes,Agency,32.0,0,3,850550.13,283516.71,893.3766666666667,0.0,0,0,1,13.65363980658896,12.55502986933463,1,2,C1,Global Investors,C1 · Global Investors
C1258,Individual,Betty,Stone,1969-06-22,F,USA,Nevada,Home,1,No,Website,54.5,0,4,1015636.19,253909.0475,821.355,0.25,0,0,0,13.83102674688975,12.444735339576196,1,2,C1,Global Investors,C1 · Global Investors
C1259,Individual,William,Edwards,1971-02-19,M,USA,California,Investment,3,Yes,Agency,52.9,0,4,1256766.51,314191.6275,1004.1575,0.25,0,1,1,14.044053514220842,12.657761540174452,0,0,C2,First-Time Buyers,C2 · First-Time Buyers
C1260,Individual,Elizabeth,Ward,1992-08-24,F,USA,California,Home,2,No,Agency,31.4,0,4,1633449.34,408362.335,1423.1725,0.25,0,0,0,14.30620510858165,12.9199125840632,0,0,C2,First-Time Buyers,C2 · First-Time Buyers
C1261,Individual,Patrick,Kim,1976-09-03,M,USA,Utah,Home,3,No,Client,47.3,0,3,1491163.72,497054.5733333333,1504.28,0.0,0,0,0,14.215068063835307,13.116457116399745,0,1,C2,First-Time Buyers,C2 · First-Time Buyers
C1262,Individual,Dorothy,Evans,1950-11-10,F,USA,California,Investment,4,No,Agency,73.1,0,3,961425.37,320475.12333333335,1077.3233333333335,0.0,0,1,0,13.776173262815576,12.677563054387807,1,2,C1,Global Investors,C1 · Global Investors
C1263,Individual,Lawrence,Alexander,1951-11-17,M,USA,California,Investment,3,No,Agency,72.1,0,4,1975384.2000000002,493846.05000000005,1602.67,0.0,0,1,0,14.49627397527461,13.109981132844705,0,0,C2,First-Time Buyers,C2 · First-Time Buyers
C1264,Individual,Sarah,Garcia,1999-12-06,F,USA,California,Investment,1,No,Agency,24.1,0,3,1287173.46,429057.82,1452.2633333333333,0.3333333333333333,0,1,0,14.067960032946996,12.969349298068607,0,1,C2,First-Time Buyers,C2 · First-Time Buyers
C1265,Individual,Gary,White,1943-03-24,M,USA,Washington,Home,1,Yes,Agency,80.8,0,3,1070432.96,356810.98666666663,1325.71,0.0,0,0,1,13.883574694310227,12.784964274041483,1,2,C1,Global Investors,C1 · Global Investors
C1266,Individual,Christopher,Hughes,1952-06-20,M,UK,England,Home,2,No,Website,71.5,1,4,1204291.73,301072.9325,1101.9875,0.0,0,0,0,14.001403006528532,12.61511113649423,1,0,C1,Global Investors,C1 · Global Investors
C1267,Individual,Dorothy,Peterson,1965-04-07,F,USA,Colorado,Home,3,Yes,Website,58.7,0,3,1399933.8800000001,466644.6266666667,1529.4633333333334,0.0,0,0,1,14.15193627921795,13.0533254191867,0,1,C2,First-Time Buyers,C2 · First-Time Buyers
C1268,Individual,Gloria,Green,1995-10-01,F,UK,Northern Ireland,Investment,1,Yes,Website,28.3,1,3,968928.25,322976.0833333333,1003.3133333333334,0.0,0,1,1,13.783946874791402,12.685336650255358,1,2,C1,Global Investors,C1 · Global Investors
C1269,Individual,Jack,Bennett,1964-09-28,M,USA,California,Home,5,No,Website,59.3,0,3,1046535.0,348845.0,1169.0466666666669,0.0,0,0,0,13.860996220658738,12.762385843055407,1,1,C1,Global Investors,C1 · Global Investors
C1270,Individual,Cheryl,Ward,1978-10-18,F,USA,Texas,Home,4,No,Agency,45.2,0,3,1310435.53,436811.8433333333,1465.92,0.0,0,0,0,14.085870868676514,12.987260106216219,0,1,C2,First-Time Buyers,C2 · First-Time Buyers
C1271,Individual,Noah,Anderson,1992-09-10,M,USA,California,Home,2,Yes,Agency,31.3,0,4,1296911.85,324227.9625,1040.5175,0.25,0,0,1,14.075497267517479,12.689205219580414,0,2,C2,First-Time Buyers,C2 · First-Time Buyers
C1272,Individual,Ryan,Collins,1941-05-13,M,France,Occitanie,Home,1,Yes,Website,82.6,1,3,778830.7999999999,259610.26666666663,899.62,0.0,0,0,1,13.565550383695882,12.466940662973037,1,2,C1,Global Investors,C1 · Global Investors
C1273,Individual,Gerald,Jordan,1968-05-13,M,Canada,Alberta,Home,5,No,Website,55.6,1,3,1462080.32,487360.1066666667,1592.1233333333332,0.0,0,0,0,14.19537154018001,13.096760619423936,0,1,C2,First-Time Buyers,C2 · First-Time Buyers
C1274,Individual,Linda,Jones,1979-07-09,F,USA,California,Investment,1,Yes,Website,44.5,0,3,1038831.8500000001,346277.2833333334,1193.7733333333333,0.0,0,1,1,13.853608381297303,12.754998017864878,1,2,C1,Global Investors,C1 · Global Investors
C1275,Individual,Jessica,Roberts,1969-02-26,F,USA,Georgia,Investment,1,No,Website,54.8,0,4,1737593.0,434398.25,1312.8225,0.25,0,1,0,14.368011955677117,12.981719321081036,0,0,C2,First-Time Buyers,C2 · First-Time Buyers
C1276,Individual,Arthur,Griffin,1940-03-09,M,Australia,Victoria,Home,1,Yes,Agency,83.8,1,3,1635917.97,545305.99,1754.9366666666667,0.6666666666666666,0,0,1,14.307715265578357,13.20910419946394,0,1,C2,First-Time Buyers,C2 · First-Time Buyers
C1277,Individual,Lauren,Griffin,1981-04-01,F,USA,California,Investment,2,No,Agency,42.8,0,3,1270250.68,423416.8933333333,1267.4066666666668,0.3333333333333333,0,1,0,14.0547256120294,12.956114897851178,0,1,C2,First-Time Buyers,C2 · First-Time Buyers
C1278,Individual,Arthur,Griffin,1997-07-25,M,USA,Utah,Home,4,No,Website,26.4,0,3,685587.81,228529.27000000002,791.0400000000001,0.0,0,0,0,13.438033324662266,12.339423953190373,1,2,C1,Global Investors,C1 · Global Investors
C1279,Individual,Peter,Martin,1943-10-12,M,USA,California,Home,4,Yes,Website,80.2,0,3,1278123.59,426041.1966666667,1366.5633333333335,0.0,0,0,1,14.060904397430857,12.9622936735542,0,1,C2,First-Time Buyers,C2 · First-Time Buyers
C1280,Individual,Jacob,Bennett,1953-09-19,M,USA,Texas,Home,2,Yes,Website,70.3,0,3,1295836.68,431945.56,1445.2933333333333,0.0,0,0,1,14.074667901136728,12.97605715587061,0,1,C2,First-Time Buyers,C2 · First-Time Buyers
C1281,Individual,Deborah,Edwards,1998-06-12,F,Canada,Manitoba,Investment,2,Yes,Website,25.6,1,3,889312.14,296437.38,899.9899999999999,0.0,0,1,1,13.698204690944827,12.599594651200816,1,2,C1,Global Investors,C1 · Global Investors
C1282,Individual,Ashley,Taylor,1996-05-18,F,USA,Colorado,Investment,3,Yes,Agency,27.6,0,4,1302998.6,325749.65,1155.47,0.0,0,1,1,14.080179549123052,12.693887490380343,0,0,C2,First-Time Buyers,C2 · First-Time Buyers
C1283,Individual,Janice,Collins,1945-11-08,F,USA,New York,Home,3,No,Agency,78.1,0,4,1479050.94,369762.735,1185.59,0.5,0,0,0,14.206911859399494,12.820619526603881,0,1,C2,First-Time Buyers,C2 · First-Time Buyers
C1284,Individual,Patrick,Bennett,1955-10-16,M,USA,California,Home,2,No,Website,68.2,0,4,1443865.51,360966.3775,1111.6475,0.25,0,0,0,14.182835149563305,12.79654286619566,0,1,C2,First-Time Buyers,C2 · First-Time Buyers
C1285,Individual,Steven,Cox,1954-03-02,M,USA,Utah,Home,4,Yes,Website,69.8,0,3,1609592.58,536530.86,1680.5266666666666,0.3333333333333333,0,0,1,14.291492270311014,13.19288122419182,0,1,C2,First-Time Buyers,C2 · First-Time Buyers
C1286,Individual,Stephen,Evans,1963-07-10,M,USA,California,Home,5,No,Agency,60.5,0,3,1203306.91,401102.3033333333,1192.5933333333332,0.0,0,0,0,14.000584913993944,12.90197428740943,0,1,C2,First-Time Buyers,C2 · First-Time Buyers
C1287,Individual,Diane,Hughes,1998-04-07,F,USA,California,Investment,4,No,Website,25.7,0,3,843581.37,281193.79,901.6266666666667,0.6666666666666666,0,1,0,13.64541282883827,12.546802911008742,1,1,C1,Global Investors,C1 · Global Investors
C1288,Individual,Sean,Cooper,1941-01-20,M,Belgium,Wallonia,Home,3,No,Agency,82.9,1,3,971136.6900000001,323712.23000000004,1155.4633333333334,0.0,0,0,0,13.786223539486176,12.687613310256149,1,2,C1,Global Investors,C1 · Global Investors
C1289,Individual,Samuel,Freeman,1973-07-26,M,Mexico,Jalisco,Investment,1,Yes,Agency,50.4,1,4,1076161.8599999999,269040.46499999997,854.58,0.0,0,1,1,13.888912365127894,12.502620791686272,1,2,C1,Global Investors,C1 · Global Investors
C1290,Individual,Teresa,Long,1973-10-24,F,USA,Washington,Home,3,Yes,Website,50.2,0,4,1332432.9100000001,333108.22750000004,1195.1875,0.0,0,0,1,14.102517835293028,12.716225725689405,0,0,C2,First-Time Buyers,C2 · First-Time Buyers
C1291,Individual,Paul,Johnson,1983-11-09,M,USA,California,Investment,5,Yes,Website,40.1,0,3,1123403.46,374467.82,1240.6066666666666,0.0,0,1,1,13.931874329163385,12.833263820796397,1,2,C1,Global Investors,C1 · Global Investors
C1292,Individual,Jordan,Evans,1977-05-22,M,USA,Texas,Investment,5,Yes,Website,46.6,0,4,1099365.94,274841.485,1000.415,0.25,0,1,1,13.910245063008768,12.523953430728355,1,0,C1,Global Investors,C1 · Global Investors
C1293,Individual,Anna,Wright,1972-08-01,F,USA,California,Home,1,No,Agency,51.4,0,4,1853570.08,463392.52,1552.15,0.25,0,0,0,14.432624649906945,13.04633190728316,0,0,C2,First-Time Buyers,C2 · First-Time Buyers
C1294,Individual,Henry,Davis,1963-02-09,M,Canada,Ontario,Investment,3,Yes,Agency,60.9,1,3,1220533.28,406844.4266666667,1371.6133333333335,0.0,0,1,1,14.014799255270376,12.916188605227575,0,1,C2,First-Time Buyers,C2 · First-Time Buyers
C1295,Individual,Anna,Bryant,1992-04-21,F,USA,California,Investment,1,Yes,Website,31.7,0,4,1478836.57,369709.1425,1202.2649999999999,0.0,0,1,1,14.206766911456272,12.820474578954682,0,0,C2,First-Time Buyers,C2 · First-Time Buyers
C1296,Individual,Keith,Hughes,1963-06-02,M,USA,Virginia,Home,1,No,Website,60.6,0,3,1025127.71,341709.23666666663,1089.46,0.3333333333333333,0,0,0,13.840328733403009,12.741718395707522,1,1,C1,Global Investors,C1 · Global Investors
C1297,Company,Vertex,Co,1983-09-06,M,Germany,Berlin,Home,5,No,Website,40.3,1,3,1169866.19,389955.39666666667,1267.4066666666668,0.3333333333333333,1,0,0,13.972400787510358,12.873790208436558,3,3,C3,Corporate Buyers,C3 · Corporate Buyers
C1298,Individual,Margaret,Taylor,1968-08-04,F,USA,California,Home,2,No,Agency,55.4,0,4,1571360.11,392840.0275,1276.8225,0.0,0,0,0,14.267452750785813,12.881160298836969,0,0,C2,First-Time Buyers,C2 · First-Time Buyers
C1299,Individual,Karen,James,1944-05-05,F,USA,California,Investment,3,No,Website,79.7,0,3,1296600.42,432200.13999999996,1440.1933333333334,0.0,0,1,0,14.075257106894421,12.97664636071919,0,1,C2,First-Time Buyers,C2 · First-Time Buyers
C1300,Individual,Judith,Collins,1961-01-06,F,USA,California,Home,2,No,Website,63.0,0,3,1428770.88,476256.95999999996,1451.5366666666669,0.6666666666666666,0,0,0,14.172325808059638,13.073714919194133,0,1,C2,First-Time Buyers,C2 · First-Time Buyers
C1301,Individual,Benjamin,Hayes,1955-12-17,M,USA,Virginia,Home,2,No,Agency,68.0,0,3,742139.88,247379.96,851.8699999999999,0.3333333333333333,0,0,0,13.517294369356506,12.418684775590886,1,2,C1,Global Investors,C1 · Global Investors
C1302,Individual,Jerry,Anderson,1996-04-19,M,USA,Arizona,Investment,5,No,Website,27.7,0,4,1709532.6,427383.15,1486.3274999999999,0.25,0,1,0,14.351731142738183,12.965438536481354,0,0,C2,First-Time Buyers,C2 · First-Time Buyers
C1303,Individual,Christian,Miller,1962-08-22,M,USA,Arizona,Home,3,Yes,Website,61.4,0,3,979418.98,326472.99333333335,1106.3533333333332,0.0,0,0,1,13.79471581828732,12.69610557164204,1,2,C1,Global Investors,C1 · Global Investors
C1304,Individual,Angela,Cook,1985-06-08,F,USA,California,Investment,1,No,Website,38.6,0,3,965747.81,321915.9366666667,1049.3799999999999,0.0,0,1,0,13.780659048324818,12.682048830586444,1,2,C1,Global Investors,C1 · Global Investors
C1305,Individual,Catherine,Anderson,1978-09-17,F,USA,Georgia,Home,4,No,Website,45.3,0,4,1034190.9,258547.725,853.07,0.0,0,0,0,13.849130906772801,12.462839446464306,1,0,C1,Global Investors,C1 · Global Investors
C1306,Individual,Kathleen,Morales,1948-03-18,F,USA,Washington,Home,5,No,Website,75.8,0,3,967094.76,322364.92,1090.7733333333333,0.3333333333333333,0,0,0,13.782052797453897,12.683442576831181,1,1,C1,Global Investors,C1 · Global Investors
C1307,Individual,Rachel,Rogers,1993-02-14,F,USA,Colorado,Home,5,No,Agency,30.9,0,3,920439.02,306813.00666666665,1012.96,0.0,0,0,0,13.732607117293249,12.633997001496574,1,2,C1,Global Investors,C1 · Global Investors
C1308,Individual,Timothy,Sanders,2000-03-04,M,USA,California,Investment,5,No,Agency,23.8,0,4,1363559.13,340889.7825,1042.1975,0.25,0,1,0,14.125609580038724,12.73931741903941,0,0,C2,First-Time Buyers,C2 · First-Time Buyers
C1309,Individual,David,Reyes,1999-12-06,M,USA,California,Home,5,No,Website,24.1,0,3,1460171.4100000001,486723.8033333334,1674.54,0.0,0,0,0,14.194065075753652,13.095454156785873,0,1,C2,First-Time Buyers,C2 · First-Time Buyers
C1310,Individual,Ann,Roberts,1955-05-04,F,USA,New York,Home,5,No,Agency,68.7,0,4,1244334.1400000001,311083.53500000003,1077.195,0.0,0,0,0,14.034111921142907,12.647819970946157,0,0,C2,First-Time Buyers,C2 · First-Time Buyers
C1311,Individual,Christopher,Ward,1940-08-14,M,UK,England,Home,4,Yes,Client,83.4,1,3,1352275.6400000001,450758.5466666667,1330.2166666666667,0.0,0,0,1,14.117300130038789,13.018689320356904,0,1,C2,First-Time Buyers,C2 · First-Time Buyers
C1312,Individual,Timothy,Stone,1942-09-03,M,USA,New York,Home,5,No,Website,81.3,0,3,786877.06,262292.35333333333,801.46,0.0,0,0,0,13.575828572573823,12.477218825592361,1,2,C1,Global Investors,C1 · Global Investors
C1313,Individual,Heather,Reed,1972-03-17,F,Australia,Western Australia,Investment,3,No,Website,51.8,1,3,997579.61,332526.5366666667,1138.4233333333334,0.0,0,1,0,13.813088236511115,12.71447795269151,1,2,C1,Global Investors,C1 · Global Investors
C1314,Individual,Rachel,Miller,1964-09-17,F,USA,Arizona,Home,3,No,Website,59.3,0,3,803329.23,267776.41,1037.11,0.0,0,0,0,13.596521153720728,12.49791135468569,1,2,C1,Global Investors,C1 · Global Investors
C1315,Individual,Joshua,Garcia,1948-12-24,M,USA,Colorado,Home,3,No,Agency,75.0,0,3,1066308.48,355436.16,1136.21,0.0,0,0,0,13.879714160522878,12.781103747481087,1,1,C1,Global Investors,C1 · Global Investors
C1316,Individual,Emma,King,1993-05-09,F,USA,Colorado,Home,2,Yes,Website,30.6,0,4,1238162.97,309540.7425,1052.8325,0.0,0,0,1,14.029140170952244,12.642848232771835,0,2,C2,First-Time Buyers,C2 · First-Time Buyers
C1317,Company,Atlas,Co,1973-11-27,M,USA,Utah,Home,2,Yes,Website,50.1,0,3,1315200.12,438400.04000000004,1460.493333333333,0.0,1,0,1,14.089500154865199,12.990889386875903,3,3,C3,Corporate Buyers,C3 · Corporate Buyers
C1318,Individual,William,Montgomery,1943-01-18,M,USA,Texas,Home,1,No,Website,81.0,0,4,1423923.98,355980.995,1169.615,0.25,0,0,0,14.168927686982013,12.78263543271247,0,1,C2,First-Time Buyers,C2 · First-Time Buyers
C1319,Individual,Grace,James,1954-08-17,F,USA,Florida,Home,3,Yes,Client,69.4,0,4,1424704.13,356176.0325,1227.645,0.0,0,0,1,14.169475423956895,12.78318316853367,0,0,C2,First-Time Buyers,C2 · First-Time Buyers
C1320,Individual,Peter,Reyes,1969-05-03,M,USA,California,Investment,1,No,Website,54.7,0,3,1077693.04,359231.01333333337,1129.1766666666665,0.0,0,1,0,13.89033416827363,12.791723735418088,1,2,C1,Global Investors,C1 · Global Investors
C1321,Individual,Christopher,Reed,1990-09-11,M,USA,Colorado,Investment,5,No,Client,33.3,0,3,787847.37,262615.79,853.8133333333334,0.0,0,1,0,13.577060926466302,12.478451176354517,1,2,C1,Global Investors,C1 · Global Investors
C1322,Individual,Barbara,Reyes,1994-12-26,F,USA,California,Home,5,No,Agency,29.0,0,3,1094026.3399999999,364675.4466666666,1255.1200000000001,0.0,0,0,0,13.90537625251103,12.806765791949127,1,1,C1,Global Investors,C1 · Global Investors
C1323,Individual,Nicholas,Moore,1963-07-28,M,USA,Utah,Home,3,No,Website,60.4,0,4,1180654.6,295163.65,975.4225,0.0,0,0,0,13.981580435377417,12.59528861521544,1,2,C1,Global Investors,C1 · Global Investors
C1324,Individual,Carl,Edwards,1992-04-21,M,USA,Arizona,Investment,2,Yes,Agency,31.7,0,3,1323306.51,441102.17,1471.6200000000001,0.0,0,1,1,14.095644849950961,12.997034072646215,0,1,C2,First-Time Buyers,C2 · First-Time Buyers
C1325,Individual,George,Jones,1974-12-09,M,Canada,Alberta,Home,5,Yes,Agency,49.1,1,4,1380292.56,345073.14,1098.1675,0.0,0,0,1,14.137806759148392,12.751514571476836,0,0,C2,First-Time Buyers,C2 · First-Time Buyers
C1326,Individual,Brandon,Mitchell,1944-05-22,M,USA,Colorado,Investment,4,No,Website,79.6,0,4,1489578.01,372394.5025,1239.145,0.25,0,1,0,14.214004094374511,12.827711747244452,0,0,C2,First-Time Buyers,C2 · First-Time Buyers
C1327,Individual,Betty,Carter,1993-05-14,F,USA,California,Home,4,Yes,Website,30.6,0,3,664017.81,221339.27000000002,775.5666666666666,0.0,0,0,1,13.406065756370586,12.307456479660809,1,2,C1,Global Investors,C1 · Global Investors
C1328,Individual,Sandra,Cooper,1956-07-23,F,USA,Washington,Home,4,No,Website,67.4,0,4,1337283.29,334320.8225,1173.8125,0.0,0,0,0,14.10615146624085,12.719859348470901,0,0,C2,First-Time Buyers,C2 · First-Time Buyers
C1329,Individual,Scott,Parker,1968-04-28,M,USA,California,Investment,3,Yes,Agency,55.7,0,3,1041797.56,347265.85333333333,1127.1499999999999,0.0,0,1,1,13.856459162069198,12.75784879315617,1,2,C1,Global Investors,C1 · Global Investors
C1330,Individual,Kelly,James,1975-05-02,F,USA,Colorado,Investment,2,No,Agency,48.7,0,4,835096.87,208774.2175,699.545,0.25,0,1,0,13.635304206545324,12.24901343781229,1,2,C1,Global Investors,C1 · Global Investors
C1331,Individual,Christina,Bennett,1986-10-06,F,USA,California,Investment,1,No,Agency,37.2,0,3,1047958.11,349319.37,1113.29,1.0,0,1,0,13.862355125926362,12.763744745727841,1,1,C1,Global Investors,C1 · Global Investors
C1332,Individual,Michael,Howard,1995-12-11,M,USA,Washington,Investment,5,Yes,Agency,28.1,0,3,1227353.63,409117.87666666665,1350.4933333333333,0.0,0,1,1,14.020371703939125,12.92176104479057,0,1,C2,First-Time Buyers,C2 · First-Time Buyers
C1333,Individual,Jack,Hansen,1988-03-27,M,USA,Nevada,Investment,2,Yes,Website,35.8,0,4,1364310.45,341077.6125,1146.9925,0.25,0,1,1,14.126160427098025,12.739868264887116,0,0,C2,First-Time Buyers,C2 · First-Time Buyers
C1334,Individual,Victoria,Nelson,1965-12-08,F,USA,California,Home,5,Yes,Agency,58.1,0,4,1906641.78,476660.445,1552.15,0.25,0,0,1,14.460854546637368,13.074561758962524,0,0,C2,First-Time Buyers,C2 · First-Time Buyers
C1335,Individual,Elizabeth,Hall,1982-05-01,F,USA,Oregon,Investment,2,Yes,Website,41.7,0,3,1001510.5800000001,333836.86000000004,1070.1933333333334,0.0,0,1,1,13.81702099667718,12.718410704988479,1,2,C1,Global Investors,C1 · Global Investors
C1336,Individual,Joyce,Thompson,1948-12-09,F,USA,California,Home,5,No,Client,75.1,0,4,1371591.4,342897.85,1182.3725,0.25,0,0,0,14.131482958581506,12.74519078469794,0,0,C2,First-Time Buyers,C2 · First-Time Buyers
C1337,Individual,Jennifer,Johnson,1953-09-20,F,USA,California,Investment,5,No,Website,70.3,0,4,1310989.71,327747.4275,1073.905,0.25,0,1,0,14.086293676526985,12.700001603750211,0,0,C2,First-Time Buyers,C2 · First-Time Buyers
C1338,Individual,Christine,James,1968-12-01,F,USA,California,Home,2,Yes,Website,55.1,0,3,1096818.64,365606.2133333333,1169.0466666666669,0.0,0,0,1,13.90792531370741,12.809314848491493,1,1,C1,Global Investors,C1 · Global Investors
C1339,Company,Rexon,Co,1961-02-24,M,USA,Nevada,Home,4,Yes,Website,62.9,0,4,1532340.63,383085.1575,1338.9,0.25,1,0,1,14.242307600506294,12.85601519717245,3,3,C3,Corporate Buyers,C3 · Corporate Buyers
C1340,Company,Forsyte,Co,1988-12-05,M,USA,Colorado,Home,5,No,Website,35.1,0,4,1746049.93,436512.4825,1421.4650000000001,0.25,1,0,0,14.372867184486617,12.98657454152819,3,3,C3,Corporate Buyers,C3 · Corporate Buyers
C1341,Individual,Julie,Cox,1952-09-23,F,USA,Colorado,Home,5,Yes,Website,71.3,0,3,756694.8300000001,252231.61000000002,952.2633333333333,0.0,0,0,1,13.536716641896978,12.438106996295312,1,2,C1,Global Investors,C1 · Global Investors
C1342,Individual,Maria,Griffin,1964-02-21,F,USA,California,Home,1,Yes,Agency,59.9,0,3,922722.19,307574.0633333333,1003.3133333333334,0.0,0,0,1,13.73508456601337,12.636474444840186,1,2,C1,Global Investors,C1 · Global Investors
C1343,Individual,Megan,Turner,1995-03-13,F,Canada,Ontario,Home,5,No,Agency,28.8,1,3,1005148.6399999999,335049.54666666663,1161.5433333333333,0.0,0,0,0,13.820646983913862,12.72203668499726,1,2,C1,Global Investors,C1 · Global Investors
C1344,Individual,Carl,Phillips,1974-05-24,M,USA,Florida,Home,1,No,Agency,49.6,0,4,1319490.92,329872.73,1139.4675,0.0,0,0,0,14.092757311375125,12.706465223855053,0,0,C2,First-Time Buyers,C2 · First-Time Buyers
C1345,Individual,Mary,Parker,1956-04-25,F,USA,Texas,Home,5,No,Website,67.7,0,3,942467.41,314155.80333333334,1049.3066666666666,0.3333333333333333,0,0,0,13.756257680501209,12.657647513917889,1,1,C1,Global Investors,C1 · Global Investors
C1346,Company,Triton,Co,1987-03-18,F,USA,Colorado,Investment,4,No,Agency,36.8,0,3,1037623.3900000001,345874.4633333334,1088.5866666666668,0.6666666666666666,1,1,0,13.852444417876185,12.75383405668597,3,3,C3,Corporate Buyers,C3 · Corporate Buyers
C1347,Individual,Mark,James,1956-02-13,M,USA,Washington,Home,2,No,Client,67.9,0,3,1001705.48,333901.82666666666,1090.9466666666667,0.0,0,0,0,13.817215583581627,12.718605291504378,1,2,C1,Global Investors,C1 · Global Investors
C1348,Individual,Peter,Harris,1998-07-16,M,USA,Oregon,Home,4,Yes,Client,25.5,0,3,1021309.9299999999,340436.6433333333,1186.05,0.0,0,0,1,13.836597585555335,12.737987255152806,1,1,C1,Global Investors,C1 · Global Investors
C1349,Individual,Joyce,Johnson,1982-02-14,F,USA,Virginia,Investment,3,No,Website,41.9,0,3,773186.34,257728.78,952.0733333333334,0.3333333333333333,0,1,0,13.55827665266959,12.45966695069336,1,1,C1,Global Investors,C1 · Global Investors
C1350,Individual,Julia,King,1991-05-17,F,Germany,Hamburg,Home,5,No,Website,32.6,1,4,743296.88,185824.22,632.215,0.0,0,0,0,13.518852158563481,12.132561833502386,1,2,C1,Global Investors,C1 · Global Investors
C1351,Individual,Judith,Long,1987-06-24,F,Australia,South Australia,Home,2,No,Client,36.5,1,4,1400457.41,350114.3525,1234.8075000000001,0.0,0,0,0,14.152310176704399,12.766017957737938,0,0,C2,First-Time Buyers,C2 · First-Time Buyers
C1352,Individual,Benjamin,Gray,1989-03-16,M,USA,California,Home,2,Yes,Agency,34.8,0,3,1535963.18,511987.7266666666,1635.6233333333332,0.3333333333333333,0,0,1,14.244668872105331,13.146057885550073,0,1,C2,First-Time Buyers,C2 · First-Time Buyers
C1353,Individual,Debra,Jackson,1997-10-15,F,Canada,Alberta,Home,1,No,Agency,26.2,1,3,532598.24,177532.74666666667,564.01,0.0,0,0,0,13.185524525398877,12.086915991892425,1,2,C1,Global Investors,C1 · Global Investors
C1354,Individual,Patrick,Johnson,1941-04-09,M,USA,Florida,Home,5,No,Website,82.7,0,3,1545799.94,515266.64666666667,1685.2766666666666,0.3333333333333333,0,0,0,14.251052741754089,13.152441746912794,0,1,C2,First-Time Buyers,C2 · First-Time Buyers
C1355,Individual,Shirley,Owens,1966-11-22,F,USA,California,Investment,2,Yes,Client,57.1,0,3,1245446.7799999998,415148.9266666666,1523.6933333333334,0.3333333333333333,0,1,1,14.035005685868441,12.936395003047181,0,1,C2,First-Time Buyers,C2 · First-Time Buyers
C1356,Individual,Jonathan,Morales,1994-03-26,M,USA,Oregon,Investment,4,No,Agency,29.8,0,3,1490237.62,496745.87333333335,1648.5966666666666,0.0,0,1,0,14.214446812750383,13.115835866148323,0,1,C2,First-Time Buyers,C2 · First-Time Buyers
C1357,Individual,Danielle,Patterson,1987-03-01,F,USA,California,Home,5,Yes,Website,36.8,0,3,1077383.54,359127.8466666667,1104.51,0.0,0,0,1,13.890046939766048,12.791436507443626,1,1,C1,Global Investors,C1 · Global Investors
C1358,Individual,Gregory,Taylor,1943-01-05,M,USA,Texas,Home,4,No,Agency,81.0,0,3,965180.83,321726.9433333333,1078.7866666666666,0.3333333333333333,0,0,0,13.780071787441853,12.681461570920012,1,1,C1,Global Investors,C1 · Global Investors
C1359,Individual,Gary,Owens,1975-07-25,M,USA,Virginia,Home,3,No,Agency,48.4,0,4,1381335.3,345333.825,1093.05,0.0,0,0,0,14.138561921934437,12.752269732622196,0,0,C2,First-Time Buyers,C2 · First-Time Buyers
C1360,Individual,Billy,Nelson,1990-11-27,M,USA,Virginia,Home,4,No,Agency,33.1,0,3,1001006.54,333668.8466666667,1111.2966666666666,0.0,0,0,0,13.816517590736522,12.717907300053364,1,2,C1,Global Investors,C1 · Global Investors
C1361,Individual,Ashley,Owens,1943-07-21,F,USA,California,Home,3,No,Client,80.4,0,4,1529260.3,382315.075,1296.5625,0.25,0,0,0,14.240295366320604,12.854002966930247,0,0,C2,First-Time Buyers,C2 · First-Time Buyers
C1362,Individual,Laura,Jordan,1965-04-13,F,USA,California,Investment,1,Yes,Agency,58.7,0,4,993131.84,248282.96,894.905,0.0,0,1,1,13.808619710515085,12.422328370134565,1,2,C1,Global Investors,C1 · Global Investors
C1363,Individual,James,Stone,1981-06-04,M,USA,Georgia,Home,5,Yes,Agency,42.6,0,4,1109919.3599999999,277479.83999999997,942.035,0.25,0,0,1,13.919798822966776,12.533507164739863,1,0,C1,Global Investors,C1 · Global Investors
C1364,Individual,Andrea,Watson,1998-12-23,F,USA,California,Investment,1,No,Website,25.0,0,4,1201578.93,300394.7325,1120.62,0.0,0,1,0,13.999147857122821,12.612855992712621,1,2,C1,Global Investors,C1 · Global Investors
C1365,Individual,Tiffany,Sanders,1969-03-16,F,Belgium,Brussels,Investment,5,Yes,Website,54.8,1,4,1443894.02,360973.505,1260.0625,0.0,0,1,1,14.18285489496105,12.79656261155238,0,0,C2,First-Time Buyers,C2 · First-Time Buyers
C1366,Individual,George,Thompson,1995-07-27,M,USA,California,Home,1,No,Website,28.4,0,3,1488525.13,496175.0433333333,1678.6133333333335,0.0,0,0,0,14.213297013869042,13.114686068810974,0,1,C2,First-Time Buyers,C2 · First-Time Buyers
C1367,Individual,Stephanie,Jordan,1953-01-11,F,Germany,Berlin,Home,2,No,Client,71.0,1,3,1035889.5,345296.5,1124.5,0.3333333333333333,0,0,0,13.850772001234763,12.752161643270785,1,1,C1,Global Investors,C1 · Global Investors
C1368,Individual,Jose,Gray,1947-11-22,M,USA,California,Home,5,Yes,Client,76.1,0,4,1378979.49,344744.8725,1042.6625,0.5,0,0,1,14.13685500874207,12.750562823140077,0,1,C2,First-Time Buyers,C2 · First-Time Buyers
C1369,Individual,Peter,Garcia,1983-10-07,M,France,Brittany,Home,4,Yes,Agency,40.2,1,4,1615394.12,403848.53,1338.9,0.0,0,0,1,14.29509014106216,12.908797637071325,0,0,C2,First-Time Buyers,C2 · First-Time Buyers
C1370,Individual,Frank,Evans,1965-06-04,M,USA,Colorado,Investment,1,No,Agency,58.6,0,4,834659.23,208664.8075,700.7825,0.0,0,1,0,13.63478001084294,12.24848924399351,1,2,C1,Global Investors,C1 · Global Investors
C1371,Individual,Timothy,Thomas,1989-06-19,M,UK,England,Home,2,Yes,Website,34.5,1,4,1036681.19,259170.2975,948.835,0.0,0,0,1,13.85153596965172,12.465244502374984,1,2,C1,Global Investors,C1 · Global Investors
C1372,Individual,Lisa,Turner,1981-11-21,F,USA,Washington,Investment,2,No,Website,42.1,0,3,874872.8,291624.26666666666,1049.3066666666666,0.0,0,1,0,13.681834926366383,12.583224923739659,1,2,C1,Global Investors,C1 · Global Investors
C1373,Individual,Melissa,Evans,1992-10-11,F,USA,California,Home,3,Yes,Website,31.2,0,3,1275663.27,425221.09,1221.6766666666665,0.0,0,0,1,14.058977596981759,12.960366876123048,0,1,C2,First-Time Buyers,C2 · First-Time Buyers
C1374,Company,Quasar,Co,1990-01-25,M,France,Ile-De-France,Home,3,Yes,Agency,33.9,1,3,1230590.28,410196.76,1321.5233333333333,0.3333333333333333,1,0,1,14.0230053272891,12.924394663854654,3,3,C3,Corporate Buyers,C3 · Corporate Buyers
C1375,Individual,Carolyn,Flores,1972-11-22,F,USA,California,Investment,4,Yes,Agency,51.1,0,4,1097182.3900000001,274295.59750000003,987.505,0.25,0,1,1,13.908256899396545,12.521965272546902,1,2,C1,Global Investors,C1 · Global Investors
C1376,Individual,Carolyn,Edwards,1987-06-23,F,USA,Arizona,Investment,3,Yes,Agency,36.5,0,3,1272387.2999999998,424129.0999999999,1493.243333333333,0.3333333333333333,0,1,1,14.056406243593221,12.957795526771086,0,1,C2,First-Time Buyers,C2 · First-Time Buyers
C1377,Individual,Laura,Long,1984-01-04,F,USA,Utah,Investment,2,No,Website,40.0,0,3,828441.4099999999,276147.13666666666,862.1066666666666,0.0,0,1,0,13.627302602267987,12.52869272776598,1,2,C1,Global Investors,C1 · Global Investors
C1378,Individual,Maria,Morales,1976-11-19,F,USA,California,Investment,1,No,Website,47.1,0,3,1399739.87,466579.9566666667,1464.8466666666666,0.0,0,1,0,14.151797684596547,13.053186824763312,0,1,C2,First-Time Buyers,C2 · First-Time Buyers
C1379,Individual,Kevin,Gray,1970-06-11,M,UK,Scotland,Home,2,No,Website,53.6,1,3,827767.69,275922.5633333333,1077.3233333333335,0.0,0,0,0,13.62648903443577,12.527879161898648,1,2,C1,Global Investors,C1 · Global Investors
C1380,Individual,Michael,Hughes,1949-10-15,M,Canada,Alberta,Investment,4,No,Website,74.2,1,3,1012542.1799999999,337514.06,1052.4533333333334,0.3333333333333333,0,1,0,13.827975723967057,12.729365410521401,1,1,C1,Global Investors,C1 · Global Investors
C1381,Individual,Eric,Cox,1962-06-16,M,Germany,Hesse,Home,3,Yes,Website,61.5,1,3,1082639.9100000001,360879.97000000003,1131.0966666666666,0.0,0,0,1,13.894913901287978,12.796303459952751,1,2,C1,Global Investors,C1 · Global Investors
C1382,Individual,Adam,James,1951-05-19,M,USA,Oregon,Home,2,No,Website,72.6,0,4,1176910.13,294227.5325,1024.3375,0.0,0,0,0,13.978403877869214,12.592112065791557,1,0,C1,Global Investors,C1 · Global Investors
C1383,Individual,Noah,Moore,1992-11-11,M,USA,California,Home,2,No,Agency,31.1,0,3,864768.8300000001,288256.2766666667,899.9899999999999,0.3333333333333333,0,0,0,13.67021865801958,12.571608682102932,1,1,C1,Global Investors,C1 · Global Investors
C1384,Individual,Mary,Young,1988-03-10,F,USA,California,Home,2,Yes,Agency,35.8,0,3,905480.04,301826.68,1016.7633333333333,0.0,0,0,1,13.71622161737849,12.617611537478652,1,1,C1,Global Investors,C1 · Global Investors
C1385,Individual,Kenneth,Owens,1946-06-01,M,USA,California,Home,1,No,Agency,77.6,0,3,1182983.03,394327.6766666667,1186.4366666666667,0.3333333333333333,0,0,0,13.983550643292059,12.884940045262418,0,1,C2,First-Time Buyers,C2 · First-Time Buyers
C1386,Individual,Harold,Howard,1947-08-23,M,USA,Washington,Home,4,Yes,Website,76.4,0,3,1284366.78,428122.26,1431.79,0.3333333333333333,0,0,1,14.065777155239743,12.96716642375679,0,1,C2,First-Time Buyers,C2 · First-Time Buyers
C1387,Individual,Jose,Reed,1943-05-27,M,Germany,Hamburg,Investment,4,No,Website,80.6,1,3,804550.47,268183.49,901.6266666666667,0.0,0,1,0,13.598040220993948,12.49943041817987,1,2,C1,Global Investors,C1 · Global Investors
C1388,Individual,Hannah,Stone,1999-04-20,F,USA,Washington,Home,3,No,Website,24.7,0,3,1183031.06,394343.6866666667,1283.46,0.0,0,0,0,13.983591243185025,12.884980645086747,0,1,C2,First-Time Buyers,C2 · First-Time Buyers
C1389,Individual,Jordan,Montgomery,1952-07-03,M,UK,Scotland,Home,2,No,Website,71.5,1,4,1742522.83,435630.7075,1282.79,0.25,0,0,0,14.370845097276533,12.98455245779589,0,0,C2,First-Time Buyers,C2 · First-Time Buyers
C1390,Individual,Lauren,Thomas,1979-07-21,F,USA,Nevada,Home,3,No,Website,44.4,0,3,906492.19,302164.0633333333,971.1899999999999,0.3333333333333333,0,0,0,13.717338796738455,12.618728714372406,1,1,C1,Global Investors,C1 · Global Investors
C1391,Individual,Barbara,Campbell,1974-03-06,F,USA,Utah,Home,1,No,Website,49.8,0,4,1579627.98,394906.995,1343.6575,0.0,0,0,0,14.272700554643153,12.886408092701606,0,0,C2,First-Time Buyers,C2 · First-Time Buyers
C1392,Individual,Jose,Johnson,1990-06-05,M,USA,Colorado,Home,4,Yes,Agency,33.6,0,4,1434978.2000000002,358744.55000000005,1125.5149999999999,0.25,0,0,1,14.176660912297288,12.790368641797851,0,0,C2,First-Time Buyers,C2 · First-Time Buyers
C1393,Individual,Virginia,Miller,1981-07-09,F,Mexico,Baja California,Investment,1,No,Agency,42.5,1,4,1187799.99,296949.9975,1027.325,0.0,0,1,0,13.987614248037199,12.601322412589736,1,0,C1,Global Investors,C1 · Global Investors
C1394,Individual,Debra,Hansen,1977-02-26,F,USA,Nevada,Home,4,No,Website,46.8,0,4,1325404.6,331351.15,967.0,0.0,0,0,0,14.097229083766917,12.710936986102535,0,0,C2,First-Time Buyers,C2 · First-Time Buyers
C1395,Individual,Megan,Campbell,1988-09-27,F,Canada,Alberta,Investment,4,No,Website,35.3,1,4,1497964.92,374491.23,1278.045,0.25,0,1,0,14.21961869246673,12.833326334060624,0,1,C2,First-Time Buyers,C2 · First-Time Buyers
C1396,Individual,Steven,Foster,1971-06-02,M,Canada,Manitoba,Investment,3,Yes,Website,52.6,1,3,977070.1199999999,325690.04,1075.8333333333333,0.0,0,1,1,13.792314722643713,12.69370448090741,1,2,C1,Global Investors,C1 · Global Investors
C1397,Individual,Linda,Chavez,1983-03-10,F,USA,Nevada,Home,4,No,Website,40.8,0,4,1551369.83,387842.4575,1175.235,0.0,0,0,0,14.254649504490091,12.86835707714196,0,0,C2,First-Time Buyers,C2 · First-Time Buyers
C1398,Individual,Alexander,Jones,1966-12-13,M,USA,California,Home,5,Yes,Website,57.1,0,3,926545.71,308848.57,1182.08,0.0,0,0,1,13.739219738979095,12.64060960886146,1,2,C1,Global Investors,C1 · Global Investors
C1399,Individual,Lauren,Evans,1978-08-23,F,Canada,British Columbia,Home,5,No,Agency,45.4,1,4,1259614.96,314903.74,1061.1325,0.0,0,0,0,14.046317438817841,12.660025459373417,0,0,C2,First-Time Buyers,C2 · First-Time Buyers
C1400,Individual,Maria,Jones,1991-10-24,F,UK,Northern Ireland,Home,4,No,Client,32.2,1,4,1146194.54,286548.635,939.4875,0.0,0,0,0,13.951958789973725,12.565667046204862,1,0,C1,Global Investors,C1 · Global Investors
C1401,Individual,Virginia,Brooks,1999-03-24,F,USA,Virginia,Investment,1,No,Website,24.8,0,4,1223523.71,305880.9275,1005.5625,0.5,0,1,0,14.017246357819484,12.630954448629089,0,0,C2,First-Time Buyers,C2 · First-Time Buyers
C1402,Individual,Helen,Jordan,1968-09-28,F,USA,Utah,Home,3,No,Agency,55.3,0,4,1394159.93,348539.9825,1132.7375,0.0,0,0,0,14.147803308402644,12.761511099112365,0,0,C2,First-Time Buyers,C2 · First-Time Buyers
C1403,Individual,Pamela,Scott,1983-09-22,F,USA,Oregon,Home,2,No,Website,40.3,0,4,1463350.69,365837.6725,1210.7375000000002,0.0,0,0,0,14.196240040723698,12.809947729689885,0,0,C2,First-Time Buyers,C2 · First-Time Buyers
C1404,Individual,Sharon,Williams,1950-07-22,F,USA,California,Home,4,No,Agency,73.4,0,4,1193678.04,298419.51,1024.3375,0.0,0,0,0,13.992550726078338,12.606258878193689,1,2,C1,Global Investors,C1 · Global Investors
C1405,Individual,Ryan,Williams,1955-06-08,M,USA,Oregon,Home,5,No,Agency,68.6,0,3,1306722.3599999999,435574.11999999994,1438.2933333333333,0.3333333333333333,0,0,0,14.083033309912416,12.984422551788972,0,1,C2,First-Time Buyers,C2 · First-Time Buyers
C1406,Individual,Sara,Wood,1970-09-01,F,USA,California,Home,3,No,Website,53.3,0,4,1364413.45,341103.3625,1151.6100000000001,0.25,0,0,0,14.126235920206401,12.739943757829495,0,1,C2,First-Time Buyers,C2 · First-Time Buyers
C1407,Individual,Sharon,Hansen,1956-03-22,F,USA,California,Home,1,No,Agency,67.8,0,4,1429717.0899999999,357429.27249999996,1123.3175,0.5,0,0,0,14.172987842941334,12.786695580135001,0,1,C2,First-Time Buyers,C2 · First-Time Buyers
C1408,Company,Grandis,Co,1963-11-13,F,USA,California,Home,2,No,Agency,60.1,0,4,1345035.74,336258.935,1103.3025,0.0,1,0,0,14.111931886630131,12.725639755930098,3,3,C3,Corporate Buyers,C3 · Corporate Buyers
C1409,Individual,Katherine,Price,1957-08-01,F,USA,Oregon,Investment,2,No,Website,66.4,0,3,1072801.12,357600.37333333335,1117.9399999999998,0.3333333333333333,0,1,0,13.885784587084864,12.78717416269172,1,1,C1,Global Investors,C1 · Global Investors
C1410,Individual,Jennifer,Edwards,1965-12-16,F,USA,Nevada,Home,2,No,Agency,58.0,0,4,1439196.49,359799.1225,1164.0149999999999,0.0,0,0,0,14.179596217592481,12.793303940965439,0,0,C2,First-Time Buyers,C2 · First-Time Buyers
C1411,Individual,Anthony,Watson,1987-04-04,M,USA,California,Home,2,No,Client,36.7,0,4,1318823.1600000001,329705.79000000004,1099.4925,0.25,0,0,0,14.092251109696472,12.705959023327589,0,0,C2,First-Time Buyers,C2 · First-Time Buyers
C1412,Company,Optima,Co,1985-06-28,F,USA,Nevada,Home,2,No,Agency,38.5,0,4,1498125.2,374531.3,1158.7275,0.25,1,0,0,14.219725685171717,12.833433326551345,3,3,C3,Corporate Buyers,C3 · Corporate Buyers
C1413,Individual,Margaret,Rogers,1968-09-18,F,USA,California,Home,4,No,Agency,55.3,0,4,1489065.1600000001,372266.29000000004,1425.7675,0.0,0,0,0,14.213659743184088,12.827367396747668,0,0,C2,First-Time Buyers,C2 · First-Time Buyers
C1414,Individual,Michelle,Wright,1975-05-01,F,USA,Florida,Home,4,No,Website,48.7,0,4,1188718.7,297179.675,972.335,0.5,0,0,0,13.988387403557898,12.602095566158455,0,1,C2,First-Time Buyers,C2 · First-Time Buyers
C1415,Individual,Tyler,Murray,1959-07-14,M,USA,California,Investment,1,No,Website,64.5,0,3,748797.26,249599.08666666667,879.3433333333332,0.3333333333333333,0,1,0,13.52622488042487,12.427615262699572,1,1,C1,Global Investors,C1 · Global Investors
C1416,Individual,Bryan,Peterson,1954-07-01,M,USA,Oregon,Home,2,No,Agency,69.5,0,3,1418066.3900000001,472688.7966666667,1452.2633333333333,0.0,0,0,0,14.1648055096276,13.066194631328704,0,1,C2,First-Time Buyers,C2 · First-Time Buyers
C1417,Individual,Dennis,Williams,1953-10-26,M,UK,Scotland,Home,5,No,Website,70.2,1,3,1023021.48,341007.16,1066.59,0.0,0,0,0,13.83827201927688,12.739661685598113,1,2,C1,Global Investors,C1 · Global Investors
C1418,Individual,Kyle,Cox,1954-04-06,M,USA,Ohio,Investment,2,No,Website,69.7,0,3,1443234.8900000001,481078.2966666667,1529.4633333333334,0.0,0,1,0,14.1823982963294,13.08378739343518,0,1,C2,First-Time Buyers,C2 · First-Time Buyers
C1419,Individual,Jason,Peterson,1971-08-08,M,Germany,Hamburg,Investment,4,Yes,Website,52.4,1,4,1143605.72,285901.43,928.745,0.5,0,1,1,13.949697615593513,12.563405877749624,1,1,C1,Global Investors,C1 · Global Investors
C1420,Company,Terova,Co,1981-10-20,M,UK,Wales,Home,5,No,Website,42.2,1,4,1196856.69,299214.1725,929.6975,0.75,1,0,0,13.995210088583377,12.608918234024012,3,3,C3,Corporate Buyers,C3 · Corporate Buyers
C1421,Individual,James,Jones,1957-11-14,M,USA,Colorado,Home,1,No,Website,66.1,0,3,938557.1900000001,312852.39666666667,1098.0666666666666,0.0,0,0,0,13.752100136283172,12.65348997854087,1,2,C1,Global Investors,C1 · Global Investors
C1422,Individual,Billy,Hansen,1955-01-15,M,USA,Florida,Investment,1,Yes,Website,69.0,0,4,2032565.11,508141.2775,1555.2975000000001,0.0,0,1,1,14.524809646320394,13.138516761166166,0,0,C2,First-Time Buyers,C2 · First-Time Buyers
C1423,Individual,Jack,Brooks,1955-09-21,M,UK,Northern Ireland,Home,4,Yes,Website,68.3,1,4,1822778.3599999999,455694.58999999997,1504.0974999999999,0.25,0,0,1,14.415873015068783,13.029580299785792,0,0,C2,First-Time Buyers,C2 · First-Time Buyers
C1424,Individual,Judy,Harris,1954-03-12,F,USA,Utah,Home,2,Yes,Agency,69.8,0,3,1382756.57,460918.8566666667,1465.1466666666665,0.0,0,0,1,14.139590302439661,13.040979460155643,0,1,C2,First-Time Buyers,C2 · First-Time Buyers
C1425,Individual,Raymond,Taylor,1971-12-16,M,Belgium,Flanders,Home,3,No,Website,52.0,1,3,1449563.3199999998,483187.77333333326,1521.64,0.3333333333333333,0,0,0,14.186773600281397,13.088162691337244,0,1,C2,First-Time Buyers,C2 · First-Time Buyers
C1426,Individual,Christina,Campbell,1964-05-20,F,USA,Washington,Home,2,No,Website,59.6,0,4,1709098.18,427274.545,1510.65,0.0,0,0,0,14.351476994351799,12.965184388541022,0,0,C2,First-Time Buyers,C2 · First-Time Buyers
C1427,Individual,Julia,Richardson,1955-05-10,F,Australia,Victoria,Home,5,No,Website,68.6,1,4,1378636.21,344659.0525,1184.9475,0.25,0,0,0,14.136606040219876,12.750313855159586,0,0,C2,First-Time Buyers,C2 · First-Time Buyers
C1428,Individual,Nicole,Allen,1953-12-05,F,USA,Oregon,Home,4,Yes,Agency,70.1,0,4,1136052.54,284013.135,946.6525,0.25,0,0,1,13.943071007434327,12.556779287031562,1,2,C1,Global Investors,C1 · Global Investors
C1429,Individual,Jesse,Stewart,1991-10-01,M,USA,Nevada,Investment,5,No,Agency,32.3,0,4,1697550.01,424387.5025,1421.4650000000001,0.5,0,1,0,14.34469718803713,12.958404594167433,0,0,C2,First-Time Buyers,C2 · First-Time Buyers
C1430,Individual,Patrick,Allen,1963-09-11,M,USA,Nevada,Home,4,No,Website,60.3,0,3,928463.2,309487.73333333334,1022.67,0.0,0,0,0,13.741287102219502,12.642676967643974,1,2,C1,Global Investors,C1 · Global Investors
C1431,Individual,Melissa,Griffin,1943-07-01,F,Germany,Hesse,Home,3,Yes,Website,80.5,1,4,1620159.73,405039.9325,1365.9450000000002,0.25,0,0,1,14.298035918336362,12.911743408882895,0,0,C2,First-Time Buyers,C2 · First-Time Buyers
C1432,Individual,Larry,Weaver,1951-12-26,M,USA,Utah,Home,3,No,Agency,72.0,0,3,863383.74,287794.58,1033.6200000000001,0.3333333333333333,0,0,0,13.668615687636457,12.57000571543005,1,2,C1,Global Investors,C1 · Global Investors
C1433,Individual,Christian,Mitchell,1953-04-12,M,Germany,Hamburg,Home,4,No,Website,70.7,1,3,1358111.0699999998,452703.68999999994,1493.243333333333,0.0,0,0,0,14.12160610946891,13.022995293432237,0,1,C2,First-Time Buyers,C2 · First-Time Buyers
C1434,Company,Terova,Co,1985-06-25,F,USA,California,Investment,5,No,Agency,38.5,0,4,1038640.05,259660.0125,894.905,0.0,1,1,0,13.853423733971004,12.467132261236536,3,3,C3,Corporate Buyers,C3 · Corporate Buyers
C1435,Individual,Zachary,Morales,1967-04-08,M,USA,Texas,Investment,2,No,Agency,56.7,0,3,903765.87,301255.29,945.65,0.3333333333333333,0,1,0,13.714326718947557,12.615716643237075,1,1,C1,Global Investors,C1 · Global Investors
C1436,Individual,Kyle,Wright,1998-10-09,M,USA,California,Home,2,No,Website,25.2,0,3,969917.19,323305.73,992.2199999999999,0.3333333333333333,0,0,0,13.784967006716546,12.686356780075892,1,1,C1,Global Investors,C1 · Global Investors
C1437,Individual,Gerald,Stewart,1997-04-08,M,USA,Arizona,Investment,5,No,Agency,26.7,0,4,1668948.58,417237.145,1332.2825,0.25,0,1,0,14.32770499248124,12.941412428897559,0,0,C2,First-Time Buyers,C2 · First-Time Buyers
C1438,Individual,Benjamin,Taylor,1988-08-04,M,USA,California,Home,2,Yes,Agency,35.4,0,3,1255115.0,418371.6666666667,1321.5033333333333,0.3333333333333333,0,0,1,14.042738556555491,12.944127861364324,0,1,C2,First-Time Buyers,C2 · First-Time Buyers
C1439,Individual,Helen,Morales,2000-10-14,F,USA,Virginia,Home,2,No,Agency,23.2,0,3,1040682.81,346894.27,1138.4233333333334,0.0,0,0,0,13.855388564668198,12.756778197811553,1,1,C1,Global Investors,C1 · Global Investors
C1440,Individual,Mary,Phillips,1952-07-20,F,USA,Colorado,Investment,2,No,Agency,71.4,0,3,901013.4199999999,300337.80666666664,1010.5300000000001,0.3333333333333333,0,1,0,13.711276540901917,12.612666471951645,1,1,C1,Global Investors,C1 · Global Investors
C1441,Individual,Helen,Campbell,1945-09-08,F,USA,California,Investment,5,No,Website,78.3,0,3,1201777.78,400592.5933333333,1334.84,0.0,0,1,0,13.99931333387802,12.900702709408321,0,1,C2,First-Time Buyers,C2 · First-Time Buyers
C1442,Individual,Timothy,Foster,2000-06-17,M,USA,Colorado,Home,2,Yes,Client,23.5,0,3,1007348.75,335782.9166666667,1110.6233333333332,0.0,0,0,1,13.822833430168117,12.724223126905786,1,1,C1,Global Investors,C1 · Global Investors
C1443,Individual,Betty,Hughes,1979-11-22,F,USA,Florida,Home,2,No,Website,44.1,0,3,1045348.1100000001,348449.37000000005,1072.4833333333333,0.0,0,0,0,13.859861464144926,12.761251088711417,1,1,C1,Global Investors,C1 · Global Investors
C1444,Individual,Frank,Alexander,1981-06-25,M,USA,Colorado,Home,3,No,Website,42.5,0,3,1089631.7,363210.56666666665,1186.05,0.0,0,0,0,13.90135122494028,12.802740771751377,1,1,C1,Global Investors,C1 · Global Investors
C1445,Individual,Gregory,Hall,1988-07-26,M,USA,Florida,Home,5,No,Website,35.4,0,4,1249138.91,312284.7275,976.9675,0.0,0,0,0,14.037965800448301,12.651673840978036,0,0,C2,First-Time Buyers,C2 · First-Time Buyers
C1446,Individual,Amber,Gray,1951-12-09,F,USA,Ohio,Home,4,No,Website,72.1,0,4,1550820.49,387705.1225,1385.6475,0.0,0,0,0,14.25429534204684,12.868002915383698,0,0,C2,First-Time Buyers,C2 · First-Time Buyers
C1447,Individual,Janet,Rogers,1972-05-14,F,USA,Nevada,Investment,4,Yes,Client,51.6,0,4,1372408.9,343102.225,1151.37,0.0,0,1,1,14.132078803580752,12.74578662839432,0,0,C2,First-Time Buyers,C2 · First-Time Buyers
C1448,Individual,Henry,Ward,1959-03-15,M,Russia,Tatarstan,Home,1,No,Website,64.8,1,4,1221304.62,305326.155,984.9525,0.25,0,0,0,14.015431024802568,12.629139120067276,1,0,C1,Global Investors,C1 · Global Investors
C1449,Individual,Nicole,Cox,1999-06-14,F,USA,California,Investment,5,No,Website,24.6,0,3,1110557.49,370185.83,1221.6766666666665,0.0,0,1,0,13.920373590898087,12.821763103124049,1,1,C1,Global Investors,C1 · Global Investors
C1450,Individual,Pamela,White,1996-04-06,F,USA,Virginia,Home,5,No,Website,27.7,0,3,1028509.6,342836.5333333333,1037.5833333333333,0.0,0,0,0,13.843622294293308,12.745011950182752,1,1,C1,Global Investors,C1 · Global Investors
C1451,Individual,Hannah,Turner,1983-10-19,F,USA,California,Home,1,No,Website,40.2,0,4,1529673.3199999998,382418.32999999996,1259.875,0.0,0,0,0,14.24056540796503,12.854273008044997,0,0,C2,First-Time Buyers,C2 · First-Time Buyers
C1452,Individual,Kelly,Edwards,1993-08-05,F,Belgium,Wallonia,Home,3,No,Client,30.4,1,3,1320005.77,440001.92333333334,1487.6599999999999,0.0,0,0,0,14.09314742333728,12.994536649811767,0,1,C2,First-Time Buyers,C2 · First-Time Buyers
C1453,Individual,Kenneth,Stone,1981-10-07,M,USA,California,Home,2,No,Agency,42.2,0,3,1145044.9,381681.6333333333,1243.8233333333333,0.0,0,0,0,13.950955281503246,12.852344739488483,0,1,C2,First-Time Buyers,C2 · First-Time Buyers
C1454,Individual,Ann,Kim,1948-05-23,F,USA,California,Investment,1,No,Client,75.6,0,3,1188825.44,396275.14666666667,1321.5033333333333,0.0,0,1,0,13.988477193613514,12.889866587275348,0,1,C2,First-Time Buyers,C2 · First-Time Buyers
C1455,Individual,Christina,Nelson,1989-06-15,F,USA,Colorado,Home,3,Yes,Agency,34.5,0,3,985992.4299999999,328664.1433333333,983.4266666666667,0.3333333333333333,0,0,1,13.801404970276568,12.702794710017484,1,1,C1,Global Investors,C1 · Global Investors
C1456,Company,Quasar,Co,1992-06-26,F,USA,Oregon,Investment,1,Yes,Website,31.5,0,4,1598853.55,399713.3875,1313.38,0.0,1,1,1,14.284798024576759,12.898505539798395,3,3,C3,Corporate Buyers,C3 · Corporate Buyers
C1457,Individual,Julie,Foster,1949-01-27,F,USA,California,Home,3,Yes,Agency,74.9,0,4,1537205.06,384301.265,1227.17,0.5,0,0,1,14.245477079897686,12.85918467036851,0,1,C2,First-Time Buyers,C2 · First-Time Buyers
C1458,Individual,Keith,Reed,1950-09-16,M,USA,Arizona,Home,1,No,Website,73.3,0,3,917921.54,305973.8466666667,979.0866666666667,0.3333333333333333,0,0,0,13.729868286957545,12.631258177120147,1,1,C1,Global Investors,C1 · Global Investors
C1459,Individual,Terry,Hall,1949-09-28,M,USA,Arizona,Home,5,No,Website,74.3,0,4,1556253.48,389063.37,1385.6475,0.0,0,0,0,14.257792517905871,12.871500084489416,0,0,C2,First-Time Buyers,C2 · First-Time Buyers
C1460,Individual,Pamela,Long,1972-12-05,F,UK,England,Home,1,Yes,Agency,51.1,1,4,1569390.69,392347.6725,1294.645,0.0,0,0,1,14.266198643644287,12.879906194091248,0,0,C2,First-Time Buyers,C2 · First-Time Buyers
C1461,Individual,Gloria,Reyes,1944-01-13,F,USA,California,Home,5,No,Website,80.0,0,4,1507966.87,376991.7175,1294.645,0.0,0,0,0,14.226273520957006,12.839981149267446,0,0,C2,First-Time Buyers,C2 · First-Time Buyers
C1462,Individual,Virginia,Allen,1984-04-19,F,Germany,Hamburg,Investment,3,No,Agency,39.7,1,4,1220331.12,305082.78,956.6725,0.5,0,1,0,14.014633609169907,12.628341706394153,0,1,C2,First-Time Buyers,C2 · First-Time Buyers
C1463,Individual,Lawrence,Ward,1943-12-28,M,USA,California,Home,2,Yes,Website,80.0,0,4,1639044.0,409761.0,1386.5875,0.0,0,0,1,14.309624313114774,12.923331782327336,0,0,C2,First-Time Buyers,C2 · First-Time Buyers
C1464,Individual,Terry,Weaver,1940-01-25,M,USA,Arizona,Home,1,No,Website,83.9,0,3,1094818.68,364939.56,1086.24,0.0,0,0,0,13.906100231873102,12.807489769988171,1,2,C1,Global Investors,C1 · Global Investors
C1465,Individual,Edward,Stewart,1990-07-09,M,USA,Ohio,Home,3,Yes,Website,33.5,0,3,1312191.47,437397.1566666667,1457.8333333333333,0.0,0,0,1,14.087209937421946,12.988599172919324,0,1,C2,First-Time Buyers,C2 · First-Time Buyers
C1466,Individual,Ashley,Howard,1999-08-28,F,Belgium,Flanders,Investment,2,No,Website,24.3,1,4,1387827.15,346956.7875,1053.27,0.0,0,1,0,14.14325060114445,12.756958401673144,0,0,C2,First-Time Buyers,C2 · First-Time Buyers
C1467,Individual,Rebecca,Adams,1951-07-19,F,USA,California,Home,5,No,Client,72.5,0,3,761353.26,253784.42,849.6366666666667,0.0,0,0,0,13.54285404757732,12.444244385803783,1,2,C1,Global Investors,C1 · Global Investors
C1468,Individual,Jason,Martin,1940-08-24,M,Canada,Manitoba,Home,3,No,Website,83.4,1,3,1072452.07,357484.0233333334,1185.3533333333332,0.6666666666666666,0,0,0,13.885459171251162,12.78684874746478,1,1,C1,Global Investors,C1 · Global Investors
C1469,Individual,Keith,Richardson,1970-05-17,M,USA,Colorado,Home,1,No,Website,53.6,0,3,1512121.6400000001,504040.5466666667,1538.7766666666666,0.0,0,0,0,14.229024943543399,13.130413977518456,0,1,C2,First-Time Buyers,C2 · First-Time Buyers
C1470,Individual,Alexander,Richardson,1940-05-27,M,USA,Colorado,Investment,3,Yes,Agency,83.6,0,3,1440682.21,480227.4033333333,1590.8633333333335,0.0,0,1,1,14.1806280104246,13.082017109985767,0,1,C2,First-Time Buyers,C2 · First-Time Buyers
C1471,Individual,Judith,Williams,1940-05-24,F,UK,Northern Ireland,Home,1,Yes,Website,83.6,1,4,1048588.76,262147.19,801.0649999999999,0.25,0,0,1,13.8629567336714,12.476665233532822,1,0,C1,Global Investors,C1 · Global Investors
C1472,Individual,Paul,Flores,1991-03-23,M,USA,Washington,Home,1,No,Website,32.8,0,4,1610320.87,402580.2175,1237.1025,0.0,0,0,0,14.291944636234113,12.905652138094078,0,0,C2,First-Time Buyers,C2 · First-Time Buyers
C1473,Individual,Maria,Freeman,1974-03-14,F,USA,California,Home,2,No,Agency,49.8,0,4,1415300.74,353825.185,1009.23,0.0,0,0,0,14.162853310142498,12.776561068709693,0,0,C2,First-Time Buyers,C2 · First-Time Buyers
C1474,Individual,Kevin,Brown,1969-04-10,M,USA,Oregon,Home,3,No,Website,54.7,0,4,1563434.47,390858.6175,1307.3,0.0,0,0,0,14.26239618224287,12.876103739972322,0,0,C2,First-Time Buyers,C2 · First-Time Buyers
C1475,Individual,Raymond,Brown,1944-08-02,M,Mexico,Jalisco,Home,4,Yes,Agency,79.4,1,4,1579186.25,394796.5625,1287.055,0.0,0,0,1,14.272420873920556,12.886128412510246,0,0,C2,First-Time Buyers,C2 · First-Time Buyers
C1476,Individual,Kevin,Jackson,2000-06-08,M,USA,Nevada,Home,1,No,Agency,23.6,0,4,1505369.42,376342.355,1141.225,0.25,0,0,0,14.224549552126865,12.838257183869974,0,0,C2,First-Time Buyers,C2 · First-Time Buyers
C1477,Company,Zynex,Co,1968-04-10,F,USA,California,Investment,1,No,Agency,55.7,0,4,1051466.92,262866.73,920.7075,0.25,1,1,0,13.865697764862531,12.479406256892664,3,3,C3,Corporate Buyers,C3 · Corporate Buyers
C1478,Individual,Emily,Reed,1958-09-12,F,Canada,British Columbia,Investment,1,No,Agency,65.3,1,3,965772.74,321924.24666666664,1082.8966666666668,0.0,0,1,0,13.780684862157539,12.682074644365708,1,2,C1,Global Investors,C1 · Global Investors
C1479,Individual,Paul,Carter,1968-03-26,M,USA,California,Investment,1,No,Website,55.8,0,4,1275455.51,318863.8775,1018.5225,0.0,0,1,0,14.058814719549934,12.672522710526293,0,0,C2,First-Time Buyers,C2 · First-Time Buyers
C1480,Individual,Danielle,White,1985-04-09,F,USA,Virginia,Investment,3,No,Client,38.7,0,4,1466467.79,366616.9475,1220.42,0.25,0,1,0,14.198367885209318,12.812075569817884,0,0,C2,First-Time Buyers,C2 · First-Time Buyers
C1481,Company,Caldera,Co,1984-12-04,F,USA,Arizona,Investment,3,No,Website,39.1,0,4,1059700.8800000001,264925.22000000003,901.245,0.75,1,1,0,13.87349818124836,12.487206651109343,3,3,C3,Corporate Buyers,C3 · Corporate Buyers
C1482,Individual,Kimberly,Murray,1953-01-24,F,USA,Oregon,Home,2,Yes,Website,70.9,0,4,1665015.1700000002,416253.79250000004,1312.8225,0.25,0,0,1,14.325345393061236,12.939052833724023,0,1,C2,First-Time Buyers,C2 · First-Time Buyers
C1483,Individual,Gary,Hall,1975-06-01,M,USA,Colorado,Home,3,Yes,Agency,48.6,0,4,1831769.62,457942.405,1486.3274999999999,0.0,0,0,1,14.420793608953527,13.03450088559194,0,0,C2,First-Time Buyers,C2 · First-Time Buyers
C1484,Individual,Christina,Nelson,1971-10-09,F,USA,Colorado,Home,3,No,Client,52.2,0,4,1117191.81,279297.9525,995.0275,0.0,0,0,0,13.926329677300261,12.540038001478688,1,0,C1,Global Investors,C1 · Global Investors
C1485,Individual,Rachel,Scott,1984-06-26,F,USA,Washington,Investment,4,No,Website,39.5,0,4,1604885.52,401221.38,1350.2175,0.25,0,1,0,14.28856360799676,12.902271116166167,0,0,C2,First-Time Buyers,C2 · First-Time Buyers
C1486,Individual,Madison,Campbell,1996-06-14,F,UK,Wales,Home,5,Yes,Website,27.5,1,3,1019385.69,339795.23,1156.5633333333333,0.3333333333333333,0,0,1,13.834711720102819,12.736101393396797,1,1,C1,Global Investors,C1 · Global Investors
C1487,Individual,Sandra,Martin,1965-12-10,F,USA,New York,Home,3,No,Agency,58.1,0,4,1553533.51,388383.3775,1294.645,0.0,0,0,0,14.256043221923187,12.869750791881804,0,0,C2,First-Time Buyers,C2 · First-Time Buyers
C1488,Individual,Keith,Scott,1975-09-07,M,USA,Florida,Investment,2,No,Website,48.3,0,3,1029238.79,343079.5966666667,1140.1866666666667,0.0,0,1,0,13.844331019738402,12.745720674250178,1,2,C1,Global Investors,C1 · Global Investors
C1489,Individual,Gloria,Montgomery,1951-03-19,F,USA,Arizona,Home,5,No,Agency,72.8,0,3,1056549.47,352183.1566666667,1240.6066666666666,0.3333333333333333,0,0,0,13.870519885839043,12.77190949012178,1,1,C1,Global Investors,C1 · Global Investors
C1490,Individual,Dennis,Hall,1994-11-06,M,UK,Wales,Investment,5,Yes,Client,29.2,1,3,861119.76,287039.92,939.3299999999999,0.0,0,1,1,13.665990029091823,12.567380062975637,1,2,C1,Global Investors,C1 · Global Investors
C1491,Individual,Rebecca,Evans,1997-07-10,F,USA,Georgia,Home,4,No,Agency,26.5,0,4,1056750.03,264187.5075,901.245,0.0,0,0,0,13.870709693115101,12.484418170881245,1,0,C1,Global Investors,C1 · Global Investors
C1492,Individual,Mary,Taylor,1984-12-18,F,Germany,Bavaria,Home,2,No,Agency,39.0,1,3,1309655.49,436551.83,1579.3133333333335,0.0,0,0,0,14.085275439417252,12.986664677865978,0,1,C2,First-Time Buyers,C2 · First-Time Buyers
C1493,Individual,Thomas,Bennett,1992-03-16,M,USA,Washington,Home,4,Yes,Agency,31.8,0,3,864605.61,288201.87,1037.11,0.0,0,0,1,13.670029896340273,12.571419920860222,1,2,C1,Global Investors,C1 · Global Investors
C1494,Individual,Nicholas,Cooper,1996-04-09,M,USA,New York,Home,1,No,Client,27.7,0,3,913338.07,304446.0233333333,934.8733333333333,0.0,0,0,0,13.724862470698316,12.626252371795076,1,1,C1,Global Investors,C1 · Global Investors
C1495,Individual,Jason,Hughes,1991-11-09,M,Denmark,Capital Region,Home,1,No,Website,32.1,1,4,2059292.68,514823.17,1591.4724999999999,0.25,0,0,0,14.5378736081847,13.151580703873929,0,0,C2,First-Time Buyers,C2 · First-Time Buyers
C1496,Individual,Bryan,Patterson,1986-11-15,M,USA,Florida,Home,5,No,Agency,37.1,0,3,1119013.6099999999,373004.5366666666,1151.5466666666669,0.3333333333333333,0,0,0,13.927959043509098,12.829348542126153,1,1,C1,Global Investors,C1 · Global Investors
C1497,Individual,Samuel,Parker,1940-01-13,M,USA,California,Investment,4,No,Agency,84.0,0,3,794765.34,264921.77999999997,880.66,0.3333333333333333,0,1,0,13.5858034384862,12.487193666277815,1,2,C1,Global Investors,C1 · Global Investors
C1498,Individual,Nicole,Carter,1967-02-03,F,Mexico,Puebla,Investment,5,No,Website,56.9,1,4,1142631.83,285657.9575,889.8725000000001,0.0,0,1,0,13.948845657574584,12.562553921966567,1,0,C1,Global Investors,C1 · Global Investors
C1499,Individual,Lauren,Gray,1997-11-04,F,Russia,Saint Petersburg,Home,3,Yes,Agency,26.2,1,3,1321905.54,440635.18,1523.6933333333334,0.0,0,0,1,14.094585600979414,12.995974825276425,0,1,C2,First-Time Buyers,C2 · First-Time Buyers
C1500,Individual,Shirley,Ward,1995-01-04,F,Australia,Victoria,Home,2,No,Agency,29.0,1,4,1020299.92,255074.98,841.385,0.0,0,0,0,13.83560816135857,12.449316740543377,1,2,C1,Global Investors,C1 · Global Investors
C1501,Individual,Brenda,White,1951-12-16,F,USA,Oregon,Investment,4,No,Agency,72.0,0,3,761279.08,253759.69333333333,851.4266666666667,0.6666666666666666,0,1,0,13.542756611182895,12.444146949665324,1,2,C1,Global Investors,C1 · Global Investors
C1502,Individual,Elizabeth,Weaver,1994-10-27,F,UK,Wales,Home,5,Yes,Website,29.2,1,4,1045772.34,261443.085,911.0425,0.0,0,0,1,13.860267207965254,12.473975715531706,1,2,C1,Global Investors,C1 · Global Investors
C1503,Company,Triton,Co,1986-08-21,M,USA,Arizona,Investment,5,No,Website,37.4,0,4,1299971.48,324992.87,1050.5725,0.5,1,1,0,14.077853652976925,12.691561599595532,3,3,C3,Corporate Buyers,C3 · Corporate Buyers
C1504,Individual,Patrick,Hughes,1946-08-19,M,USA,California,Home,4,No,Website,77.4,0,3,871805.96,290601.98666666663,979.0866666666667,0.0,0,0,0,13.678323302237011,12.579713307652108,1,2,C1,Global Investors,C1 · Global Investors
C1505,Individual,William,Cook,1994-05-14,M,USA,Virginia,Home,3,No,Agency,29.6,0,4,1012922.06,253230.515,799.9225,0.5,0,0,0,13.828350827730283,12.44205942833145,1,0,C1,Global Investors,C1 · Global Investors
C1506,Individual,Larry,Price,1950-01-11,M,USA,Utah,Investment,3,No,Website,74.0,0,3,1010109.4,336703.13333333336,1155.4633333333334,0.3333333333333333,0,1,0,13.825570189774568,12.726959881086092,1,1,C1,Global Investors,C1 · Global Investors
C1507,Individual,Joyce,Cooper,1951-03-28,F,USA,Florida,Home,3,No,Agency,72.8,0,4,1499666.44,374916.61,1220.915,0.0,0,0,0,14.220753934825215,12.834461574146836,0,0,C2,First-Time Buyers,C2 · First-Time Buyers
C1508,Individual,Benjamin,Morris,1994-12-03,M,UK,Scotland,Home,3,No,Agency,29.1,1,4,965283.79,241320.9475,783.64,0.25,0,0,0,13.780178455953012,12.393887202719382,1,2,C1,Global Investors,C1 · Global Investors
C1509,Individual,Rebecca,Campbell,1946-12-16,F,USA,California,Home,3,No,Website,77.0,0,4,1821912.8699999999,455478.21749999997,1482.5875,0.0,0,0,0,14.415398083456353,13.029105368955207,0,0,C2,First-Time Buyers,C2 · First-Time Buyers
C1510,Company,Altira,Co,1962-12-01,M,USA,California,Home,5,No,Agency,61.1,0,3,804243.22,268081.0733333333,842.68,0.0,1,0,0,13.597658258255429,12.499048456391034,3,3,C3,Corporate Buyers,C3 · Corporate Buyers
C1511,Individual,Ann,Hansen,1989-07-20,F,France,Provence,Home,2,Yes,Website,34.5,1,3,1093080.8599999999,364360.2866666666,1152.6466666666668,0.3333333333333333,0,0,1,13.904511659139196,12.805901200158546,1,1,C1,Global Investors,C1 · Global Investors
C1512,Individual,Anna,Young,1955-06-18,F,USA,Nevada,Home,4,Yes,Client,68.5,0,4,1209056.95,302264.2375,1046.42,0.25,0,0,1,14.00535206062357,12.619060180771248,0,2,C2,First-Time Buyers,C2 · First-Time Buyers
C1513,Individual,Danielle,Morales,1995-06-08,F,USA,Florida,Home,2,No,Website,28.6,0,3,1452266.37,484088.79000000004,1538.7766666666666,0.0,0,0,0,14.18863659653381,13.090025685021631,0,1,C2,First-Time Buyers,C2 · First-Time Buyers
C1514,Individual,Linda,Bryant,1986-12-08,F,USA,New York,Home,4,No,Website,37.1,0,3,1211908.53,403969.51,1386.32,0.3333333333333333,0,0,0,14.007707797610783,12.909097159229514,0,1,C2,First-Time Buyers,C2 · First-Time Buyers
C1515,Individual,Angela,Williams,1946-10-16,F,USA,Nevada,Investment,5,No,Website,77.2,0,4,1433703.52,358425.88,1227.17,0.25,0,1,0,14.175772225911262,12.789479957270553,0,0,C2,First-Time Buyers,C2 · First-Time Buyers
C1516,Individual,Grace,Wood,1953-05-23,F,USA,Texas,Home,4,No,Website,70.6,0,3,690456.91,230152.30333333334,801.46,0.3333333333333333,0,0,0,13.445110294144493,12.346500902100601,1,2,C1,Global Investors,C1 · Global Investors
C1517,Individual,Benjamin,Chavez,1978-02-23,M,USA,California,Investment,2,No,Agency,45.9,0,4,1328693.42,332173.355,1076.59,0.25,0,1,0,14.099707378976992,12.71341527571005,0,0,C2,First-Time Buyers,C2 · First-Time Buyers
C1518,Individual,Teresa,Rogers,1994-10-08,F,Australia,Victoria,Home,5,Yes,Agency,29.2,1,4,961942.8799999999,240485.71999999997,886.4275,0.0,0,0,1,13.776711391147849,12.390420148708149,1,2,C1,Global Investors,C1 · Global Investors
C1519,Individual,Kyle,Freeman,1972-08-19,M,USA,California,Home,1,No,Agency,51.4,0,4,1366990.1300000001,341747.53250000003,1072.9850000000001,0.0,0,0,0,14.128122627023734,12.74183046050236,0,0,C2,First-Time Buyers,C2 · First-Time Buyers
C1520,Individual,Patrick,Griffin,1945-12-05,M,USA,Utah,Home,1,No,Website,78.1,0,4,1425469.02,356367.255,1187.8925,0.0,0,0,0,14.170012155896588,12.783719899343472,0,0,C2,First-Time Buyers,C2 · First-Time Buyers
C1521,Individual,Bryan,Foster,1973-12-25,M,USA,Nevada,Home,4,No,Agency,50.0,0,3,913579.4099999999,304526.47,1032.28,0.0,0,0,0,13.725126675009502,12.626516575527795,1,2,C1,Global Investors,C1 · Global Investors
C1522,Individual,Debra,Mitchell,1964-09-14,F,USA,Washington,Home,5,No,Website,59.3,0,4,1598304.98,399576.245,1378.985,0.25,0,0,0,14.284454863825063,12.898162379690694,0,0,C2,First-Time Buyers,C2 · First-Time Buyers
C1523,Company,Horizon,Co,1981-07-22,M,Australia,Victoria,Investment,3,No,Website,42.4,1,4,1652083.92,413020.98,1334.8775,0.0,1,1,0,14.317548636100256,12.931256090866,3,3,C3,Corporate Buyers,C3 · Corporate Buyers
C1524,Individual,Jordan,Wilson,1967-07-24,M,USA,Virginia,Home,2,No,Client,56.4,0,4,1434208.3,358552.075,1164.0149999999999,0.5,0,0,0,14.17612424486085,12.78983197548368,0,1,C2,First-Time Buyers,C2 · First-Time Buyers
C1525,Individual,Timothy,Brown,1959-08-24,M,USA,California,Home,1,No,Agency,64.4,0,3,1336757.18,445585.7266666666,1511.63,0.0,0,0,0,14.1057579721115,13.007147179599189,0,1,C2,First-Time Buyers,C2 · First-Time Buyers
C1526,Individual,Victoria,Howard,1956-08-05,F,USA,California,Home,3,No,Website,67.4,0,3,1429330.15,476443.3833333333,1600.9133333333332,0.0,0,0,0,14.172717165544842,13.074106276131621,0,1,C2,First-Time Buyers,C2 · First-Time Buyers
C1527,Individual,Martha,Thomas,1989-05-13,F,USA,California,Home,1,No,Agency,34.6,0,3,993447.0599999999,331149.01999999996,1200.3500000000001,0.0,0,0,0,13.80893705978855,12.710326784308714,1,1,C1,Global Investors,C1 · Global Investors
C1528,Individual,Jennifer,Weaver,1997-09-02,F,Germany,Hamburg,Home,1,Yes,Website,26.3,1,3,1058452.68,352817.56,1125.17,0.3333333333333333,0,0,1,13.872319608561769,12.773709209440787,1,1,C1,Global Investors,C1 · Global Investors
C1529,Company,Helios,Co,1989-04-19,M,USA,California,Home,4,No,Website,34.7,0,4,1614522.9000000001,403630.72500000003,1350.98,0.0,1,0,0,14.294550672415587,12.908258169426885,3,3,C3,Corporate Buyers,C3 · Corporate Buyers
C1530,Individual,Sarah,Wright,1988-11-20,F,USA,California,Home,2,No,Website,35.1,0,3,1011087.75,337029.25,1107.81,0.0,0,0,0,13.826538278521696,12.727927967917353,1,1,C1,Global Investors,C1 · Global Investors
C1531,Individual,Bryan,Cox,1964-03-15,M,France,Brittany,Investment,2,No,Website,59.8,1,4,1272471.05,318117.7625,1065.415,0.5,0,1,0,14.056472062529046,12.670180059022012,0,1,C2,First-Time Buyers,C2 · First-Time Buyers
C1532,Individual,Linda,Freeman,1998-09-26,F,USA,Texas,Home,3,Yes,Website,25.3,0,4,1446462.79,361615.6975,1164.0149999999999,0.0,0,0,1,14.184632370247115,12.798340083148648,0,0,C2,First-Time Buyers,C2 · First-Time Buyers
C1533,Individual,Anthony,Bryant,1988-10-05,M,Canada,British Columbia,Home,4,No,Agency,35.2,1,4,1019127.09,254781.7725,727.265,0.5,0,0,0,13.83445800597337,12.448166588541927,1,2,C1,Global Investors,C1 · Global Investors
C1534,Individual,Sandra,Pierce,1996-06-08,F,USA,California,Home,4,Yes,Website,27.6,0,3,1195359.88,398453.2933333333,1303.4733333333334,0.0,0,0,1,13.993958689389252,12.895348073854638,0,1,C2,First-Time Buyers,C2 · First-Time Buyers
C1535,Individual,Jeremy,Stone,1994-09-03,M,UK,England,Investment,3,No,Agency,29.3,1,4,1967005.46,491751.365,1591.4724999999999,0.0,0,1,0,14.492023381554924,13.105730545594087,0,0,C2,First-Time Buyers,C2 · First-Time Buyers
C1536,Individual,Sara,Baker,1982-06-05,F,USA,Washington,Home,3,No,Website,41.6,0,3,1076884.84,358961.61333333334,1050.6433333333332,0.3333333333333333,0,0,0,13.889583952377336,12.790973520914575,1,1,C1,Global Investors,C1 · Global Investors
C1537,Individual,Lisa,Foster,1999-08-04,F,USA,Arizona,Home,5,No,Website,24.4,0,3,1637300.4100000001,545766.8033333333,1579.3133333333335,0.3333333333333333,0,0,0,14.308559962801096,13.209948895654428,0,1,C2,First-Time Buyers,C2 · First-Time Buyers
C1538,Individual,Jessica,Kim,1947-01-07,F,USA,California,Investment,5,No,Website,77.0,0,3,775544.78,258514.92666666667,941.38,0.3333333333333333,0,1,0,13.561322292738371,12.462712582896001,1,2,C1,Global Investors,C1 · Global Investors
C1539,Individual,Terry,Brown,1997-05-13,M,USA,Nevada,Home,1,No,Agency,26.6,0,3,811448.36,270482.7866666667,995.5099999999999,0.0,0,0,0,13.606577261032152,12.507967437086592,1,2,C1,Global Investors,C1 · Global Investors
C1540,Individual,Roger,Cox,1957-12-02,M,USA,California,Home,2,Yes,Client,66.1,0,3,842510.7,280836.89999999997,908.2333333333332,0.0,0,0,1,13.644142828352583,12.54553291353593,1,2,C1,Global Investors,C1 · Global Investors
C1541,Individual,Carl,Adams,1964-11-20,M,USA,California,Home,2,No,Website,59.1,0,4,1173616.46,293404.115,995.0275,0.25,0,0,0,13.975601383000857,12.589309578076888,1,1,C1,Global Investors,C1 · Global Investors
C1542,Individual,Gary,Cook,1989-07-27,M,USA,Nevada,Home,1,Yes,Website,34.4,0,3,1261648.92,420549.63999999996,1356.7466666666667,0.0,0,0,1,14.047930882649663,12.949320179206094,0,1,C2,First-Time Buyers,C2 · First-Time Buyers
C1543,Individual,Virginia,Peterson,1955-11-10,F,USA,New York,Investment,3,No,Agency,68.1,0,3,1199490.31,399830.10333333333,1267.4066666666668,0.3333333333333333,0,1,0,13.997408116550359,12.898797495254339,0,1,C2,First-Time Buyers,C2 · First-Time Buyers
C1544,Individual,Heather,Evans,1947-04-27,F,Russia,Tatarstan,Home,3,No,Website,76.7,1,3,1551623.3,517207.76666666666,1679.1066666666666,0.0,0,0,0,14.254812875678214,13.156201875981095,0,1,C2,First-Time Buyers,C2 · First-Time Buyers
C1545,Individual,Elizabeth,Price,1992-11-23,F,USA,California,Investment,1,Yes,Website,31.1,0,3,1101811.15,367270.3833333333,1254.5033333333333,0.0,0,1,1,13.912466791369646,12.813856317891343,1,2,C1,Global Investors,C1 · Global Investors
C1546,Individual,Sarah,Scott,1966-06-06,F,Mexico,Puebla,Home,4,Yes,Agency,57.6,1,4,1161022.51,290255.6275,874.9925000000001,0.25,0,0,1,13.964812510259673,12.578520733063447,1,0,C1,Global Investors,C1 · Global Investors
C1547,Individual,Margaret,Martin,1975-04-03,F,USA,Florida,Home,2,Yes,Agency,48.7,0,4,1199337.46,299834.365,997.415,0.25,0,0,1,13.997280679412368,12.610988819668318,1,2,C1,Global Investors,C1 · Global Investors
C1548,Company,Telnox,Co,1967-12-26,M,USA,California,Home,2,Yes,Website,56.0,0,3,615223.03,205074.34333333335,678.9699999999999,0.0,1,0,1,13.329741756878871,12.231132719053791,3,3,C3,Corporate Buyers,C3 · Corporate Buyers
C1549,Individual,Gary,Reyes,1961-06-15,M,Mexico,Nuevo Leon,Home,4,No,Client,62.5,1,3,837044.35,279014.7833333333,983.4266666666667,0.0,0,0,0,13.637633529604798,12.539023630290636,1,2,C1,Global Investors,C1 · Global Investors
C1550,Individual,Jason,Rogers,1998-10-01,M,USA,California,Home,2,No,Agency,25.3,0,4,1368767.79,342191.9475,1164.0149999999999,0.0,0,0,0,14.129422200306603,12.743130030935044,0,0,C2,First-Time Buyers,C2 · First-Time Buyers
C1551,Individual,Aaron,Howard,1991-05-17,M,USA,California,Home,2,No,Agency,32.6,0,3,1252240.69,417413.5633333333,1438.2933333333333,0.3333333333333333,0,0,0,14.040445855142744,12.941835163609133,0,1,C2,First-Time Buyers,C2 · First-Time Buyers
C1552,Individual,Peter,Wilson,1947-04-20,M,USA,California,Investment,2,Yes,Agency,76.7,0,4,1356450.7000000002,339112.67500000005,1074.0525,0.25,0,1,1,14.120382804107358,12.734090654637674,0,0,C2,First-Time Buyers,C2 · First-Time Buyers
C1553,Company,Horizon,Co,1990-03-27,M,USA,Utah,Home,4,No,Agency,33.8,0,3,979536.36,326512.12,1038.7166666666667,0.0,1,0,0,13.794835657548486,12.696225410658505,3,3,C3,Corporate Buyers,C3 · Corporate Buyers
C1554,Individual,Gregory,Cox,1998-03-04,M,Germany,Bavaria,Home,1,No,Website,25.8,1,3,742034.24,247344.74666666667,678.9699999999999,0.0,0,0,0,13.517152014283203,12.418542420901243,1,2,C1,Global Investors,C1 · Global Investors
C1555,Individual,Julia,Martin,1946-04-25,F,UK,England,Home,5,No,Website,77.7,1,4,1233852.38,308463.095,1012.5575,0.0,0,0,0,14.025652659532435,12.639360729816795,0,0,C2,First-Time Buyers,C2 · First-Time Buyers
C1556,Individual,Grace,Wood,1982-11-20,F,USA,Colorado,Investment,2,No,Agency,41.1,0,4,1215734.71,303933.6775,1020.3875,0.0,0,1,0,14.010859974135673,12.624568080654328,0,2,C2,First-Time Buyers,C2 · First-Time Buyers
C1557,Individual,Joan,Griffin,1942-03-15,F,USA,New York,Home,2,Yes,Website,81.8,0,3,955054.1799999999,318351.3933333333,1072.4833333333333,0.0,0,0,1,13.769524397898373,12.67091420334791,1,2,C1,Global Investors,C1 · Global Investors
C1558,Individual,Tyler,Phillips,1944-03-12,M,Mexico,Baja California,Home,4,No,Website,79.8,1,3,1482069.56,494023.1866666667,1680.5266666666666,0.6666666666666666,0,0,0,14.208950695040818,13.110339755835213,0,1,C2,First-Time Buyers,C2 · First-Time Buyers
C1559,Individual,Sara,Mitchell,1975-03-27,F,UK,England,Home,2,No,Website,48.8,1,3,1345808.87,448602.9566666667,1445.2933333333333,0.0,0,0,0,14.112506523637236,13.013895721062044,0,1,C2,First-Time Buyers,C2 · First-Time Buyers
C1560,Individual,Christina,Hughes,1940-07-15,F,USA,California,Home,4,Yes,Client,83.5,0,3,1052677.5699999998,350892.52333333326,1148.0433333333333,0.3333333333333333,0,0,1,13.866848492855423,12.768238104100693,1,1,C1,Global Investors,C1 · Global Investors
C1561,Individual,Jeffrey,Green,1964-04-28,M,Mexico,Nuevo Leon,Investment,5,No,Agency,59.7,1,3,1135294.51,378431.50333333336,1193.7733333333333,0.0,0,1,0,13.942403536243017,12.843793009229225,1,1,C1,Global Investors,C1 · Global Investors
C1562,Individual,Maria,Morris,1987-07-05,F,USA,California,Home,4,No,Client,36.5,0,3,1179775.32,393258.44,1268.0466666666669,0.0,0,0,0,13.980835419151175,12.88222482571823,0,1,C2,First-Time Buyers,C2 · First-Time Buyers
C1563,Individual,Susan,Baker,1987-06-18,F,USA,Utah,Home,5,No,Website,36.5,0,3,979729.05,326576.35000000003,1090.7733333333333,0.3333333333333333,0,0,0,13.795032353517232,12.69642210622568,1,1,C1,Global Investors,C1 · Global Investors
C1564,Individual,Jason,Wood,1964-11-06,M,USA,Washington,Investment,5,No,Website,59.2,0,3,1595925.43,531975.1433333333,1635.6233333333332,0.0,0,1,0,14.282964959438187,13.184353923959891,0,1,C2,First-Time Buyers,C2 · First-Time Buyers
C1565,Individual,Kenneth,Bennett,1980-08-08,M,Mexico,Jalisco,Home,4,No,Agency,43.4,1,4,1140899.22,285224.805,994.0725,0.25,0,0,0,13.947328175414665,12.561036443793833,1,0,C1,Global Investors,C1 · Global Investors
C1566,Individual,Anthony,Wilson,1995-01-01,M,USA,California,Home,3,No,Website,29.0,0,4,1450240.65,362560.1625,1175.235,0.0,0,0,0,14.18724075568374,12.80094846318248,0,0,C2,First-Time Buyers,C2 · First-Time Buyers
C1567,Individual,Frank,Wilson,1977-10-11,M,USA,Georgia,Home,4,No,Client,46.2,0,4,1594452.6199999999,398613.15499999997,1276.9875,0.25,0,0,0,14.28204167752096,12.895749197921573,0,0,C2,First-Time Buyers,C2 · First-Time Buyers
C1568,Individual,Betty,Owens,1990-03-06,F,USA,California,Home,5,No,Website,33.8,0,3,1373808.0899999999,457936.02999999997,1357.1933333333334,0.3333333333333333,0,0,0,14.133097797423678,13.034486964560863,0,1,C2,First-Time Buyers,C2 · First-Time Buyers
C1569,Individual,Pamela,Turner,1993-11-05,F,USA,California,Investment,1,Yes,Website,30.2,0,3,1175242.5499999998,391747.5166666666,1258.29,0.0,0,1,1,13.976985960677315,12.87837537378268,0,2,C2,First-Time Buyers,C2 · First-Time Buyers
C1570,Individual,Amanda,Williams,1963-12-27,F,USA,Ohio,Home,5,No,Website,60.0,0,4,1469638.4,367409.6,1333.5625,0.0,0,0,0,14.200527622540001,12.814235302735101,0,0,C2,First-Time Buyers,C2 · First-Time Buyers
C1571,Individual,Ethan,Morales,1978-06-03,M,USA,California,Home,2,No,Website,45.6,0,4,1243439.96,310859.99,1092.085,0.0,0,0,0,14.033393062208209,12.647101113745194,0,0,C2,First-Time Buyers,C2 · First-Time Buyers
C1572,Individual,Donald,Baker,1960-06-10,M,Australia,Queensland,Home,3,No,Agency,63.6,1,4,886149.52,221537.38,748.33,0.0,0,0,0,13.694642102291215,12.30835112659497,1,2,C1,Global Investors,C1 · Global Investors
C1573,Individual,Amanda,Richardson,1946-05-07,F,USA,California,Home,1,No,Website,77.7,0,4,1175839.94,293959.985,1059.9375,0.5,0,0,0,13.977494143190873,12.59120233343322,1,1,C1,Global Investors,C1 · Global Investors
C1574,Individual,Gary,Morris,1984-08-14,M,USA,California,Home,4,No,Website,39.4,0,3,1195224.9,398408.3,1255.6333333333334,0.0,0,0,0,13.993845763139285,12.895235147793622,0,1,C2,First-Time Buyers,C2 · First-Time Buyers
C1575,Individual,Paul,Freeman,2000-12-19,M,USA,California,Home,2,No,Website,23.0,0,4,1395067.1600000001,348766.79000000004,1158.7275,0.0,0,0,0,14.148453832259035,12.762161621569396,0,0,C2,First-Time Buyers,C2 · First-Time Buyers
C1576,Individual,Heather,Cook,1977-09-28,F,USA,Nevada,Investment,3,Yes,Website,46.3,0,4,1359536.24,339884.06,1098.1675,0.25,0,1,1,14.122654935103181,12.73636278061405,0,0,C2,First-Time Buyers,C2 · First-Time Buyers
C1577,Individual,Ethan,Edwards,1983-02-15,M,Germany,Bavaria,Home,3,No,Website,40.9,1,3,1427933.58,475977.86000000004,1471.8999999999999,0.3333333333333333,0,0,0,14.17173960850732,13.07312872046262,0,1,C2,First-Time Buyers,C2 · First-Time Buyers
C1578,Individual,Mark,Turner,1996-03-12,M,USA,California,Investment,2,No,Website,27.8,0,3,765431.01,255143.67,934.8733333333333,0.0,0,1,0,13.548195672369179,12.449585996601185,1,2,C1,Global Investors,C1 · Global Investors
C1579,Individual,Robert,Bell,1945-10-03,M,USA,Arizona,Investment,4,No,Website,78.2,0,4,1101753.5899999999,275438.39749999996,952.0525,0.25,0,1,0,13.912414548794942,12.526122910600776,1,1,C1,Global Investors,C1 · Global Investors
C1580,Individual,Jordan,Martin,1997-12-05,M,USA,Georgia,Investment,1,Yes,Website,26.1,0,4,1008834.66,252208.665,872.2,0.25,0,1,1,13.82430741193751,12.438016024538372,1,2,C1,Global Investors,C1 · Global Investors
C1581,Individual,James,Reyes,1950-11-08,M,USA,California,Investment,1,No,Website,73.1,0,3,1123364.22,374454.74,1023.9266666666666,0.6666666666666666,0,1,0,13.931839399014244,12.833228890709442,1,1,C1,Global Investors,C1 · Global Investors
C1582,Individual,Harold,Baker,1955-08-20,M,France,Ile-De-France,Home,4,Yes,Client,68.4,1,3,1030269.01,343423.00333333336,1050.08,0.3333333333333333,0,0,1,13.845331471482725,12.746721124051415,1,1,C1,Global Investors,C1 · Global Investors
C1583,Individual,Peter,Scott,1968-01-03,M,USA,California,Home,2,No,Agency,56.0,0,4,1378030.61,344507.6525,1170.135,0.25,0,0,0,14.136166669334735,12.749874485230752,0,0,C2,First-Time Buyers,C2 · First-Time Buyers
C1584,Company,Nexus,Co,1985-08-12,M,France,Brittany,Investment,1,Yes,Website,38.4,1,3,1199226.44,399742.14666666667,1361.7433333333333,0.0,1,1,1,13.997188107430018,12.898577486500876,3,3,C3,Corporate Buyers,C3 · Corporate Buyers
C1585,Individual,Kevin,Watson,1960-10-10,M,Canada,Ontario,Home,5,No,Website,63.2,1,4,1480011.91,370002.9775,1276.8225,0.0,0,0,0,14.207561368675226,12.821269034562626,0,0,C2,First-Time Buyers,C2 · First-Time Buyers
C1586,Individual,Carolyn,Roberts,1967-01-21,F,Germany,Berlin,Home,3,No,Website,56.9,1,3,1116579.83,372193.2766666667,1224.68,0.0,0,0,0,13.925781743521876,12.827171246034624,1,1,C1,Global Investors,C1 · Global Investors
C1587,Individual,Carl,Cooper,1943-12-02,M,Canada,Quebec,Investment,4,Yes,Agency,80.1,1,3,743057.13,247685.71,850.2466666666668,0.0,0,1,1,13.518529557517075,12.419919960424803,1,2,C1,Global Investors,C1 · Global Investors
C1588,Individual,Patricia,Thomas,1980-10-25,F,USA,Utah,Investment,5,No,Website,43.2,0,3,957201.31,319067.10333333333,1104.51,0.0,0,1,0,13.771770048302201,12.673159849054365,1,2,C1,Global Investors,C1 · Global Investors
C1589,Individual,Christina,Ward,1953-08-12,F,USA,California,Investment,4,No,Agency,70.4,0,3,1380536.7000000002,460178.9000000001,1396.87,0.3333333333333333,0,1,0,14.137983618925498,13.039372778967229,0,1,C2,First-Time Buyers,C2 · First-Time Buyers
C1590,Company,Elara,Co,1979-06-19,F,USA,Oregon,Home,1,No,Website,44.5,0,4,1470403.6,367600.9,1228.8325,0.25,1,0,0,14.201048158979102,12.8147558381119,3,3,C3,Corporate Buyers,C3 · Corporate Buyers
C1591,Individual,Christine,Brooks,1971-08-15,F,USA,California,Investment,4,No,Website,52.4,0,4,1676312.98,419078.245,1341.715,0.0,0,1,0,14.332107881380573,12.945815309899945,0,0,C2,First-Time Buyers,C2 · First-Time Buyers
C1592,Individual,Heather,Allen,1975-06-01,F,USA,Texas,Investment,2,Yes,Agency,48.6,0,4,878452.1900000001,219613.04750000002,735.11,0.25,0,1,1,13.685917901182815,12.299626955150845,1,2,C1,Global Investors,C1 · Global Investors
C1593,Individual,Anthony,Williams,1975-08-05,M,USA,California,Home,1,No,Website,48.4,0,4,825960.49,206490.1225,666.135,0.0,0,0,0,13.624303429140234,12.238012700144344,1,2,C1,Global Investors,C1 · Global Investors
C1594,Individual,Kathleen,Green,1969-10-24,F,USA,Colorado,Home,2,No,Agency,54.2,0,4,1522994.53,380748.6325,1259.875,0.25,0,0,0,14.236189696876275,12.849897305556679,0,0,C2,First-Time Buyers,C2 · First-Time Buyers
C1595,Individual,Charles,Reed,1955-08-20,M,USA,California,Home,5,No,Website,68.4,0,4,1310147.8599999999,327536.96499999997,1186.5225,0.0,0,0,0,14.085651322309314,12.699359251002937,0,0,C2,First-Time Buyers,C2 · First-Time Buyers
C1596,Individual,Frank,Hall,1979-11-10,M,Germany,Berlin,Investment,4,No,Website,44.1,1,3,1642954.44,547651.48,1649.26,0.0,0,1,0,14.312007275531718,13.213396204181336,0,1,C2,First-Time Buyers,C2 · First-Time Buyers
C1597,Individual,Rachel,Cox,1949-12-28,F,USA,Nevada,Investment,4,Yes,Website,74.0,0,4,1155778.2,288944.55,947.7475,0.0,0,1,1,13.960285306510768,12.573993541038996,1,2,C1,Global Investors,C1 · Global Investors
C1598,Individual,Angela,Adams,1940-06-23,F,USA,Georgia,Home,4,Yes,Agency,83.5,0,3,1163931.67,387977.2233333333,1310.3966666666665,0.0,0,0,1,13.967315061957901,12.868704491600766,0,1,C2,First-Time Buyers,C2 · First-Time Buyers
C1599,Individual,Stephanie,Thompson,1980-11-19,F,USA,Virginia,Investment,5,Yes,Website,43.1,0,3,1321031.17,440343.7233333333,1337.1733333333334,0.0,0,1,1,14.093923935970997,12.995313161269413,0,1,C2,First-Time Buyers,C2 · First-Time Buyers
C1600,Individual,Jennifer,Rogers,1968-02-13,F,Belgium,Wallonia,Home,5,No,Website,55.9,1,4,1237164.36,309291.09,984.6475,0.0,0,0,0,14.028333320694323,12.642041384469648,0,0,C2,First-Time Buyers,C2 · First-Time Buyers
C1601,Individual,Tiffany,Parker,1996-08-13,F,Russia,Krasnodar Krai,Home,3,No,Website,27.4,1,3,829078.01,276359.33666666667,913.6700000000001,0.0,0,0,0,13.628070737175468,12.529460860819773,1,2,C1,Global Investors,C1 · Global Investors
C1602,Individual,Harold,Turner,1986-11-01,M,USA,Nevada,Investment,4,No,Website,37.2,0,4,1676863.99,419215.9975,1425.28,0.0,0,1,0,14.332436530707012,12.946143958638316,0,0,C2,First-Time Buyers,C2 · First-Time Buyers
C1603,Individual,Hannah,Rogers,1962-09-07,F,UK,England,Home,5,No,Website,61.3,1,4,1077719.71,269429.9275,976.2049999999999,0.5,0,0,0,13.890358915250982,12.504067337779764,1,2,C1,Global Investors,C1 · Global Investors
C1604,Individual,Ronald,Kim,1949-09-10,M,USA,Texas,Home,4,No,Website,74.3,0,3,1050264.24,350088.08,1243.8233333333333,0.3333333333333333,0,0,0,13.864553299757102,12.765942915368045,1,1,C1,Global Investors,C1 · Global Investors
C1605,Individual,Joshua,Collins,1999-01-21,M,UK,England,Investment,4,Yes,Website,24.9,1,4,1170783.34,292695.835,874.9925000000001,0.5,0,1,1,13.97318445824065,12.586892659502281,1,1,C1,Global Investors,C1 · Global Investors
C1606,Individual,Zachary,Howard,1965-03-20,M,USA,Washington,Home,1,Yes,Agency,58.8,0,3,917562.71,305854.23666666663,1033.4833333333333,0.3333333333333333,0,0,1,13.729477295192206,12.630867186206878,1,1,C1,Global Investors,C1 · Global Investors
C1607,Individual,Emma,Hall,1963-03-11,F,USA,California,Home,3,No,Agency,60.8,0,3,829294.5700000001,276431.5233333334,927.6066666666666,0.0,0,0,0,13.628331908570452,12.52972203158481,1,2,C1,Global Investors,C1 · Global Investors
C1608,Individual,Heather,Pierce,1999-11-14,F,UK,England,Home,4,Yes,Website,24.1,1,3,1431381.65,477127.2166666666,1447.82,0.3333333333333333,0,0,1,14.174151423212756,13.075540531794083,0,1,C2,First-Time Buyers,C2 · First-Time Buyers
C1609,Individual,Justin,Reed,1964-10-02,M,USA,California,Investment,2,No,Website,59.2,0,3,804844.43,268281.4766666667,900.46,0.0,0,1,0,13.598405525541596,12.499795721819588,1,2,C1,Global Investors,C1 · Global Investors
C1610,Individual,Kenneth,White,1967-03-23,M,USA,California,Investment,3,No,Website,56.8,0,4,1249167.74,312291.935,1114.2125,0.25,0,1,0,14.037988880062585,12.651696920536892,0,0,C2,First-Time Buyers,C2 · First-Time Buyers
C1611,Individual,Sarah,Bryant,1975-09-02,F,USA,Nevada,Investment,4,No,Website,48.3,0,4,1072189.52,268047.38,842.75,0.0,0,1,0,13.885214328702464,12.498922765588848,1,0,C1,Global Investors,C1 · Global Investors
C1612,Individual,Jason,Price,1990-02-25,M,USA,California,Home,1,No,Agency,33.8,0,3,766554.56,255518.18666666668,839.1433333333334,0.0,0,0,0,13.549662459989968,12.451052780392219,1,2,C1,Global Investors,C1 · Global Investors
C1613,Individual,Ryan,Griffin,1998-01-08,M,Denmark,Southern Denmark,Home,2,Yes,Agency,26.0,1,4,1608368.22,402092.055,1400.6975,0.25,0,0,1,14.29073131679155,12.904438820913276,0,0,C2,First-Time Buyers,C2 · First-Time Buyers
C1614,Individual,Julie,Williams,1968-05-16,F,USA,Utah,Investment,4,No,Website,55.6,0,3,822155.05,274051.68333333335,1059.3466666666666,0.0,0,1,0,13.619685497869781,12.521075641826924,1,2,C1,Global Investors,C1 · Global Investors
C1615,Individual,Jason,Mitchell,1963-08-01,M,USA,Utah,Home,5,No,Agency,60.4,0,3,857125.52,285708.50666666665,903.87,0.0,0,0,0,13.661340817955372,12.562730862662347,1,2,C1,Global Investors,C1 · Global Investors
C1616,Individual,Aaron,Nelson,1991-09-01,M,UK,Wales,Investment,5,Yes,Website,32.3,1,4,1344053.71,336013.4275,1128.1275,0.0,0,1,1,14.111201506081969,12.724909377011585,0,0,C2,First-Time Buyers,C2 · First-Time Buyers
C1617,Individual,Michelle,Baker,1952-10-09,F,USA,California,Home,3,No,Website,71.2,0,3,776005.5,258668.5,839.1433333333334,0.0,0,0,0,13.561916175418935,12.463306464045504,1,2,C1,Global Investors,C1 · Global Investors
C1618,Individual,Linda,Price,1962-11-22,F,USA,Washington,Home,2,Yes,Website,61.1,0,4,1356655.6800000002,339163.92000000004,1103.3025,0.25,0,0,1,14.120533907544214,12.734241757740367,0,1,C2,First-Time Buyers,C2 · First-Time Buyers
C1619,Individual,Jason,Baker,1952-10-24,M,Belgium,Wallonia,Home,2,No,Website,71.2,1,4,1390206.46,347551.615,1164.0149999999999,0.5,0,0,0,14.144963545768494,12.758671342597578,0,1,C2,First-Time Buyers,C2 · First-Time Buyers
C1620,Individual,Jacob,Morales,1944-05-07,M,USA,California,Home,1,Yes,Website,79.7,0,3,788250.3500000001,262750.1166666667,979.0866666666667,0.3333333333333333,0,0,1,13.577572290060456,12.478962538650878,1,1,C1,Global Investors,C1 · Global Investors
C1621,Individual,Carl,Wood,1954-06-15,M,USA,Oregon,Investment,2,No,Agency,69.5,0,3,739739.97,246579.99,973.09,0.0,0,1,0,13.514055363361322,12.415445778338647,1,2,C1,Global Investors,C1 · Global Investors
C1622,Individual,Angela,Taylor,1961-02-01,F,USA,Oregon,Home,1,Yes,Website,62.9,0,3,1054193.3599999999,351397.7866666666,1107.81,0.0,0,0,1,13.868287393360474,12.769677001873927,1,2,C1,Global Investors,C1 · Global Investors
C1623,Individual,Julia,Hall,1994-01-12,F,USA,Oregon,Home,4,No,Website,30.0,0,3,1060233.46,353411.1533333333,1111.2966666666666,0.0,0,0,0,13.874000630308887,12.775390228014205,1,1,C1,Global Investors,C1 · Global Investors
C1624,Individual,Jennifer,Stewart,1951-01-04,F,USA,California,Home,4,Yes,Website,73.0,0,4,1943363.94,485840.985,1602.67,0.0,0,0,1,14.479931533677249,13.09363871627034,0,0,C2,First-Time Buyers,C2 · First-Time Buyers
C1625,Individual,Harold,Wright,2000-02-03,M,Australia,Western Australia,Home,4,No,Agency,23.9,1,3,910587.85,303529.2833333333,1094.84,0.0,0,0,0,13.72184675713401,12.623236664844436,1,2,C1,Global Investors,C1 · Global Investors
C1626,Individual,Jennifer,Morales,1970-02-24,F,France,Provence,Home,2,Yes,Website,53.9,1,3,1225657.22,408552.4066666667,1464.8466666666666,0.0,0,0,1,14.018988580103928,12.920377923210758,0,1,C2,First-Time Buyers,C2 · First-Time Buyers
C1627,Individual,David,Bryant,1973-08-14,M,USA,California,Investment,1,No,Website,50.4,0,3,1275226.77,425075.59,1527.8633333333335,0.0,0,1,0,14.058635363757134,12.960024643435071,0,1,C2,First-Time Buyers,C2 · First-Time Buyers
C1628,Company,Lumina,Co,1993-10-13,F,France,Normandy,Home,4,Yes,Website,30.2,1,3,800299.08,266766.36,842.73,0.3333333333333333,1,0,1,13.592742036317647,12.494132246709016,3,3,C3,Corporate Buyers,C3 · Corporate Buyers
C1629,Individual,Stephanie,Roberts,1956-08-26,F,USA,Utah,Home,5,No,Agency,67.3,0,3,789150.05,263050.01666666666,1008.13,0.3333333333333333,0,0,0,13.578713026371702,12.480103272069433,1,1,C1,Global Investors,C1 · Global Investors
C1630,Company,Grandis,Co,1994-05-06,F,USA,Virginia,Investment,1,Yes,Website,29.7,0,3,1206881.92,402293.9733333333,1338.1466666666668,0.3333333333333333,1,1,1,14.003551494546283,12.904940863038375,3,3,C3,Corporate Buyers,C3 · Corporate Buyers
C1631,Individual,Joan,Patterson,1966-03-12,F,UK,Northern Ireland,Home,5,No,Website,57.8,1,4,1683720.2,420930.05,1267.07,0.25,0,0,0,14.336516901883364,12.950224322529555,0,0,C2,First-Time Buyers,C2 · First-Time Buyers
C1632,Individual,Victoria,Wright,1963-07-12,F,USA,California,Investment,3,Yes,Agency,60.5,0,4,1425130.6800000002,356282.67000000004,1152.755,0.0,0,1,1,14.169774774433167,12.783482518379696,0,0,C2,First-Time Buyers,C2 · First-Time Buyers
C1633,Individual,Sara,Bennett,1977-07-03,F,Canada,Ontario,Home,2,No,Website,46.5,1,3,847190.3300000001,282396.7766666667,976.8166666666666,0.3333333333333333,0,0,0,13.64968183950592,12.551071911576843,1,1,C1,Global Investors,C1 · Global Investors
C1634,Individual,Sara,King,1944-01-11,F,USA,Georgia,Investment,2,No,Website,80.0,0,4,1044217.01,261054.2525,872.2,0.0,0,1,0,13.858778847463556,12.47248735930282,1,2,C1,Global Investors,C1 · Global Investors
C1635,Individual,Lawrence,Moore,1948-04-27,M,France,Brittany,Home,1,No,Website,75.7,1,4,1104480.44,276120.11,919.7425000000001,0.0,0,0,0,13.914886497717417,12.528594852800639,1,0,C1,Global Investors,C1 · Global Investors
C1636,Company,Zynex,Co,1987-01-10,F,USA,Arizona,Home,5,Yes,Website,37.0,0,3,1171439.72,390479.9066666667,1308.5133333333333,0.3333333333333333,1,0,1,13.9737449338571,12.8751343524869,3,3,C3,Corporate Buyers,C3 · Corporate Buyers
C1637,Individual,Jacob,Cook,1969-02-11,M,Mexico,Nuevo Leon,Home,5,No,Agency,54.9,1,3,1333020.46,444340.1533333333,1525.18,0.0,0,0,0,14.102958698056014,13.004347909737719,0,1,C2,First-Time Buyers,C2 · First-Time Buyers
C1638,Individual,Cynthia,Peterson,1978-12-14,F,France,Occitanie,Investment,1,Yes,Agency,45.0,1,3,1047895.71,349298.57,1175.6833333333334,0.6666666666666666,0,1,1,13.862295579845545,12.76368519976067,1,1,C1,Global Investors,C1 · Global Investors
C1639,Individual,Ronald,Smith,1943-09-26,M,USA,Colorado,Home,1,No,Website,80.3,0,4,1088561.44,272140.36,975.4225,0.0,0,0,0,13.900368521355578,12.514076916160157,1,0,C1,Global Investors,C1 · Global Investors
C1640,Individual,Helen,Adams,1966-11-04,F,USA,California,Home,1,Yes,Website,57.2,0,4,1172146.65,293036.6625,1047.99,0.0,0,0,1,13.974348222412795,12.588056420694155,1,0,C1,Global Investors,C1 · Global Investors
C1641,Individual,Charles,Phillips,1972-02-14,M,USA,Utah,Home,1,No,Agency,51.9,0,4,1898878.08,474719.52,1504.0974999999999,0.5,0,0,0,14.456774312148298,13.07048153090659,0,0,C2,First-Time Buyers,C2 · First-Time Buyers
C1642,Individual,Maria,Adams,1981-07-20,F,Canada,British Columbia,Home,5,No,Website,42.5,1,4,1441785.62,360446.405,1167.1599999999999,0.5,0,0,0,14.181393610842973,12.795101330472644,0,1,C2,First-Time Buyers,C2 · First-Time Buyers
C1643,Individual,Carl,Rogers,1978-01-09,M,France,Ile-De-France,Home,4,No,Agency,46.0,1,3,1182889.92,394296.63999999996,1468.6933333333334,0.0,0,0,0,13.983471932453982,12.884861334557419,0,1,C2,First-Time Buyers,C2 · First-Time Buyers
C1644,Individual,Megan,Freeman,1944-06-22,F,USA,California,Home,1,No,Client,79.5,0,4,1312822.17,328205.5425,1024.3375,0.0,0,0,0,14.08769046790148,12.701398391930603,0,0,C2,First-Time Buyers,C2 · First-Time Buyers
C1645,Individual,Shirley,Chavez,1995-02-08,F,Australia,New South Wales,Investment,1,No,Website,28.9,1,4,1503973.21,375993.3025,1238.115,0.25,0,1,0,14.223621635738517,12.837329269331693,0,0,C2,First-Time Buyers,C2 · First-Time Buyers
C1646,Individual,Billy,Patterson,1998-06-10,M,USA,Washington,Investment,4,Yes,Agency,25.6,0,3,972186.46,324062.1533333333,1052.4533333333334,0.0,0,1,1,13.787303924929766,12.688693693475955,1,2,C1,Global Investors,C1 · Global Investors
C1647,Individual,Paul,Stone,1945-11-25,M,USA,Ohio,Home,4,Yes,Agency,78.1,0,3,1316368.95,438789.64999999997,1471.8999999999999,0.0,0,0,1,14.09038846838269,12.991777699043155,0,1,C2,First-Time Buyers,C2 · First-Time Buyers
C1648,Individual,Julia,Wood,1949-09-21,F,Australia,New South Wales,Home,3,No,Website,74.3,1,3,1282946.7,427648.89999999997,1476.9433333333334,0.3333333333333333,0,0,0,14.064670878932143,12.966060149172819,0,1,C2,First-Time Buyers,C2 · First-Time Buyers
C1649,Individual,Melissa,Price,1982-03-02,F,USA,Oregon,Home,4,Yes,Agency,41.8,0,4,1540887.81,385221.9525,1254.045,0.25,0,0,1,14.24786995725383,12.861577543060324,0,0,C2,First-Time Buyers,C2 · First-Time Buyers
C1650,Individual,Edward,Griffin,1969-04-01,M,USA,Washington,Investment,2,No,Website,54.8,0,3,1065238.5,355079.5,1057.95,0.3333333333333333,0,1,0,13.878710214472463,12.780099803314643,1,1,C1,Global Investors,C1 · Global Investors
C1651,Individual,Ryan,Bell,1945-11-19,M,USA,California,Investment,4,No,Website,78.1,0,3,962066.4199999999,320688.80666666664,880.66,0.0,0,1,0,13.776839810352216,12.678229600538332,1,2,C1,Global Investors,C1 · Global Investors
C1652,Individual,Paul,Weaver,1964-01-15,M,USA,Nevada,Investment,4,Yes,Client,60.0,0,3,1078933.8,359644.60000000003,1168.3833333333334,0.3333333333333333,0,1,1,13.891484816093861,12.792874381104163,1,1,C1,Global Investors,C1 · Global Investors
C1653,Individual,Sara,White,1974-08-02,F,USA,Colorado,Investment,4,Yes,Website,49.4,0,4,957106.48,239276.62,860.9325,0.0,0,1,1,13.771670973428769,12.385379746748178,1,2,C1,Global Investors,C1 · Global Investors
C1654,Individual,Judith,Brooks,1968-04-05,F,USA,California,Home,1,No,Website,55.7,0,4,1250065.3800000001,312516.34500000003,951.6375,0.25,0,0,0,14.038707211868516,12.652415250618303,0,1,C2,First-Time Buyers,C2 · First-Time Buyers
C1655,Individual,Sara,Cox,1965-05-16,F,USA,Texas,Investment,2,No,Website,58.6,0,3,974749.8,324916.60000000003,1088.5866666666668,0.3333333333333333,0,1,0,13.78993712756777,12.691326890704026,1,1,C1,Global Investors,C1 · Global Investors
C1656,Individual,Jacob,Baker,1991-05-05,M,Belgium,Wallonia,Investment,4,Yes,Website,32.7,1,4,1401657.84,350414.46,1182.3725,0.25,0,1,1,14.153166978876712,12.766874758075637,0,1,C2,First-Time Buyers,C2 · First-Time Buyers
C1657,Individual,Donald,Kim,1958-05-19,M,USA,California,Home,2,No,Website,65.6,0,4,1316624.69,329156.1725,1023.9675,0.25,0,0,0,14.090582726205923,12.70429064363536,0,1,C2,First-Time Buyers,C2 · First-Time Buyers
C1658,Individual,Ronald,Patterson,1970-08-07,M,USA,California,Home,5,No,Agency,53.4,0,4,1243178.6,310794.65,984.12,0.0,0,0,0,14.033182849194477,12.646890901238686,0,0,C2,First-Time Buyers,C2 · First-Time Buyers
C1659,Individual,Joshua,Thompson,1946-09-05,M,Denmark,Zealand,Home,4,No,Website,77.3,1,4,1576416.87,394104.2175,1307.3,0.0,0,0,0,14.270665660194076,12.884373202121088,0,0,C2,First-Time Buyers,C2 · First-Time Buyers
C1660,Individual,Henry,Richardson,1940-04-27,M,USA,Nevada,Home,4,Yes,Website,83.7,0,4,1330046.48,332511.62,1068.57,0.0,0,0,1,14.100725198808854,12.714433093244995,0,0,C2,First-Time Buyers,C2 · First-Time Buyers
C1661,Individual,Ronald,Cox,1975-08-20,M,USA,Washington,Home,4,No,Agency,48.4,0,3,1511063.27,503687.75666666665,1599.3433333333332,0.3333333333333333,0,0,0,14.228324775095501,13.129713809996955,0,1,C2,First-Time Buyers,C2 · First-Time Buyers
C1662,Individual,Gary,Montgomery,1967-05-16,M,Russia,Tatarstan,Home,4,No,Website,56.6,1,4,1505862.74,376465.685,1320.35,0.25,0,0,0,14.224877205160938,12.838584836251187,0,0,C2,First-Time Buyers,C2 · First-Time Buyers
C1663,Individual,Joshua,Garcia,1977-05-13,M,USA,Colorado,Investment,3,No,Agency,46.6,0,3,926064.21,308688.07,1042.71,0.3333333333333333,0,1,0,13.73869993231517,12.640089803319855,1,1,C1,Global Investors,C1 · Global Investors
C1664,Individual,Judith,Hayes,1969-07-25,F,France,Occitanie,Investment,5,No,Agency,54.4,1,3,1390001.73,463333.91,1445.2933333333333,0.3333333333333333,0,1,0,14.144816269133722,13.046205419310672,0,1,C2,First-Time Buyers,C2 · First-Time Buyers
C1665,Individual,Harold,Bell,1995-12-16,M,USA,Arizona,Home,5,No,Website,28.0,0,4,966971.19,241742.7975,827.2,0.0,0,0,0,13.781925014973279,12.39563375631629,1,0,C1,Global Investors,C1 · Global Investors
C1666,Individual,Brenda,Edwards,1962-09-08,F,USA,Ohio,Home,2,No,Website,61.3,0,3,706503.5900000001,235501.19666666668,736.0433333333334,0.0,0,0,0,13.4680849779009,12.369475520066727,1,2,C1,Global Investors,C1 · Global Investors
C1667,Individual,Stephanie,Cook,1967-11-14,F,USA,California,Investment,4,No,Agency,56.1,0,3,831811.52,277270.50666666665,862.11,0.0,0,1,0,13.631362357872792,12.532752473589742,1,2,C1,Global Investors,C1 · Global Investors
C1668,Individual,Scott,Green,1957-11-12,M,Australia,Victoria,Home,5,No,Website,66.1,1,4,1046863.21,261715.8025,872.2,0.0,0,0,0,13.861309787076781,12.475018291653962,1,0,C1,Global Investors,C1 · Global Investors
C1669,Individual,Steven,Collins,1960-04-07,M,Canada,Alberta,Investment,3,Yes,Agency,63.7,1,4,948271.3400000001,237067.83500000002,837.5225,0.5,0,1,1,13.76239701846161,12.37610582098483,1,2,C1,Global Investors,C1 · Global Investors
C1670,Individual,Angela,Watson,1970-12-09,F,USA,Colorado,Home,3,Yes,Website,53.1,0,4,1356021.03,339005.2575,1076.59,0.25,0,0,1,14.120065993663193,12.733773844894293,0,1,C2,First-Time Buyers,C2 · First-Time Buyers
C1671,Individual,Ashley,Howard,1948-09-13,F,USA,California,Home,3,No,Agency,75.3,0,4,1329236.75,332309.1875,1120.62,0.25,0,0,0,14.100116215600968,12.713824111411121,0,2,C2,First-Time Buyers,C2 · First-Time Buyers
C1672,Individual,Jacqueline,Morales,1974-04-09,F,USA,Nevada,Investment,4,No,Website,49.7,0,3,728363.1699999999,242787.7233333333,889.9166666666666,0.0,0,1,0,13.49855643562023,12.399946892827517,1,2,C1,Global Investors,C1 · Global Investors
C1673,Individual,Katherine,Martin,1992-03-04,F,USA,Washington,Home,1,Yes,Website,31.8,0,4,1803634.76,450908.69,1422.9925,0.25,0,0,1,14.405315052345156,13.01902235453089,0,0,C2,First-Time Buyers,C2 · First-Time Buyers
C1674,Individual,Emily,Jackson,1941-12-22,F,USA,California,Home,5,Yes,Website,82.0,0,4,1614623.53,403655.8825,1268.7075,0.25,0,0,1,14.294612998445013,12.908320495340503,0,1,C2,First-Time Buyers,C2 · First-Time Buyers
C1675,Individual,Emma,Reyes,1985-04-08,F,Canada,Alberta,Investment,5,No,Website,38.7,1,3,918037.6799999999,306012.56,1012.96,0.0,0,1,0,13.729994803791223,12.631384693678184,1,2,C1,Global Investors,C1 · Global Investors
C1676,Individual,Amy,Allen,1999-09-19,F,USA,Washington,Home,2,No,Website,24.3,0,4,1251637.0,312909.25,1019.1225,0.0,0,0,0,14.039963651453718,12.65367168719011,0,0,C2,First-Time Buyers,C2 · First-Time Buyers
C1677,Individual,Kevin,Thomas,1964-12-20,M,USA,Texas,Home,1,Yes,Website,59.0,0,3,942915.1799999999,314305.06,975.9433333333333,0.0,0,0,1,13.756732671132609,12.65812250354156,1,2,C1,Global Investors,C1 · Global Investors
C1678,Individual,Gary,Sanders,1961-03-06,M,USA,California,Home,1,Yes,Agency,62.8,0,3,1377654.29,459218.0966666667,1650.4733333333334,0.3333333333333333,0,0,1,14.135893546867637,13.03728270994044,0,1,C2,First-Time Buyers,C2 · First-Time Buyers
C1679,Individual,Christina,Nelson,1986-02-28,F,USA,Nevada,Investment,4,No,Website,37.8,0,3,1194618.9,398206.3,1268.0466666666669,0.3333333333333333,0,1,0,13.993338617437258,12.894728002940427,0,1,C2,First-Time Buyers,C2 · First-Time Buyers
C1680,Individual,Danielle,Howard,1999-09-25,F,USA,California,Investment,4,No,Agency,24.3,0,3,665078.77,221692.92333333334,692.13,0.0,0,1,0,13.407662267331197,12.30905298581664,1,2,C1,Global Investors,C1 · Global Investors
C1681,Individual,Carl,Alexander,1961-07-27,M,USA,Oregon,Home,3,Yes,Client,62.4,0,4,1408304.94,352076.235,1156.7625,0.25,0,0,1,14.157898079028557,12.771605848125347,0,2,C2,First-Time Buyers,C2 · First-Time Buyers
C1682,Individual,Amanda,Brooks,1987-04-11,F,USA,Nevada,Home,2,No,Website,36.7,0,4,1469905.41,367476.3525,1257.0925,0.0,0,0,0,14.200709290061445,12.814416969885738,0,0,C2,First-Time Buyers,C2 · First-Time Buyers
C1683,Individual,Amber,Patterson,1999-11-19,F,USA,Oregon,Investment,1,No,Client,24.1,0,4,1410114.6,352528.65,1144.74,0.5,0,1,0,14.159182244809301,12.772890011172297,0,0,C2,First-Time Buyers,C2 · First-Time Buyers
C1684,Individual,Grace,Cooper,1977-07-01,F,USA,Colorado,Investment,4,No,Website,46.5,0,4,1109440.17,277360.0425,883.4825000000001,0.0,0,1,0,13.919366996064337,12.533075339004855,1,0,C1,Global Investors,C1 · Global Investors
C1685,Individual,Kathleen,Parker,1977-05-16,F,USA,California,Home,5,No,Agency,46.6,0,3,1109623.75,369874.5833333333,1274.52,0.0,0,0,0,13.919532453069255,12.820921966810651,1,1,C1,Global Investors,C1 · Global Investors
C1686,Individual,David,Howard,1977-01-25,M,USA,California,Investment,2,Yes,Agency,46.9,0,4,1214377.82,303594.455,1073.905,0.25,0,1,1,14.00974324475995,12.623451354035824,0,0,C2,First-Time Buyers,C2 · First-Time Buyers
C1687,Individual,Eric,Anderson,1967-05-15,M,USA,California,Home,4,Yes,Website,56.6,0,4,1026117.62,256529.405,935.37,0.25,0,0,1,13.841293912065153,12.455002474579583,1,2,C1,Global Investors,C1 · Global Investors
C1688,Individual,Amanda,Flores,1996-04-28,F,USA,Oregon,Home,5,No,Client,27.7,0,3,1314384.27,438128.09,1281.9566666666667,0.0,0,0,0,14.088879639008194,12.990268871962797,0,1,C2,First-Time Buyers,C2 · First-Time Buyers
C1689,Individual,Virginia,King,1985-01-26,F,USA,Oregon,Investment,1,Yes,Client,38.9,0,3,896100.8,298700.26666666666,973.09,0.3333333333333333,0,1,1,13.705809301574678,12.607199244793357,1,1,C1,Global Investors,C1 · Global Investors
C1690,Individual,Terry,Martin,1951-08-18,M,Denmark,North Denmark,Home,2,Yes,Agency,72.4,1,3,1662639.06,554213.02,1754.9366666666667,0.0,0,0,1,14.323917294580141,13.225306208817486,0,1,C2,First-Time Buyers,C2 · First-Time Buyers
C1691,Individual,Robert,Reed,1946-03-25,M,USA,Arizona,Home,5,No,Website,77.8,0,4,1212731.6,303182.9,984.9525,0.0,0,0,0,14.008386718447332,12.622094831076632,0,0,C2,First-Time Buyers,C2 · First-Time Buyers
C1692,Individual,Joseph,Patterson,1991-03-08,M,Canada,Ontario,Home,5,Yes,Agency,32.8,1,4,1165619.9100000001,291404.97750000004,984.9525,0.0,0,0,1,13.968764472960977,12.582472685573347,1,0,C1,Global Investors,C1 · Global Investors
C1693,Individual,Donald,Turner,1990-11-20,M,Belgium,Flanders,Home,1,No,Website,33.1,1,4,1557035.08,389258.77,1342.1525000000001,0.5,0,0,0,14.258294623315795,12.872002188931674,0,0,C2,First-Time Buyers,C2 · First-Time Buyers
C1694,Individual,Gloria,Foster,1957-07-18,F,USA,Virginia,Home,5,No,Agency,66.5,0,4,1457395.73,364348.9325,1202.695,0.0,0,0,0,14.192162340494106,12.805870037836987,0,0,C2,First-Time Buyers,C2 · First-Time Buyers
C1695,Individual,Tiffany,Peterson,1955-12-13,F,Belgium,Flanders,Home,5,No,Website,68.1,1,3,975866.19,325288.73,1111.2966666666666,0.0,0,0,0,13.791081780316404,12.692471541105403,1,2,C1,Global Investors,C1 · Global Investors
C1696,Individual,Emily,Jones,1987-02-20,F,USA,Florida,Home,1,No,Website,36.9,0,4,1316025.35,329006.3375,1092.085,0.0,0,0,0,14.090127413463298,12.703835331930424,0,0,C2,First-Time Buyers,C2 · First-Time Buyers
C1697,Individual,Maria,Brown,1980-08-07,F,Belgium,Brussels,Home,2,No,Client,43.4,1,4,802813.26,200703.315,700.7825,0.0,0,0,0,13.595878658576657,12.209588034304184,1,2,C1,Global Investors,C1 · Global Investors
C1698,Individual,Zachary,Stone,1950-12-05,M,UK,Northern Ireland,Home,4,Yes,Website,73.1,1,3,764529.97,254843.32333333333,901.6266666666667,0.0,0,0,1,13.547017813668086,12.448408140979527,1,2,C1,Global Investors,C1 · Global Investors
C1699,Individual,Peter,Phillips,1969-07-15,M,Australia,Western Australia,Home,3,Yes,Agency,54.5,1,4,1161971.24,290492.81,946.6524999999999,0.25,0,0,1,13.965629326263532,12.579337546957582,1,0,C1,Global Investors,C1 · Global Investors
C1700,Individual,Nicholas,Young,1943-11-04,M,USA,Nevada,Home,3,No,Website,80.2,0,4,1293648.37,323412.0925,1050.5725,0.5,0,0,0,14.072977751328155,12.686685709226532,0,1,C2,First-Time Buyers,C2 · First-Time Buyers
C1701,Individual,Karen,Montgomery,1982-06-27,F,USA,Arizona,Home,1,No,Website,41.5,0,3,916043.72,305347.9066666667,979.0866666666667,0.3333333333333333,0,0,0,13.727820463425262,12.62921035805429,1,1,C1,Global Investors,C1 · Global Investors
C1702,Individual,Frank,Alexander,1990-01-04,M,USA,Washington,Investment,5,Yes,Website,34.0,0,3,1259181.49,419727.16333333333,1477.03,0.6666666666666666,0,1,1,14.045973250894207,12.947362550556962,0,1,C2,First-Time Buyers,C2 · First-Time Buyers
C1703,Individual,Gerald,Cox,1999-08-13,M,USA,Texas,Investment,4,No,Agency,24.4,0,3,868665.77,289555.25666666665,980.8699999999999,0.0,0,1,0,13.674714866955066,12.576104880663156,1,2,C1,Global Investors,C1 · Global Investors
C1704,Individual,Susan,Flores,1963-02-15,F,Denmark,Capital Region,Home,4,No,Agency,60.9,1,3,1131490.6400000001,377163.5466666667,1251.25,0.3333333333333333,0,0,0,13.939047355605986,12.840436834514554,1,1,C1,Global Investors,C1 · Global Investors
C1705,Individual,Kenneth,Howard,1979-11-23,M,USA,Virginia,Investment,3,Yes,Website,44.1,0,3,1031987.6799999999,343995.8933333333,1049.3066666666666,0.0,0,1,1,13.846998255971236,12.748387905307004,1,2,C1,Global Investors,C1 · Global Investors
C1706,Individual,Matthew,Jordan,1976-05-13,M,USA,California,Home,3,Yes,Website,47.6,0,4,1417221.48,354305.37,1128.9675,0.0,0,0,1,14.164209514111269,12.777917269805686,0,0,C2,First-Time Buyers,C2 · First-Time Buyers
C1707,Individual,Adam,Allen,1973-09-19,M,USA,Georgia,Home,1,Yes,Website,50.3,0,3,770609.62,256869.87333333332,899.7566666666667,0.0,0,0,1,13.554938492548215,12.456328799221193,1,2,C1,Global Investors,C1 · Global Investors
C1708,Individual,Andrea,Wilson,1986-08-06,F,Germany,Hesse,Home,1,Yes,Agency,37.4,1,3,854426.52,284808.84,897.3100000000001,0.0,0,0,1,13.658186956407173,12.559577008484899,1,2,C1,Global Investors,C1 · Global Investors
C1709,Individual,Danielle,Cox,1946-08-09,F,USA,Arizona,Investment,3,No,Agency,77.4,0,3,1336416.1600000001,445472.0533333334,1513.17,0.0,0,1,0,14.105502829849227,13.006892037718698,0,1,C2,First-Time Buyers,C2 · First-Time Buyers
C1710,Individual,Joe,Flores,1957-05-26,M,Canada,Alberta,Investment,2,Yes,Website,66.6,1,3,1027918.12,342639.37333333335,1156.0800000000002,0.3333333333333333,0,1,1,13.843047044859246,12.744436701867615,1,1,C1,Global Investors,C1 · Global Investors
C1711,Individual,Debra,Hayes,1981-08-24,F,USA,California,Investment,3,Yes,Website,42.4,0,4,1015613.11,253903.2775,836.9425,0.25,0,1,1,13.831004021981215,12.444712614734788,1,2,C1,Global Investors,C1 · Global Investors
C1712,Individual,Ryan,Turner,1971-03-04,M,France,Occitanie,Home,5,No,Website,52.8,1,4,1280242.15,320060.5375,1102.08,0.25,0,0,0,14.062560578793006,12.676268560975233,0,0,C2,First-Time Buyers,C2 · First-Time Buyers
C1713,Individual,Julia,Cook,1981-02-08,F,USA,Oregon,Home,1,No,Website,42.9,0,4,1401670.4500000002,350417.61250000005,1186.5225,0.0,0,0,0,14.153175975319296,12.766883754498966,0,0,C2,First-Time Buyers,C2 · First-Time Buyers
C1714,Individual,Nathan,Brooks,1948-07-05,M,USA,Colorado,Home,3,No,Website,75.5,0,4,1054289.58,263572.395,823.6625,0.25,0,0,0,13.868378662686844,12.482087147078227,1,1,C1,Global Investors,C1 · Global Investors
C1715,Individual,Hannah,Watson,1963-04-13,F,USA,Florida,Home,3,Yes,Agency,60.7,0,4,987214.1799999999,246803.54499999998,900.39,0.25,0,0,1,13.802643308838377,12.416351986565035,1,2,C1,Global Investors,C1 · Global Investors
C1716,Individual,Michelle,Montgomery,1980-10-13,F,USA,California,Home,1,No,Website,43.2,0,3,1027286.48,342428.82666666666,1129.1766666666665,0.0,0,0,0,13.842432371843026,12.743822030047717,1,2,C1,Global Investors,C1 · Global Investors
C1717,Individual,Martha,Thomas,1941-12-21,F,USA,California,Home,4,Yes,Website,82.0,0,3,915606.0700000001,305202.0233333334,980.8699999999999,0.0,0,0,1,13.727342588743275,12.628732484415895,1,2,C1,Global Investors,C1 · Global Investors
C1718,Individual,Janet,Peterson,1995-01-06,F,USA,California,Home,1,No,Website,29.0,0,4,1362121.47,340530.3675,1150.74,0.0,0,0,0,14.12455468088552,12.738262522208332,0,0,C2,First-Time Buyers,C2 · First-Time Buyers
C1719,Company,Halcyon,Co,1960-05-10,M,USA,Florida,Home,2,No,Agency,63.6,0,3,1178759.88,392919.95999999996,1263.8633333333335,0.3333333333333333,1,0,0,13.979974343003857,12.881363751031266,3,3,C3,Corporate Buyers,C3 · Corporate Buyers
C1720,Individual,Danielle,Kim,1996-10-10,F,USA,California,Home,5,Yes,Website,27.2,0,4,1396671.77,349167.9425,1122.0925,0.0,0,0,1,14.149603373149064,12.76331115998884,0,0,C2,First-Time Buyers,C2 · First-Time Buyers
C1721,Individual,Carl,Weaver,1986-12-10,M,USA,Nevada,Home,2,No,Agency,37.1,0,4,1282729.71,320682.4275,1034.0675,0.0,0,0,0,14.064501730686851,12.678209708324792,0,0,C2,First-Time Buyers,C2 · First-Time Buyers
C1722,Individual,Jacqueline,Morris,1982-11-23,F,USA,Nevada,Home,3,No,Website,41.1,0,4,1676365.72,419091.43,1307.3,0.0,0,0,0,14.332139342772052,12.945846771235122,0,0,C2,First-Time Buyers,C2 · First-Time Buyers
C1723,Individual,Carol,Allen,1998-02-02,F,Canada,Quebec,Home,2,Yes,Agency,25.9,1,4,1084602.42,271150.605,900.39,0.0,0,0,1,13.896724966620342,12.510433371484584,1,2,C1,Global Investors,C1 · Global Investors
C1724,Individual,Justin,Cook,1956-06-19,M,USA,Virginia,Home,4,No,Website,67.5,0,4,1646338.3599999999,411584.58999999997,1358.9675,0.0,0,0,0,14.314064811508004,12.927772272611005,0,0,C2,First-Time Buyers,C2 · First-Time Buyers
C1725,Individual,Sharon,Patterson,1959-01-12,F,USA,Nevada,Home,3,Yes,Website,65.0,0,4,1352500.23,338125.0575,1167.3975,0.0,0,0,1,14.117466199129348,12.731174056119581,0,0,C2,First-Time Buyers,C2 · First-Time Buyers
C1726,Individual,Diane,Scott,1948-08-15,F,UK,Northern Ireland,Home,3,No,Website,75.4,1,3,1141107.24,380369.08,1193.7733333333333,0.3333333333333333,0,0,0,13.947510488499145,12.84889995251161,1,1,C1,Global Investors,C1 · Global Investors
C1727,Individual,Katherine,Morales,1945-12-06,F,USA,New York,Home,3,No,Website,78.1,0,4,1563834.42,390958.605,1210.7375,0.0,0,0,0,14.262651964371281,12.876359521609988,0,0,C2,First-Time Buyers,C2 · First-Time Buyers
C1728,Individual,Kimberly,Garcia,1944-03-08,F,USA,Oregon,Home,3,Yes,Client,79.8,0,4,1436312.58,359078.145,1225.2649999999999,0.0,0,0,1,14.177590375224483,12.791298102782795,0,0,C2,First-Time Buyers,C2 · First-Time Buyers
C1729,Individual,Robert,Richardson,1955-06-26,M,Canada,British Columbia,Home,3,Yes,Website,68.5,1,3,956356.54,318785.51333333337,1090.7733333333333,0.0,0,0,1,13.770887117930435,12.672276920528223,1,2,C1,Global Investors,C1 · Global Investors
C1730,Individual,Jeffrey,Young,1979-11-22,M,Mexico,Puebla,Investment,5,Yes,Agency,44.1,1,3,796432.48,265477.49333333335,922.6899999999999,0.3333333333333333,0,1,1,13.58789888946485,12.489289111988873,1,1,C1,Global Investors,C1 · Global Investors
C1731,Individual,Nathan,Garcia,1971-12-19,M,USA,California,Home,4,Yes,Website,52.0,0,4,1172220.1099999999,293055.02749999997,966.56,0.25,0,0,1,13.974410891734514,12.588119089855484,1,0,C1,Global Investors,C1 · Global Investors
C1732,Individual,Megan,Wilson,1970-07-15,F,Canada,Alberta,Investment,2,No,Agency,53.5,1,3,1551003.8399999999,517001.27999999997,1654.4733333333334,0.0,0,1,0,14.254413562721183,13.155802563538868,0,1,C2,First-Time Buyers,C2 · First-Time Buyers
C1733,Individual,Helen,Jones,1948-04-22,F,USA,California,Home,3,Yes,Agency,75.7,0,4,1179975.09,294993.7725,1009.9325,0.25,0,0,1,13.981004733524692,12.594712914825967,1,2,C1,Global Investors,C1 · Global Investors
C1734,Individual,Zachary,Roberts,1975-01-14,M,USA,California,Home,5,No,Website,49.0,0,3,1078504.94,359501.64666666667,1254.5033333333333,0.0,0,0,0,13.891087252445693,12.792476818193098,1,1,C1,Global Investors,C1 · Global Investors
C1735,Individual,Amber,Miller,1969-10-07,F,USA,Utah,Investment,3,No,Website,54.2,0,3,1139995.98,379998.66,1258.3999999999999,0.0,0,1,0,13.946536171244363,12.847925636965327,1,1,C1,Global Investors,C1 · Global Investors
C1736,Individual,Ann,Cook,1989-09-21,F,USA,California,Investment,4,Yes,Website,34.3,0,4,1482243.88,370560.97,1122.0925,0.0,0,1,1,14.209068307355519,12.822775970190648,0,0,C2,First-Time Buyers,C2 · First-Time Buyers
C1737,Individual,Jennifer,Jackson,1992-12-24,F,USA,California,Investment,3,No,Website,31.0,0,3,1060946.57,353648.8566666667,1090.7733333333333,0.0,0,1,0,13.87467300072951,12.776062597166915,1,1,C1,Global Investors,C1 · Global Investors
C1738,Individual,Sharon,Hall,1977-02-25,F,USA,California,Home,5,No,Website,46.8,0,3,861195.69,287065.23,1016.7633333333333,0.0,0,0,0,13.666078200990738,12.567468234669777,1,2,C1,Global Investors,C1 · Global Investors
C1739,Individual,Steven,Smith,1985-02-25,M,Russia,Novosibirsk,Investment,3,Yes,Website,38.8,1,4,998344.48,249586.12,872.2,0.0,0,1,1,13.813854667734468,12.42756331158185,1,2,C1,Global Investors,C1 · Global Investors
C1740,Individual,Ashley,Alexander,1951-09-15,F,USA,California,Home,5,Yes,Website,72.3,0,4,1439013.3399999999,359753.33499999996,1164.015,0.0,0,0,1,14.1794689510735,12.79317667471176,0,0,C2,First-Time Buyers,C2 · First-Time Buyers
C1741,Individual,Alexander,Wright,1976-04-18,M,USA,Virginia,Home,5,No,Website,47.7,0,4,1310713.04,327678.26,1140.38,0.25,0,0,0,14.086082615383637,12.699790543089895,0,0,C2,First-Time Buyers,C2 · First-Time Buyers
C1742,Company,Crestwood,Co,1988-08-14,F,USA,California,Home,5,No,Agency,35.4,0,3,1177856.21,392618.73666666663,1431.79,0.3333333333333333,1,0,0,13.979207421924766,12.880596831253905,3,3,C3,Corporate Buyers,C3 · Corporate Buyers
C1743,Individual,Linda,Bell,1946-07-26,F,Belgium,Flanders,Home,1,No,Client,77.4,1,3,839069.28,279689.76,881.7833333333333,0.0,0,0,0,13.640049748329693,12.541439843249304,1,2,C1,Global Investors,C1 · Global Investors
C1744,Individual,Brian,Green,1961-11-16,M,Russia,Krasnodar Krai,Investment,1,No,Website,62.1,1,4,1320002.42,330000.605,1092.085,0.0,0,1,0,14.093144885468288,12.7068527970672,0,0,C2,First-Time Buyers,C2 · First-Time Buyers
C1745,Individual,Ann,Sanders,1976-06-21,F,USA,California,Home,1,No,Website,47.5,0,3,1261495.5,420498.5,1487.6599999999999,0.0,0,0,0,14.04780927258457,12.949198569333792,0,1,C2,First-Time Buyers,C2 · First-Time Buyers
C1746,Individual,Jennifer,Cox,1959-06-14,F,Belgium,Flanders,Home,3,No,Website,64.6,1,3,793835.85,264611.95,874.19,0.0,0,0,0,13.584633240526234,12.486023471264323,1,2,C1,Global Investors,C1 · Global Investors
C1747,Individual,Bryan,Flores,1965-02-19,M,USA,Colorado,Home,5,No,Client,58.9,0,3,1016661.44,338887.14666666667,1059.1499999999999,0.3333333333333333,0,0,0,13.832035702529794,12.733425381081043,1,1,C1,Global Investors,C1 · Global Investors
C1748,Individual,Albert,Jones,1950-11-11,M,USA,California,Home,4,Yes,Website,73.1,0,3,1112272.46,370757.48666666663,1274.52,0.3333333333333333,0,0,1,13.921916640826158,12.823306150275393,1,1,C1,Global Investors,C1 · Global Investors
C1749,Individual,Brandon,Moore,1956-05-27,M,USA,California,Home,3,No,Website,67.6,0,3,832665.62,277555.20666666667,862.1066666666666,0.0,0,0,0,13.632388624954713,12.53377873820539,1,2,C1,Global Investors,C1 · Global Investors
C1750,Company,Stratos,Co,1991-01-12,M,USA,Colorado,Home,3,No,Website,33.0,0,4,1497163.73,374290.9325,1150.2,0.0,1,0,0,14.21908369742796,12.83279134009358,3,3,C3,Corporate Buyers,C3 · Corporate Buyers
C1751,Individual,Christine,Scott,1955-02-28,F,USA,Ohio,Home,5,No,Website,68.8,0,4,873120.47,218280.1175,700.7825,0.25,0,0,0,13.679829966036014,12.293539040858256,1,2,C1,Global Investors,C1 · Global Investors
C1752,Individual,Jonathan,Cook,1980-02-06,M,USA,California,Investment,1,Yes,Website,43.9,0,3,1119600.47,373200.1566666667,1152.5966666666666,0.0,0,1,1,13.928483349591492,12.829872847271709,1,2,C1,Global Investors,C1 · Global Investors
C1753,Individual,Arthur,Peterson,1945-12-18,M,USA,Georgia,Investment,3,Yes,Website,78.0,0,3,770077.48,256692.49333333332,964.2666666666668,0.0,0,1,1,13.554247710714087,12.455638019180496,1,2,C1,Global Investors,C1 · Global Investors
C1754,Individual,Frank,Gray,1995-11-11,M,USA,Virginia,Home,2,Yes,Website,28.1,0,3,1361555.24,453851.74666666664,1471.8999999999999,0.0,0,0,1,14.12413889762439,13.025528077862575,0,1,C2,First-Time Buyers,C2 · First-Time Buyers
C1755,Individual,Mark,Griffin,1998-08-26,M,USA,Nevada,Home,1,Yes,Website,25.3,0,3,672116.9199999999,224038.9733333333,776.2433333333333,0.0,0,0,1,13.418189080301616,12.319579767297396,1,2,C1,Global Investors,C1 · Global Investors
C1756,Individual,Daniel,Cook,1990-03-21,M,USA,Utah,Home,1,No,Website,33.8,0,4,1481404.3900000001,370351.09750000003,1146.0149999999999,0.25,0,0,0,14.208501783004822,12.822209446986893,0,0,C2,First-Time Buyers,C2 · First-Time Buyers
C1757,Individual,Brian,Hayes,1985-07-01,M,Germany,Bavaria,Home,3,No,Client,38.5,1,3,1125366.62,375122.2066666667,1182.08,0.0,0,0,0,13.933620313575213,12.835009802102562,1,1,C1,Global Investors,C1 · Global Investors
C1758,Individual,Carl,Pierce,1985-01-14,M,USA,Oregon,Investment,4,Yes,Agency,39.0,0,4,1006481.1799999999,251620.29499999998,801.065,0.25,0,1,1,13.821971818987217,12.435680438541588,1,2,C1,Global Investors,C1 · Global Investors
C1759,Individual,Jose,Stone,1974-10-10,M,USA,California,Investment,1,No,Website,49.2,0,4,1031917.22,257979.305,831.47,0.0,0,1,0,13.846929977697613,12.460638523780618,1,2,C1,Global Investors,C1 · Global Investors
C1760,Individual,Mary,Harris,1975-10-07,F,Belgium,Brussels,Home,2,No,Website,48.2,1,4,1454358.32,363589.58,1265.3825,0.5,0,0,0,14.190076031717146,12.803783733359094,0,0,C2,First-Time Buyers,C2 · First-Time Buyers
C1761,Individual,Nicholas,Thompson,1955-01-08,M,USA,Washington,Home,1,No,Website,69.0,0,4,1181772.43,295443.1075,972.335,0.0,0,0,0,13.982526774987393,12.596234952421947,1,0,C1,Global Investors,C1 · Global Investors
C1762,Individual,Larry,Harris,1964-01-21,M,USA,Virginia,Home,1,No,Website,59.9,0,3,1023352.22,341117.4066666667,1090.9466666666667,0.0,0,0,0,13.838595263931204,12.739984929620599,1,2,C1,Global Investors,C1 · Global Investors
C1763,Individual,Kimberly,Young,1954-11-26,F,USA,New York,Home,3,No,Website,69.1,0,4,1789381.67,447345.4175,1374.585,0.5,0,0,0,14.397381241238184,13.011088556672746,0,1,C2,First-Time Buyers,C2 · First-Time Buyers
C1764,Individual,Kelly,Baker,1946-11-05,F,USA,Nevada,Home,2,No,Agency,77.2,0,4,1668335.18,417083.795,1338.8999999999999,0.5,0,0,0,14.327337388355598,12.941044825432822,0,1,C2,First-Time Buyers,C2 · First-Time Buyers
C1765,Individual,Pamela,Reyes,1997-05-01,F,USA,Colorado,Home,1,Yes,Client,26.7,0,4,1734167.51,433541.8775,1577.2325,0.0,0,0,1,14.366038611531756,12.979745980346062,0,0,C2,First-Time Buyers,C2 · First-Time Buyers
C1766,Individual,Sharon,Bennett,1993-05-05,F,USA,California,Home,4,No,Website,30.7,0,4,1371247.08,342811.77,1071.3925,0.0,0,0,0,14.131231890388282,12.74493971705393,0,0,C2,First-Time Buyers,C2 · First-Time Buyers
C1767,Individual,Joe,Sanders,1978-05-21,M,USA,Colorado,Home,3,No,Website,45.6,0,4,1455838.9100000001,363959.72750000004,1123.3175,0.5,0,0,0,14.191093549770535,12.804801249314657,0,1,C2,First-Time Buyers,C2 · First-Time Buyers
C1768,Individual,Cynthia,Hughes,1943-03-01,F,Russia,Saint Petersburg,Home,4,No,Website,80.8,1,4,985105.21,246276.3025,834.6575,0.0,0,0,0,13.800504741752436,12.414213425984814,1,2,C1,Global Investors,C1 · Global Investors
C1769,Company,Forsyte,Co,1985-10-22,M,USA,Oregon,Home,1,Yes,Client,38.2,0,3,985909.0,328636.3333333333,1101.55,0.3333333333333333,1,0,1,13.801320351528226,12.702710091440789,3,3,C3,Corporate Buyers,C3 · Corporate Buyers
C1770,Individual,Betty,Parker,1945-11-17,F,USA,Washington,Home,1,Yes,Agency,78.1,0,3,1334771.42,444923.80666666664,1469.18,0.0,0,0,1,14.104271363374387,13.005660573087928,0,1,C2,First-Time Buyers,C2 · First-Time Buyers
C1771,Company,Atlas,Co,1975-06-22,M,USA,Georgia,Home,3,Yes,Client,48.5,0,3,1280895.97,426965.3233333333,1435.6633333333332,0.0,1,0,1,14.063071148292188,12.964460421028694,3,3,C3,Corporate Buyers,C3 · Corporate Buyers
C1772,Company,Forsyte,Co,1975-01-13,F,Canada,Alberta,Investment,5,Yes,Agency,49.0,1,4,1105281.92,276320.48,1015.8675,0.25,1,1,1,13.915611896361412,12.52932024947502,3,3,C3,Corporate Buyers,C3 · Corporate Buyers
C1773,Individual,Kenneth,Williams,1980-12-25,M,USA,Nevada,Investment,3,Yes,Agency,43.0,0,4,1284141.19,321035.2975,984.6475,0.25,0,1,1,14.065601496976226,12.679309472043494,0,0,C2,First-Time Buyers,C2 · First-Time Buyers
C1774,Individual,Frank,James,1984-12-26,M,USA,Oregon,Home,4,No,Agency,39.0,0,4,1169335.49,292333.8725,1008.6625,0.0,0,0,0,13.971947043346358,12.585655247780673,1,0,C1,Global Investors,C1 · Global Investors
C1775,Individual,Betty,Howard,1970-10-07,F,USA,California,Home,3,No,Agency,53.2,0,4,1414776.99,353694.2475,1102.9724999999999,0.0,0,0,0,14.162483179223269,12.77619093857517,0,0,C2,First-Time Buyers,C2 · First-Time Buyers
C1776,Individual,Martha,Mitchell,1973-09-01,F,France,Occitanie,Home,1,No,Website,50.3,1,3,1071718.4,357239.4666666666,1196.1733333333334,0.0,0,0,0,13.884774832618055,12.786164410108318,1,2,C1,Global Investors,C1 · Global Investors
C1777,Individual,Jason,Long,1974-09-24,M,USA,California,Investment,5,No,Client,49.3,0,3,784629.95,261543.31666666665,900.46,0.0,0,1,0,13.572968758831482,12.474359019129164,1,2,C1,Global Investors,C1 · Global Investors
C1778,Individual,Jeffrey,Cox,1994-01-09,M,USA,Georgia,Investment,4,Yes,Website,30.0,0,3,1216664.8199999998,405554.93999999994,1339.73,0.0,0,1,1,14.011624740999912,12.913014096167212,0,1,C2,First-Time Buyers,C2 · First-Time Buyers
C1779,Individual,Sharon,Thomas,1979-04-20,F,USA,California,Home,5,No,Client,44.7,0,4,1563236.5499999998,390809.13749999995,1287.1,0.0,0,0,0,14.262269581220636,12.87597713919303,0,0,C2,First-Time Buyers,C2 · First-Time Buyers
C1780,Individual,Richard,Patterson,1956-05-18,M,USA,Utah,Investment,1,No,Website,67.6,0,4,1735557.1500000001,433889.28750000003,1341.715,0.5,0,1,0,14.366839619916838,12.980546987346006,0,0,C2,First-Time Buyers,C2 · First-Time Buyers
C1781,Individual,Betty,Thomas,1968-10-08,F,USA,California,Home,4,No,Website,55.2,0,4,1383316.42,345829.105,1164.0149999999999,0.0,0,0,0,14.139995099858146,12.753702907435551,0,0,C2,First-Time Buyers,C2 · First-Time Buyers
C1782,Individual,Ann,King,1999-12-04,F,UK,England,Investment,1,No,Website,24.1,1,4,897646.55,224411.6375,783.64,0.0,0,1,0,13.707532786946395,12.321241767889864,1,2,C1,Global Investors,C1 · Global Investors
C1783,Individual,Jacob,Garcia,1954-03-07,M,USA,California,Home,3,No,Website,69.8,0,4,1136482.92,284120.73,883.805,0.25,0,0,0,13.943449773472485,12.557158052069697,1,1,C1,Global Investors,C1 · Global Investors
C1784,Individual,Albert,Moore,1998-02-24,M,Australia,Western Australia,Home,3,No,Client,25.9,1,4,1352274.53,338068.6325,1106.8725,0.0,0,0,0,14.117299309200492,12.731007166560937,0,0,C2,First-Time Buyers,C2 · First-Time Buyers
C1785,Individual,Lauren,Allen,1956-02-27,F,USA,Colorado,Home,1,Yes,Website,67.8,0,3,1006568.23,335522.74333333335,1156.5633333333333,0.3333333333333333,0,0,1,13.822058304607625,12.723448002884828,1,1,C1,Global Investors,C1 · Global Investors
C1786,Individual,Adam,White,1995-03-07,M,USA,California,Home,1,No,Website,28.8,0,4,1247095.22,311773.805,1102.2725,0.25,0,0,0,14.03632838287225,12.650036427337707,0,0,C2,First-Time Buyers,C2 · First-Time Buyers
C1787,Individual,Stephen,Flores,1955-09-22,M,USA,Georgia,Investment,5,No,Agency,68.3,0,4,1289585.42,322396.355,1029.38,0.75,0,1,0,14.069832120282033,12.683540085486664,0,1,C2,First-Time Buyers,C2 · First-Time Buyers
C1788,Individual,Zachary,James,1989-10-27,M,USA,California,Home,3,No,Website,34.2,0,3,1116876.81,372292.27,1155.6966666666667,0.0,0,0,0,13.926047680841181,12.827437182877652,1,1,C1,Global Investors,C1 · Global Investors
C1789,Individual,Edward,Brooks,1982-07-25,M,USA,Colorado,Home,5,Yes,Agency,41.4,0,3,1359605.1,453201.7,1526.9566666666667,0.3333333333333333,0,0,1,14.122705583407743,13.02409476575284,0,1,C2,First-Time Buyers,C2 · First-Time Buyers
C1790,Individual,Jacob,Hansen,1940-02-18,M,USA,Nevada,Investment,5,No,Client,83.9,0,4,1335521.08,333880.27,1159.9675,0.0,0,1,0,14.10483284452914,12.718540729719269,0,0,C2,First-Time Buyers,C2 · First-Time Buyers
C1791,Individual,Gerald,Scott,1966-04-26,M,USA,California,Home,5,No,Agency,57.7,0,3,894512.8,298170.93333333335,1050.08,0.0,0,0,0,13.704035609425098,12.605425556605965,1,2,C1,Global Investors,C1 · Global Investors
C1792,Individual,Terry,Pierce,1995-06-17,M,USA,California,Home,3,No,Agency,28.5,0,4,1948563.24,487140.81,1676.3825,0.25,0,0,0,14.482603372167912,13.09631055064196,0,0,C2,First-Time Buyers,C2 · First-Time Buyers
C1793,Individual,Richard,James,1969-04-05,M,USA,Utah,Investment,1,No,Website,54.7,0,4,1317525.03,329381.2575,1102.08,0.0,0,1,0,14.091266316318235,12.704974232190613,0,0,C2,First-Time Buyers,C2 · First-Time Buyers
C1794,Individual,Douglas,Chavez,1995-12-25,M,USA,Colorado,Home,3,No,Website,28.0,0,4,1378476.06,344619.015,1137.5875,0.0,0,0,0,14.13648986803077,12.750197683223293,0,0,C2,First-Time Buyers,C2 · First-Time Buyers
C1795,Individual,William,Brown,1945-12-01,M,USA,California,Home,5,Yes,Website,78.1,0,4,1058019.94,264504.985,827.2,0.75,0,0,1,13.871910683265012,12.485619157623734,1,1,C1,Global Investors,C1 · Global Investors
C1796,Individual,Betty,Hughes,1950-09-21,F,USA,California,Investment,5,Yes,Client,73.3,0,3,1158919.94,386306.64666666667,1286.4833333333333,0.0,0,1,1,13.962999906017643,12.864389343091304,0,1,C2,First-Time Buyers,C2 · First-Time Buyers
C1797,Individual,Katherine,Howard,1957-02-26,F,USA,Oregon,Home,3,Yes,Website,66.8,0,3,910545.9199999999,303515.30666666664,1033.6200000000001,0.0,0,0,1,13.72180070894727,12.623190616758837,1,2,C1,Global Investors,C1 · Global Investors
C1798,Individual,Bryan,Peterson,1966-08-10,M,USA,Arizona,Investment,1,Yes,Website,57.4,0,4,1601121.79,400280.4475,1263.96,0.5,0,1,1,14.286215684852994,12.8999231974165,0,0,C2,First-Time Buyers,C2 · First-Time Buyers
C1799,Individual,Cheryl,Freeman,1950-01-11,F,USA,Colorado,Home,5,No,Agency,74.0,0,4,1022792.49,255698.1225,823.6625,0.0,0,0,0,13.838048157498193,12.451756729517426,1,2,C1,Global Investors,C1 · Global Investors
C1800,Individual,James,Campbell,1944-04-13,M,USA,Oregon,Home,1,No,Client,79.7,0,3,1120963.1,373654.3666666667,1301.6499999999999,0.3333333333333333,0,0,0,13.929699676563787,12.831089172072545,1,1,C1,Global Investors,C1 · Global Investors
C1801,Individual,Jose,Howard,1964-02-08,M,USA,California,Home,5,Yes,Website,59.9,0,3,1473065.73,491021.91,1422.97,0.3333333333333333,0,0,1,14.202856996523206,13.10424606556592,0,1,C2,First-Time Buyers,C2 · First-Time Buyers
C1802,Individual,Jack,Morris,1948-03-26,M,USA,Nevada,Investment,1,No,Client,75.8,0,4,1155979.49,288994.8725,1011.5875,0.0,0,1,0,13.96045945090941,12.57416768498566,1,2,C1,Global Investors,C1 · Global Investors
C1803,Individual,Susan,Bennett,1987-04-14,F,Canada,Quebec,Investment,5,No,Agency,36.7,1,3,1329728.19,443242.73,1443.9800000000002,0.3333333333333333,0,1,0,14.100485862923922,13.001875078320332,0,1,C2,First-Time Buyers,C2 · First-Time Buyers
C1804,Individual,Albert,Kim,1989-03-03,M,USA,California,Home,1,No,Website,34.8,0,4,1735376.55,433844.1375,1504.0974999999999,0.0,0,0,0,14.366735555759059,12.980442923368116,0,0,C2,First-Time Buyers,C2 · First-Time Buyers
C1805,Individual,Austin,Kim,1953-01-09,M,UK,Northern Ireland,Investment,3,No,Website,71.0,1,4,1871670.17,467917.5425,1699.3675,0.25,0,1,0,14.442342263538885,13.056049505263363,0,0,C2,First-Time Buyers,C2 · First-Time Buyers
C1806,Individual,Martha,Turner,1967-04-13,F,Australia,New South Wales,Investment,2,No,Agency,56.7,1,3,974821.86,324940.62,1049.3066666666666,0.0,0,1,0,13.79001105142252,12.691400814407105,1,2,C1,Global Investors,C1 · Global Investors
C1807,Individual,Angela,Allen,1957-02-05,F,France,Brittany,Home,5,No,Website,66.9,1,3,1520931.78,506977.26,1469.18,0.3333333333333333,0,0,0,14.234834375656009,13.136223401969541,0,1,C2,First-Time Buyers,C2 · First-Time Buyers
C1808,Individual,Victoria,Stewart,1990-01-08,F,USA,Washington,Investment,2,No,Client,34.0,0,4,1102931.4500000002,275732.86250000005,989.46,0.0,0,1,0,13.913483054293177,12.527191413191108,1,2,C1,Global Investors,C1 · Global Investors
C1809,Individual,Laura,White,1981-05-03,F,USA,New York,Home,4,Yes,Agency,42.7,0,4,1221253.05,305313.2625,1104.2925,0.0,0,0,1,14.01538879860794,12.629096893976374,0,0,C2,First-Time Buyers,C2 · First-Time Buyers
C1810,Individual,Maria,Collins,1945-01-06,F,USA,Texas,Home,3,No,Agency,79.0,0,3,991862.87,330620.95666666667,1138.4233333333334,0.0,0,0,0,13.80734114902783,12.708730876763427,1,1,C1,Global Investors,C1 · Global Investors
C1811,Individual,Stephanie,Williams,1958-02-16,F,USA,California,Home,3,Yes,Agency,65.9,0,4,1189519.9,297379.975,1029.73,0.0,0,0,1,13.989061178978526,12.602769339879238,1,2,C1,Global Investors,C1 · Global Investors
C1812,Individual,Ryan,White,1977-04-18,M,France,Provence,Home,5,Yes,Website,46.7,1,4,1080880.0,270220.0,955.7624999999999,0.25,0,0,1,13.893287007305494,12.50699542169543,1,0,C1,Global Investors,C1 · Global Investors
C1813,Individual,Walter,Jordan,1947-12-02,M,Germany,Hamburg,Investment,3,Yes,Website,76.1,1,4,1552316.39,388079.0975,1294.645,0.5,0,1,1,14.255259462683215,12.868967034155926,0,1,C2,First-Time Buyers,C2 · First-Time Buyers
C1814,Individual,Scott,Roberts,1987-04-07,M,Denmark,North Denmark,Home,2,No,Website,36.7,1,4,1303261.99,325815.4975,1153.0825,0.0,0,0,0,14.080381669969897,12.694089610761877,0,0,C2,First-Time Buyers,C2 · First-Time Buyers
C1815,Individual,Aaron,Carter,1949-03-26,M,USA,California,Home,5,No,Agency,74.8,0,4,1182628.3,295657.075,942.035,0.25,0,0,0,13.983250737979418,12.59695891357682,1,0,C1,Global Investors,C1 · Global Investors
C1816,Individual,Sean,Miller,1962-04-08,M,Canada,Quebec,Home,2,No,Website,61.7,1,4,1078876.87,269719.2175,909.9825,0.0,0,0,0,13.891432049696848,12.505140469240008,1,2,C1,Global Investors,C1 · Global Investors
C1817,Individual,Cynthia,Garcia,1944-07-28,F,USA,Virginia,Home,1,No,Agency,79.4,0,3,1240667.65,413555.8833333333,1412.0199999999998,0.0,0,0,0,14.031161026117847,12.932550349482401,0,1,C2,First-Time Buyers,C2 · First-Time Buyers
C1818,Individual,Christine,Wood,1994-08-17,F,USA,Washington,Investment,5,Yes,Website,29.4,0,3,814797.06,271599.02,851.4266666666667,0.0,0,1,1,13.610695582379572,12.512085748304377,1,2,C1,Global Investors,C1 · Global Investors
C1819,Individual,William,Brown,1963-02-11,M,Russia,Krasnodar Krai,Home,1,No,Website,60.9,1,3,1067644.33,355881.44333333336,1339.7466666666667,0.0,0,0,0,13.88096615533386,12.782355739945267,1,2,C1,Global Investors,C1 · Global Investors
C1820,Individual,Nicholas,Howard,1979-08-21,M,France,Provence,Home,3,No,Website,44.4,1,4,970434.94,242608.735,840.8725,0.0,0,0,0,13.785500672199854,12.399209402469346,1,2,C1,Global Investors,C1 · Global Investors
C1821,Individual,Adam,Smith,1944-10-22,M,USA,Nevada,Home,5,No,Website,79.2,0,4,1733692.6199999999,433423.15499999997,1244.8049999999998,0.5,0,0,0,14.365764730976437,12.979472100264601,0,1,C2,First-Time Buyers,C2 · First-Time Buyers
C1822,Individual,Frank,Weaver,1996-02-28,M,USA,Oregon,Investment,5,Yes,Website,27.8,0,4,1388147.75,347036.9375,1184.81,0.0,0,1,1,14.14348158289464,12.757189382924093,0,0,C2,First-Time Buyers,C2 · First-Time Buyers
C1823,Individual,Jacob,Watson,1967-08-11,M,USA,Oregon,Home,4,Yes,Website,56.4,0,3,993925.86,331308.62,994.8266666666667,0.3333333333333333,0,0,1,13.809418901442527,12.71080862499289,1,1,C1,Global Investors,C1 · Global Investors
C1824,Individual,Jeffrey,Weaver,1962-09-05,M,USA,California,Home,3,No,Website,61.3,0,4,945036.97,236259.2425,857.7574999999999,0.25,0,0,0,13.75898038556287,12.372689198913564,1,2,C1,Global Investors,C1 · Global Investors
C1825,Individual,Eric,Jones,1956-12-28,M,Mexico,Nuevo Leon,Home,2,No,Agency,67.0,1,4,948769.9299999999,237192.48249999998,802.7125,0.0,0,0,0,13.762922668054706,12.376631468915397,1,2,C1,Global Investors,C1 · Global Investors
C1826,Individual,Jack,Williams,1951-06-08,M,USA,Ohio,Home,4,No,Client,72.6,0,4,1300035.21,325008.8025,1159.5325,0.25,0,0,0,14.077902675890007,12.691610622395485,0,0,C2,First-Time Buyers,C2 · First-Time Buyers
C1827,Individual,Donald,Thompson,1973-01-02,M,USA,New York,Home,5,Yes,Website,51.0,0,4,1221529.77,305382.4425,988.7175,0.25,0,0,1,14.015615359702407,12.62932345451436,0,0,C2,First-Time Buyers,C2 · First-Time Buyers
C1828,Individual,William,Wood,1991-11-15,M,USA,California,Investment,2,Yes,Website,32.1,0,4,1199213.25,299803.3125,1114.2125,0.25,0,1,1,13.997177108621871,12.610885249136903,1,0,C1,Global Investors,C1 · Global Investors
C1829,Individual,Rachel,Ward,1997-07-17,F,USA,California,Home,5,Yes,Agency,26.5,0,3,1194095.83,398031.94333333336,1394.21,0.3333333333333333,0,0,1,13.992900666798917,12.894290053035451,0,1,C2,First-Time Buyers,C2 · First-Time Buyers
C1830,Individual,Virginia,Owens,1959-03-20,F,USA,Arizona,Home,3,No,Website,64.8,0,3,1363309.64,454436.54666666663,1487.6599999999999,0.3333333333333333,0,0,0,14.125426593735565,13.026815772083463,0,1,C2,First-Time Buyers,C2 · First-Time Buyers
C1831,Individual,Janice,Smith,1950-09-15,F,Russia,Tatarstan,Home,3,No,Website,73.3,1,4,1004720.27,251180.0675,972.335,0.0,0,0,0,13.82022071772497,12.433929342503369,1,2,C1,Global Investors,C1 · Global Investors
C1832,Individual,Henry,Garcia,1987-04-21,M,USA,Oregon,Investment,1,Yes,Website,36.7,0,4,1282390.94,320597.735,1103.3225,0.0,0,1,1,14.064237595167274,12.677945573423044,0,0,C2,First-Time Buyers,C2 · First-Time Buyers
C1833,Individual,Jennifer,Weaver,1948-01-17,F,USA,Arizona,Investment,1,Yes,Website,76.0,0,3,1132086.83,377362.2766666667,1357.1933333333334,0.0,0,1,1,13.939574123074669,12.84096360105238,1,2,C1,Global Investors,C1 · Global Investors
C1834,Individual,Zachary,Phillips,1963-03-13,M,Belgium,Flanders,Investment,5,No,Agency,60.8,1,4,1222274.5999999999,305568.64999999997,948.835,0.25,0,1,0,14.016224925200072,12.629933018515432,0,0,C2,First-Time Buyers,C2 · First-Time Buyers
C1835,Individual,Nicole,Pierce,1959-10-25,F,Canada,Alberta,Investment,4,Yes,Agency,64.2,1,3,739211.6,246403.86666666667,849.7466666666668,0.0,0,1,1,13.513340844618885,12.414731261528702,1,2,C1,Global Investors,C1 · Global Investors
C1836,Individual,Judy,Wood,1960-10-08,F,USA,California,Investment,1,Yes,Website,63.2,0,4,1213775.31,303443.8275,958.755,0.25,0,1,1,14.009246974974776,12.622955085476937,1,0,C1,Global Investors,C1 · Global Investors
C1837,Individual,Julia,Freeman,1950-04-06,F,USA,California,Home,2,Yes,Client,73.7,0,4,1507583.69,376895.9225,1333.2775,0.0,0,0,1,14.226019385109968,12.839727013926057,0,0,C2,First-Time Buyers,C2 · First-Time Buyers
C1838,Individual,Joyce,Morales,1965-01-14,F,Canada,Alberta,Investment,1,No,Agency,59.0,1,4,1266344.58,316586.145,1030.83,0.25,0,1,0,14.051645814420933,12.665353822319812,0,0,C2,First-Time Buyers,C2 · First-Time Buyers
C1839,Individual,Kyle,Gray,1943-01-21,M,USA,California,Investment,2,No,Agency,80.9,0,4,967894.54,241973.635,821.355,0.0,0,1,0,13.782879447212522,12.39658818559586,1,2,C1,Global Investors,C1 · Global Investors
C1840,Individual,Gerald,Weaver,1986-06-22,M,UK,England,Investment,3,No,Website,37.5,1,3,911506.03,303835.3433333333,1064.7333333333333,0.3333333333333333,0,1,0,13.722854585632824,12.624244491130794,1,1,C1,Global Investors,C1 · Global Investors
C1841,Individual,Austin,Williams,1947-05-27,M,USA,New York,Home,4,No,Website,76.6,0,4,1612088.13,403022.0325,1374.585,0.0,0,0,0,14.293041492083464,12.90674899190113,0,0,C2,First-Time Buyers,C2 · First-Time Buyers
C1842,Company,Rexon,Co,1978-10-08,M,Canada,Alberta,Home,3,Yes,Agency,45.2,1,3,1252827.37,417609.12333333335,1407.5133333333333,0.0,1,0,1,14.04091424923686,12.942303556955336,3,3,C3,Corporate Buyers,C3 · Corporate Buyers
C1843,Individual,Jose,Stone,1952-06-18,M,Germany,Hesse,Home,4,No,Website,71.5,1,4,1487849.65,371962.4125,1218.84,0.25,0,0,0,14.212843119714151,12.826550774923637,0,0,C2,First-Time Buyers,C2 · First-Time Buyers
C1844,Individual,Grace,Howard,1978-07-21,F,USA,Ohio,Home,1,No,Agency,45.4,0,4,1033138.51,258284.6275,837.88,0.25,0,0,0,13.848112792225889,12.461821334872251,1,2,C1,Global Investors,C1 · Global Investors
C1845,Individual,Joshua,Green,1949-09-11,M,USA,California,Investment,1,Yes,Website,74.3,0,3,889124.6799999999,296374.8933333333,972.0533333333333,0.0,0,1,1,13.697993876832374,12.599383837562517,1,2,C1,Global Investors,C1 · Global Investors
C1846,Individual,Sara,Allen,1985-10-26,F,Russia,Novosibirsk,Home,5,Yes,Agency,38.2,1,3,886017.55,295339.18333333335,980.8699999999999,0.0,0,0,1,13.694493166162628,12.595883134781054,1,2,C1,Global Investors,C1 · Global Investors
C1847,Individual,Brian,Griffin,1952-04-01,M,USA,Utah,Home,4,No,Website,71.8,0,4,1080850.85,270212.7125,859.7125,0.0,0,0,0,13.893260038200593,12.506968452665381,1,2,C1,Global Investors,C1 · Global Investors
C1848,Individual,Sarah,Davis,1993-07-17,F,USA,California,Home,2,No,Website,30.5,0,4,1595352.82,398838.205,1295.0974999999999,0.25,0,0,0,14.282606100321289,12.89631361966023,0,0,C2,First-Time Buyers,C2 · First-Time Buyers
C1849,Individual,Joseph,Wilson,1976-09-02,M,Canada,Alberta,Investment,3,Yes,Website,47.3,1,3,1019239.08,339746.36,1016.7633333333333,0.3333333333333333,0,1,1,13.834567887987584,12.735957561563774,1,1,C1,Global Investors,C1 · Global Investors
C1850,Individual,Gregory,Miller,1971-07-25,M,USA,New York,Investment,5,Yes,Agency,52.4,0,4,1380990.75,345247.6875,1176.685,0.0,0,1,1,14.138312458441652,12.752020269671265,0,0,C2,First-Time Buyers,C2 · First-Time Buyers
C1851,Individual,Kimberly,Miller,1954-06-08,F,UK,England,Home,3,Yes,Agency,69.6,1,4,1552543.97,388135.9925,1153.5575,0.75,0,0,1,14.255406058553834,12.869113629743255,0,1,C2,First-Time Buyers,C2 · First-Time Buyers
C1852,Individual,Julie,Hall,1997-12-15,F,USA,Virginia,Home,4,No,Website,26.0,0,3,1674072.07,558024.0233333333,1733.68,0.3333333333333333,0,0,0,14.33077017901919,13.232159085041348,0,1,C2,First-Time Buyers,C2 · First-Time Buyers
C1853,Individual,Jennifer,Owens,1949-02-24,F,USA,Virginia,Investment,4,No,Website,74.9,0,4,1207329.15,301832.2875,1012.5575,0.0,0,1,0,14.003921992089085,12.617630115787676,0,0,C2,First-Time Buyers,C2 · First-Time Buyers
C1854,Company,Rexon,Co,1960-03-23,M,France,Ile-De-France,Investment,1,No,Client,63.8,1,4,1387997.02,346999.255,1104.2925,0.0,1,1,0,14.143372993534902,12.757080793799043,3,3,C3,Corporate Buyers,C3 · Corporate Buyers
C1855,Individual,Gloria,Hansen,1984-02-07,F,USA,California,Home,2,Yes,Website,39.9,0,4,1117305.8599999999,279326.46499999997,874.6275,0.0,0,0,1,13.926431758317888,12.54014008222221,1,2,C1,Global Investors,C1 · Global Investors
C1856,Company,Altira,Co,1994-05-24,M,USA,Virginia,Home,2,No,Website,29.6,0,3,1216231.4300000002,405410.47666666674,1334.1000000000001,0.0,1,0,0,14.011268466334842,12.912657822087901,3,3,C3,Corporate Buyers,C3 · Corporate Buyers
C1857,Individual,Walter,Johnson,1987-03-22,M,USA,California,Investment,2,Yes,Website,36.8,0,3,919814.94,306604.98,932.37,0.3333333333333333,0,1,1,13.731928863792117,12.633318749469698,1,1,C1,Global Investors,C1 · Global Investors
C1858,Individual,Amy,Hayes,1958-06-05,F,USA,Colorado,Home,5,No,Website,65.6,0,3,1161958.29,387319.43,1267.5866666666668,0.0,0,0,0,13.965618181356867,12.867007613917973,0,1,C2,First-Time Buyers,C2 · First-Time Buyers
C1859,Individual,Zachary,Taylor,1943-11-18,M,USA,California,Home,5,Yes,Client,80.1,0,4,1087561.59,271890.3975,862.28,0.5,0,0,1,13.899449594311795,12.51315799165003,1,1,C1,Global Investors,C1 · Global Investors
C1860,Company,Caldera,Co,1970-07-17,F,USA,California,Home,4,Yes,Agency,53.5,0,4,1661197.49,415299.3725,1338.8999999999999,0.0,1,0,1,14.323049881756862,12.936757326560413,3,3,C3,Corporate Buyers,C3 · Corporate Buyers
C1861,Individual,Nathan,Evans,1982-01-08,M,USA,California,Investment,3,Yes,Website,42.0,0,4,1475178.95,368794.7375,1239.9025000000001,0.0,0,1,1,14.204290540314663,12.817998212842904,0,0,C2,First-Time Buyers,C2 · First-Time Buyers
C1862,Individual,Joshua,Long,1953-08-22,M,USA,California,Home,1,Yes,Website,70.4,0,3,988771.17,329590.39,1076.69,0.0,0,0,1,13.804219220062942,12.705608954103438,1,2,C1,Global Investors,C1 · Global Investors
C1863,Individual,Megan,Hansen,1948-03-04,F,UK,Scotland,Home,3,No,Website,75.8,1,4,1281313.02,320328.255,1039.19,0.0,0,0,0,14.063396687449822,12.677104667673616,0,0,C2,First-Time Buyers,C2 · First-Time Buyers
C1864,Individual,Hannah,Weaver,1972-04-25,F,USA,New York,Home,5,Yes,Website,51.7,0,4,1131730.6,282932.65,1027.325,0.25,0,0,1,13.939259407158533,12.55296769684032,1,0,C1,Global Investors,C1 · Global Investors
C1865,Individual,Sean,Rogers,1974-01-11,M,USA,Arizona,Investment,4,No,Website,50.0,0,3,1092253.24,364084.41333333333,1196.1733333333334,0.3333333333333333,0,1,0,13.903754228701318,12.805143771107051,1,1,C1,Global Investors,C1 · Global Investors
C1866,Individual,Joyce,Martin,1971-08-23,F,USA,Nevada,Home,2,No,Agency,52.4,0,4,1620195.43,405048.8575,1380.26,0.0,0,0,0,14.298057952944426,12.911765443450157,0,0,C2,First-Time Buyers,C2 · First-Time Buyers
C1867,Individual,Robert,Richardson,1952-01-13,M,USA,California,Home,2,Yes,Website,72.0,0,3,761781.8,253927.2666666667,791.0400000000001,0.3333333333333333,0,0,1,13.543416754667263,12.44480709141597,1,1,C1,Global Investors,C1 · Global Investors
C1868,Individual,Michelle,Thomas,1975-11-28,F,UK,Wales,Home,1,No,Website,48.1,1,4,1469394.43,367348.6075,1198.3725,0.25,0,0,0,14.200361602050506,12.814069282584533,0,0,C2,First-Time Buyers,C2 · First-Time Buyers
C1869,Individual,Margaret,Campbell,1975-10-05,F,Mexico,Nuevo Leon,Home,5,No,Client,48.2,1,4,1335399.36,333849.84,1132.7375,0.25,0,0,0,14.104741699988017,12.718449585382894,0,0,C2,First-Time Buyers,C2 · First-Time Buyers
C1870,Individual,Lawrence,Moore,1980-10-13,M,USA,Washington,Investment,1,No,Agency,43.2,0,3,680865.94,226955.31333333332,842.68,0.3333333333333333,0,1,0,13.43112217690708,12.332512825666159,1,1,C1,Global Investors,C1 · Global Investors
C1871,Individual,Amy,Reyes,1961-10-18,F,USA,Texas,Home,1,Yes,Website,62.2,0,4,1096466.77,274116.6925,1000.415,0.25,0,0,1,13.90760445288323,12.52131282781813,1,2,C1,Global Investors,C1 · Global Investors
C1872,Individual,Raymond,Jones,1940-10-23,M,Mexico,Mexico City,Home,5,No,Client,83.2,1,3,1284121.27,428040.42333333334,1452.2633333333333,0.0,0,0,0,14.065585984555048,12.96697525336981,0,1,C2,First-Time Buyers,C2 · First-Time Buyers
C1873,Individual,Cheryl,Collins,1959-03-10,F,Canada,British Columbia,Home,5,No,Agency,64.8,1,4,841611.53,210402.8825,727.265,0.25,0,0,0,13.643075009162738,12.256784212622206,1,2,C1,Global Investors,C1 · Global Investors
C1874,Individual,Justin,Cooper,1972-11-18,M,USA,Colorado,Investment,1,No,Agency,51.1,0,3,1058361.99,352787.33,1125.17,0.0,0,1,0,13.872233923295454,12.773623524336385,1,2,C1,Global Investors,C1 · Global Investors
C1875,Individual,Melissa,Roberts,1943-09-13,F,USA,Nevada,Home,2,No,Client,80.3,0,3,1220153.8599999999,406717.9533333333,1339.73,0.3333333333333333,0,0,0,14.014488343080176,12.915877693546923,0,1,C2,First-Time Buyers,C2 · First-Time Buyers
C1876,Company,Bravada,Co,1981-03-17,M,USA,Ohio,Investment,4,Yes,Website,42.8,0,3,1543986.34,514662.11333333334,1523.6933333333334,0.0,1,1,1,14.249878810051378,13.151267816729838,3,3,C3,Corporate Buyers,C3 · Corporate Buyers
C1877,Individual,Walter,Bryant,1961-09-16,M,USA,Arizona,Home,5,No,Agency,62.3,0,3,905899.79,301966.5966666667,1008.13,0.3333333333333333,0,0,0,13.716685075717933,12.61807499479466,1,1,C1,Global Investors,C1 · Global Investors
C1878,Individual,Paul,Rogers,1967-10-07,M,USA,Washington,Home,5,No,Agency,56.2,0,3,958603.36,319534.4533333333,1097.4366666666667,0.0,0,0,0,13.773233713996929,12.674623511693117,1,2,C1,Global Investors,C1 · Global Investors
C1879,Individual,Deborah,Roberts,1977-01-23,F,USA,New York,Home,3,No,Website,46.9,0,3,1536294.68,512098.2266666666,1504.28,0.3333333333333333,0,0,0,14.244884674164007,13.14627368732778,0,1,C2,First-Time Buyers,C2 · First-Time Buyers
C1880,Individual,Joan,Morales,1998-01-22,F,USA,California,Home,5,Yes,Client,25.9,0,4,1319939.53,329984.8825,1053.27,0.0,0,0,1,14.093097240517332,12.706805152224529,0,0,C2,First-Time Buyers,C2 · First-Time Buyers
C1881,Individual,Brenda,Phillips,1989-09-13,F,USA,Oregon,Home,2,Yes,Website,34.3,0,3,972731.0900000001,324243.6966666667,1127.1499999999999,0.3333333333333333,0,0,1,13.78786397895795,12.68925374635231,1,1,C1,Global Investors,C1 · Global Investors
C1882,Individual,Deborah,Turner,1960-03-22,F,USA,Virginia,Investment,3,No,Website,63.8,0,3,884144.1,294714.7,934.4333333333334,0.0,0,1,0,13.692376468421733,12.593766441823206,1,2,C1,Global Investors,C1 · Global Investors
C1883,Individual,Sean,Peterson,1941-02-11,M,USA,California,Home,1,No,Agency,82.9,0,4,1877399.3199999998,469349.82999999996,1489.11,0.0,0,0,0,14.445398569333506,13.059105806166684,0,0,C2,First-Time Buyers,C2 · First-Time Buyers
C1884,Individual,Terry,Bell,1954-08-06,M,USA,Nevada,Home,5,Yes,Website,69.4,0,3,930994.2100000001,310331.4033333334,997.4133333333333,0.0,0,0,1,13.744009411240597,12.645399270808946,1,2,C1,Global Investors,C1 · Global Investors
C1885,Individual,Ryan,Bell,1967-10-26,M,Germany,Hamburg,Home,1,Yes,Agency,56.2,1,4,1740983.97,435245.9925,1564.0774999999999,0.0,0,0,1,14.369961585743503,12.98366894778462,0,0,C2,First-Time Buyers,C2 · First-Time Buyers
C1886,Individual,Maria,Richardson,1999-11-16,F,USA,California,Home,5,No,Website,24.1,0,3,774293.9299999999,258097.97666666665,842.68,0.0,0,0,0,13.559708126503708,12.461098420827348,1,2,C1,Global Investors,C1 · Global Investors
C1887,Individual,Emma,Campbell,1986-01-07,F,USA,Oregon,Investment,1,No,Agency,38.0,0,3,822999.76,274333.25333333336,941.2099999999999,0.0,0,1,0,13.62071240310957,12.522102544569922,1,2,C1,Global Investors,C1 · Global Investors
C1888,Individual,Donald,Griffin,1962-08-06,M,USA,California,Home,3,No,Website,61.4,0,4,981962.01,245490.5025,820.9224999999999,0.0,0,0,0,13.797308918602706,12.411017612583045,1,2,C1,Global Investors,C1 · Global Investors
C1889,Individual,Matthew,Richardson,1987-07-10,M,USA,California,Home,4,Yes,Website,36.5,0,3,1193609.3,397869.76666666666,1205.9633333333334,0.3333333333333333,0,0,1,13.99249313775097,12.893882524670213,0,1,C2,First-Time Buyers,C2 · First-Time Buyers
C1890,Individual,Mark,Nelson,1954-03-12,M,Canada,Ontario,Home,4,No,Client,69.8,1,4,1209659.27,302414.8175,1042.1725000000001,0.25,0,0,0,14.005850109555002,12.619558228467195,0,0,C2,First-Time Buyers,C2 · First-Time Buyers
C1891,Individual,Gary,James,1972-06-02,M,USA,Oregon,Home,2,No,Agency,51.6,0,4,1466482.7999999998,366620.69999999995,1244.8049999999998,0.25,0,0,0,14.198378120628774,12.8120858052164,0,0,C2,First-Time Buyers,C2 · First-Time Buyers
C1892,Individual,Nancy,Jones,1951-06-06,F,USA,Nevada,Investment,5,Yes,Agency,72.6,0,3,978638.94,326212.98,1033.4833333333333,0.0,0,1,1,13.793919070411224,12.695308825393566,1,2,C1,Global Investors,C1 · Global Investors
C1893,Individual,Ann,Davis,1962-12-27,F,USA,Washington,Home,1,Yes,Website,61.0,0,4,1458732.84,364683.21,1146.0149999999999,0.25,0,0,1,14.193079384543822,12.806787079999868,0,1,C2,First-Time Buyers,C2 · First-Time Buyers
C1894,Individual,Joyce,Hall,1944-03-11,F,USA,Texas,Investment,4,No,Website,79.8,0,4,1284918.37,321229.5925,1027.81,0.25,0,1,0,14.066206527261064,12.679914500915299,0,0,C2,First-Time Buyers,C2 · First-Time Buyers
C1895,Company,Caldera,Co,1969-01-07,M,USA,Nevada,Investment,4,No,Agency,55.0,0,3,1170571.86,390190.62000000005,1308.5133333333333,0.3333333333333333,1,1,0,13.973003810878877,12.874393230774464,3,3,C3,Corporate Buyers,C3 · Corporate Buyers
C1896,Individual,Andrew,Bryant,1955-06-17,M,USA,Virginia,Investment,3,No,Agency,68.5,0,3,1158311.0,386103.6666666667,1139.1533333333334,0.0,0,1,0,13.962474330877132,12.863863768858037,0,1,C2,First-Time Buyers,C2 · First-Time Buyers
C1897,Individual,Catherine,Rogers,1950-12-27,F,Canada,Ontario,Home,2,No,Website,73.0,1,4,1108918.3399999999,277229.58499999996,941.61,0.0,0,0,0,13.918896531496227,12.532604875709207,1,0,C1,Global Investors,C1 · Global Investors
C1898,Individual,Daniel,James,1979-01-05,M,USA,New York,Home,1,Yes,Website,45.0,0,4,1159717.54,289929.385,951.8199999999999,0.25,0,0,1,13.963687895710168,12.577396121421492,1,2,C1,Global Investors,C1 · Global Investors
C1899,Individual,Joe,Mitchell,1996-04-05,M,UK,England,Home,3,No,Website,27.7,1,3,1001627.28,333875.76,1221.3833333333334,0.0,0,0,0,13.817137513753657,12.718527221832288,1,1,C1,Global Investors,C1 · Global Investors
C1900,Individual,Rachel,Griffin,1998-09-07,F,UK,England,Investment,4,No,Client,25.3,1,4,1185889.79,296472.4475,1210.7375000000002,0.25,0,1,0,13.98600477166925,12.599712940290066,1,1,C1,Global Investors,C1 · Global Investors
C1901,Individual,Justin,Stewart,1982-09-17,M,Canada,British Columbia,Home,4,No,Agency,41.3,1,4,1357680.7,339420.175,1151.37,0.25,0,0,0,14.12128917082036,12.73499701934702,0,0,C2,First-Time Buyers,C2 · First-Time Buyers
C1902,Company,Grandis,Co,1980-11-09,M,USA,Colorado,Investment,2,No,Agency,43.1,0,4,1127600.93,281900.2325,885.395,0.25,1,1,0,13.935603749820487,12.54931204921042,3,3,C3,Corporate Buyers,C3 · Corporate Buyers
C1903,Individual,Nicole,Bennett,1991-12-01,F,USA,Nevada,Home,2,No,Website,32.1,0,4,1453139.0699999998,363284.76749999996,1192.72,0.0,0,0,0,14.18923733845677,12.802945041829467,0,0,C2,First-Time Buyers,C2 · First-Time Buyers
C1904,Individual,Christian,Nelson,1949-03-23,M,USA,Texas,Home,2,Yes,Website,74.8,0,4,1337265.67,334316.4175,1073.7375,0.0,0,0,1,14.106138290197272,12.719846172456881,0,0,C2,First-Time Buyers,C2 · First-Time Buyers
C1905,Individual,James,Morris,1961-02-02,M,USA,Virginia,Home,1,No,Website,62.9,0,3,1180529.35,393509.7833333334,1354.2933333333333,0.3333333333333333,0,0,0,13.981474344622374,12.882863750106646,0,1,C2,First-Time Buyers,C2 · First-Time Buyers
C1906,Individual,Michelle,Adams,1955-09-15,F,USA,California,Home,2,No,Agency,68.3,0,4,1487182.67,371795.6675,1158.6325,0.5,0,0,0,14.212394734963299,12.826102391077079,0,1,C2,First-Time Buyers,C2 · First-Time Buyers
C1907,Individual,Kyle,Wright,1950-03-12,M,USA,Colorado,Home,3,No,Website,73.8,0,4,1751481.1500000001,437870.28750000003,1349.2,0.75,0,0,0,14.375972930303117,12.989680282016801,0,1,C2,First-Time Buyers,C2 · First-Time Buyers
C1908,Individual,Andrea,Moore,1976-03-28,F,USA,California,Home,2,No,Website,47.8,0,4,1543714.5,385928.625,1324.385,0.25,0,0,0,14.249702730930563,12.863410313172052,0,1,C2,First-Time Buyers,C2 · First-Time Buyers
C1909,Individual,Heather,Pierce,1985-12-04,F,USA,California,Investment,2,No,Agency,38.1,0,3,1238663.76,412887.92,1313.16,0.3333333333333333,0,1,0,14.029544550957013,12.930933876929483,0,1,C2,First-Time Buyers,C2 · First-Time Buyers
C1910,Company,Telnox,Co,1985-10-04,M,USA,California,Home,2,Yes,Agency,38.2,0,4,816793.9099999999,204198.47749999998,735.11,0.0,1,0,1,13.613143314177524,12.226852625943513,3,3,C3,Corporate Buyers,C3 · Corporate Buyers
C1911,Individual,Noah,Murray,1989-01-11,M,USA,California,Home,5,No,Agency,35.0,0,3,1195691.95,398563.98333333334,1268.0466666666669,0.0,0,0,0,13.994236449762498,12.895625833763217,0,1,C2,First-Time Buyers,C2 · First-Time Buyers
C1912,Individual,Amanda,Jackson,1954-07-26,F,USA,Utah,Investment,1,No,Website,69.4,0,3,863871.21,287957.07,952.0733333333334,0.6666666666666666,0,1,0,13.669180131754564,12.570570158241011,1,1,C1,Global Investors,C1 · Global Investors
C1913,Individual,Gary,King,1980-11-12,M,France,Provence,Home,5,No,Website,43.1,1,4,1210353.53,302588.3825,972.245,0.0,0,0,0,14.006423874656807,12.620131992146455,0,0,C2,First-Time Buyers,C2 · First-Time Buyers
C1914,Individual,Brenda,Gray,1993-08-24,F,UK,Scotland,Home,4,Yes,Website,30.4,1,3,1553786.78,517928.9266666667,1584.7333333333333,0.3333333333333333,0,0,1,14.256206236877494,13.157595235385624,0,1,C2,First-Time Buyers,C2 · First-Time Buyers
C1915,Individual,Angela,Williams,1964-06-09,F,USA,Arizona,Investment,4,No,Client,59.6,0,3,1015184.58,338394.86,1076.6899999999998,0.3333333333333333,0,1,0,13.83058199118372,12.731971672596815,1,1,C1,Global Investors,C1 · Global Investors
C1916,Individual,Zachary,Weaver,1948-10-15,M,USA,California,Investment,2,No,Website,75.2,0,3,1257058.52,419019.50666666665,1303.7766666666666,0.0,0,1,0,14.044285837286692,12.945675139631877,0,1,C2,First-Time Buyers,C2 · First-Time Buyers
C1917,Individual,Angela,Montgomery,1971-09-16,F,Australia,New South Wales,Home,2,No,Client,52.3,1,4,1007433.23,251858.3075,820.9224999999999,0.0,0,0,0,13.822917290275095,12.43662590701266,1,2,C1,Global Investors,C1 · Global Investors
C1918,Individual,Dorothy,Murray,1940-09-17,F,USA,California,Home,1,No,Client,83.3,0,4,1019401.51,254850.3775,765.6675,0.5,0,0,0,13.834727239117733,12.44843582089386,1,1,C1,Global Investors,C1 · Global Investors
C1919,Company,Vantage,Co,1968-01-19,F,USA,Nevada,Investment,1,No,Website,56.0,0,4,1083015.76,270753.94,929.2725,0.0,1,1,0,13.895261001394315,12.508969410310822,3,3,C3,Corporate Buyers,C3 · Corporate Buyers
C1920,Individual,Jonathan,Pierce,1969-10-26,M,Germany,North Rhine-Westphalia,Home,5,No,Agency,54.2,1,4,1523588.92,380897.23,1278.045,0.0,0,0,0,14.236579897655012,12.850287505566952,0,0,C2,First-Time Buyers,C2 · First-Time Buyers
C1921,Individual,Carolyn,Adams,1956-12-24,F,France,Provence,Home,5,No,Website,67.0,1,3,980793.6799999999,326931.2266666666,1089.46,0.6666666666666666,0,0,0,13.796118420005817,12.697508170498402,1,1,C1,Global Investors,C1 · Global Investors
C1922,Individual,Jessica,Garcia,1988-01-09,F,USA,California,Home,1,No,Agency,36.0,0,3,1549836.17,516612.05666666664,1592.1233333333332,0.0,0,0,0,14.253660431764219,13.155049433553422,0,1,C2,First-Time Buyers,C2 · First-Time Buyers
C1923,Individual,Sarah,Cooper,1947-03-07,F,Mexico,Jalisco,Investment,1,Yes,Client,76.8,1,4,1302917.16,325729.29,1140.38,0.25,0,1,1,14.080117045231887,12.693824986633091,0,0,C2,First-Time Buyers,C2 · First-Time Buyers
C1924,Individual,Joe,Cooper,1958-01-03,M,USA,California,Home,3,No,Client,66.0,0,4,1453954.37,363488.5925,1253.3075,0.0,0,0,0,14.189798241969024,12.803505944184066,0,0,C2,First-Time Buyers,C2 · First-Time Buyers
C1925,Individual,Jordan,Baker,1942-01-19,M,USA,Colorado,Home,2,No,Agency,81.9,0,4,1165252.94,291313.235,1093.05,0.25,0,0,0,13.96844959547793,12.582157808900837,1,2,C1,Global Investors,C1 · Global Investors
C1926,Individual,Joshua,Watson,1997-11-05,M,Mexico,Puebla,Home,1,Yes,Website,26.2,1,4,1238034.03,309508.5075,1014.73,0.25,0,0,1,14.02903602746449,12.642744089536427,0,2,C2,First-Time Buyers,C2 · First-Time Buyers
C1927,Individual,Victoria,Long,1952-11-05,F,USA,California,Investment,1,Yes,Website,71.2,0,4,1325474.94,331368.735,1280.6875,0.0,0,1,1,14.097282152905583,12.710990055121085,0,0,C2,First-Time Buyers,C2 · First-Time Buyers
C1928,Individual,Paul,Scott,1998-02-20,M,Australia,New South Wales,Home,4,Yes,Client,25.9,1,3,741930.22,247310.07333333333,736.0433333333334,0.0,0,0,1,13.517011822435242,12.418402229431164,1,2,C1,Global Investors,C1 · Global Investors
C1929,Individual,Angela,Baker,1941-10-24,F,Mexico,Jalisco,Home,1,Yes,Agency,82.2,1,4,1329874.96,332468.74,1127.175,0.0,0,0,1,14.100596232690762,12.714304127417813,0,2,C2,First-Time Buyers,C2 · First-Time Buyers
C1930,Individual,Rachel,Adams,1966-01-22,F,USA,Colorado,Investment,3,No,Agency,57.9,0,4,1184992.23,296248.0575,990.9875000000001,0.0,0,1,0,13.98524761945488,12.598955789991818,1,2,C1,Global Investors,C1 · Global Investors
C1931,Individual,Melissa,Jackson,1995-05-01,F,USA,Utah,Home,5,Yes,Website,28.7,0,4,1323884.1099999999,330971.02749999997,1047.99,0.0,0,0,1,14.096081236789457,12.709789141724663,0,0,C2,First-Time Buyers,C2 · First-Time Buyers
C1932,Individual,Dorothy,Allen,1962-05-13,F,USA,California,Investment,2,No,Website,61.6,0,4,1713149.19,428287.2975,1342.1525000000001,0.0,0,1,0,14.353844450053666,12.967551840092192,0,0,C2,First-Time Buyers,C2 · First-Time Buyers
C1933,Company,Oasis,Co,1994-04-05,F,Australia,Queensland,Home,1,No,Client,29.7,1,3,822428.05,274142.68333333335,851.87,0.3333333333333333,1,0,0,13.62001749650276,12.521407639652407,3,3,C3,Corporate Buyers,C3 · Corporate Buyers
C1934,Individual,Noah,Montgomery,1978-03-25,M,France,Ile-De-France,Investment,4,Yes,Client,45.8,1,4,1719384.46,429846.115,1422.9925,0.25,0,1,1,14.357477494248432,12.971184877936471,0,0,C2,First-Time Buyers,C2 · First-Time Buyers
C1935,Individual,Ashley,Young,1983-04-14,F,USA,Arizona,Home,5,No,Website,40.7,0,3,1205890.37,401963.4566666667,1357.1933333333334,0.3333333333333333,0,0,0,14.00272957758544,12.904118947440137,0,1,C2,First-Time Buyers,C2 · First-Time Buyers
C1936,Individual,Jeffrey,Brown,1984-02-24,M,Russia,Krasnodar Krai,Home,1,Yes,Agency,39.9,1,3,965899.1000000001,321966.3666666667,992.2199999999999,0.0,0,0,1,13.780815691697768,12.682205473635024,1,2,C1,Global Investors,C1 · Global Investors
C1937,Individual,Ashley,Richardson,1961-03-16,F,USA,Arizona,Home,3,Yes,Website,62.8,0,4,1707838.06,426959.515,1419.32,0.25,0,0,1,14.350739421724718,12.964446817209085,0,1,C2,First-Time Buyers,C2 · First-Time Buyers
C1938,Individual,Peter,Anderson,1973-07-28,M,Canada,Quebec,Home,4,Yes,Website,50.4,1,3,1154671.2,384890.39999999997,1205.9633333333334,0.3333333333333333,0,0,1,13.959327052132677,12.860716495556384,0,1,C2,First-Time Buyers,C2 · First-Time Buyers
C1939,Individual,Gloria,White,1979-06-09,F,USA,Florida,Investment,1,Yes,Agency,44.6,0,3,674304.95,224768.31666666665,839.1433333333334,0.0,0,1,1,13.421439218649336,12.32282989598951,1,2,C1,Global Investors,C1 · Global Investors
C1940,Individual,Barbara,Turner,1997-02-01,F,Canada,Manitoba,Home,4,No,Agency,26.9,1,4,1403901.1400000001,350975.28500000003,1216.595,0.0,0,0,0,14.154766160283975,12.768473936062883,0,0,C2,First-Time Buyers,C2 · First-Time Buyers
C1941,Individual,Maria,James,1943-05-20,F,USA,Nevada,Home,5,No,Client,80.6,0,4,1368615.25,342153.8125,1140.38,0.0,0,0,0,14.129310750877364,12.743018581750087,0,0,C2,First-Time Buyers,C2 · First-Time Buyers
C1942,Company,Stratos,Co,1984-11-10,F,USA,Nevada,Home,2,Yes,Agency,39.1,0,3,1133984.52,377994.84,1313.16,0.0,1,0,1,13.941248994228875,12.842638469250161,3,3,C3,Corporate Buyers,C3 · Corporate Buyers
C1943,Individual,Eric,Long,1973-01-04,M,USA,Arizona,Home,1,No,Website,51.0,0,3,967521.23,322507.07666666666,1042.71,0.0,0,0,0,13.782493680366299,12.68388345883202,1,2,C1,Global Investors,C1 · Global Investors
C1944,Individual,Henry,Pierce,1986-02-15,M,USA,California,Investment,1,No,Website,37.9,0,4,1971083.9300000002,492770.98250000004,1602.67,0.0,0,1,0,14.494094675008649,13.107801835892033,0,0,C2,First-Time Buyers,C2 · First-Time Buyers
C1945,Individual,Sean,Johnson,1967-02-26,M,Mexico,Mexico City,Investment,3,No,Website,56.8,1,4,1112541.88,278135.47,939.4875,0.0,0,1,0,13.922158836099962,12.535867171501716,1,2,C1,Global Investors,C1 · Global Investors
C1946,Individual,Mark,Bell,1955-01-15,M,USA,California,Home,1,No,Agency,69.0,0,3,1056227.37,352075.79000000004,1111.25,0.3333333333333333,0,0,0,13.870214979337332,12.77160458419733,1,1,C1,Global Investors,C1 · Global Investors
C1947,Individual,Walter,Mitchell,1979-02-02,M,USA,Nevada,Home,3,No,Website,44.9,0,3,1247905.56,415968.52,1328.47,0.0,0,0,0,14.036977953313606,12.93836726732831,0,1,C2,First-Time Buyers,C2 · First-Time Buyers
C1948,Individual,Melissa,Harris,1955-04-01,F,USA,Arizona,Home,2,No,Agency,68.8,0,3,1530233.0,510077.6666666667,1527.8633333333335,0.0,0,0,0,14.24093122285078,13.142320241171465,0,1,C2,First-Time Buyers,C2 · First-Time Buyers
C1949,Individual,Christina,James,1955-07-20,F,USA,Colorado,Home,2,Yes,Agency,68.5,0,3,1020270.72,340090.24,1274.52,0.0,0,0,1,13.835579541941225,12.73696921353331,1,2,C1,Global Investors,C1 · Global Investors
C1950,Individual,Edward,Weaver,1975-03-27,M,USA,Ohio,Home,4,No,Agency,48.8,0,4,1033306.43,258326.6075,933.355,0.0,0,0,0,13.848275312731129,12.46198385490561,1,0,C1,Global Investors,C1 · Global Investors
C1951,Individual,Alexander,Murray,1996-09-08,M,USA,Utah,Home,1,Yes,Website,27.3,0,4,1128864.17,282216.0425,972.335,0.25,0,0,1,13.936723411730888,12.550431708143618,1,2,C1,Global Investors,C1 · Global Investors
C1952,Company,Optima,Co,1992-05-06,M,USA,Nevada,Home,3,No,Agency,31.7,0,3,1235262.65,411754.2166666666,1451.5366666666669,0.3333333333333333,1,0,0,14.026794987041598,12.92818431745973,3,3,C3,Corporate Buyers,C3 · Corporate Buyers
C1953,Individual,Donald,Miller,1972-10-16,M,Germany,Bavaria,Home,1,Yes,Website,51.2,1,4,1199064.43,299766.1075,946.6525,0.5,0,0,1,13.997053002996132,12.610761143821652,1,2,C1,Global Investors,C1 · Global Investors
C1954,Individual,Judy,Roberts,1966-09-03,F,Australia,Western Australia,Investment,3,No,Website,57.3,1,3,809731.0700000001,269910.3566666667,899.9899999999999,0.0,0,1,0,13.604458694151807,12.505848875433456,1,2,C1,Global Investors,C1 · Global Investors
C1955,Individual,Benjamin,Wright,1998-05-20,M,Canada,Quebec,Home,1,No,Website,25.6,1,4,1707150.06,426787.515,1380.26,0.0,0,0,0,14.350336492295856,12.964043888488154,0,0,C2,First-Time Buyers,C2 · First-Time Buyers
C1956,Individual,Julie,Weaver,1967-08-21,F,USA,Oregon,Home,2,No,Agency,56.4,0,4,1224023.79,306005.9475,920.7075,0.5,0,0,0,14.017654995117288,12.631363084925146,0,2,C2,First-Time Buyers,C2 · First-Time Buyers
C1957,Individual,Adam,Howard,1962-09-24,M,USA,California,Home,4,Yes,Website,61.3,0,4,1318838.26,329709.565,1150.2,0.25,0,0,1,14.092262559224023,12.705970472829097,0,1,C2,First-Time Buyers,C2 · First-Time Buyers
C1958,Individual,Susan,Foster,1970-10-09,F,USA,California,Home,3,No,Website,53.2,0,4,1567012.19,391753.0475,1287.0549999999998,0.0,0,0,0,14.264681938660742,12.878389492009182,0,0,C2,First-Time Buyers,C2 · First-Time Buyers
C1959,Individual,Judy,Morales,1942-02-20,F,USA,Texas,Home,1,No,Website,81.9,0,3,626084.02,208694.67333333334,753.3133333333334,0.0,0,0,0,13.347241455556741,12.248632361337853,1,2,C1,Global Investors,C1 · Global Investors
C1960,Individual,Dorothy,Brown,1987-08-02,F,USA,Colorado,Home,2,Yes,Website,36.4,0,3,1196488.96,398829.6533333333,1350.4933333333333,0.0,0,0,1,13.994902795154532,12.89629217804105,0,1,C2,First-Time Buyers,C2 · First-Time Buyers
C1961,Individual,William,Campbell,1994-09-26,M,USA,California,Home,5,No,Agency,29.3,0,4,1289265.38,322316.345,1138.4975,0.0,0,0,0,14.06958391689358,12.68329188267568,0,0,C2,First-Time Buyers,C2 · First-Time Buyers
C1962,Individual,Kimberly,Harris,1995-08-01,F,Mexico,Puebla,Home,5,No,Agency,28.4,1,3,971475.24,323825.08,1108.1033333333332,0.0,0,0,0,13.786572090475335,12.687961860527613,1,2,C1,Global Investors,C1 · Global Investors
C1963,Company,Terova,Co,1968-03-01,M,USA,Texas,Home,5,No,Website,55.8,0,3,983925.13,327975.04333333333,1090.7733333333333,0.0,1,0,0,13.7993061020782,12.700695846080945,3,3,C3,Corporate Buyers,C3 · Corporate Buyers
C1964,Individual,Kevin,Martin,1972-06-17,M,USA,Virginia,Home,5,No,Agency,51.5,0,3,1149434.67,383144.88999999996,1359.24,0.3333333333333333,0,0,0,13.954781658156985,12.856171109471644,0,1,C2,First-Time Buyers,C2 · First-Time Buyers
C1965,Individual,Sean,Wright,1997-01-09,M,USA,California,Home,4,No,Agency,27.0,0,3,1489053.39,496351.12999999995,1579.3133333333335,0.3333333333333333,0,0,0,14.213651838870074,13.115040893335346,0,1,C2,First-Time Buyers,C2 · First-Time Buyers
C1966,Individual,Ronald,Howard,1964-02-10,M,Canada,British Columbia,Home,1,No,Agency,59.9,1,4,1210176.2,302544.05,1111.6475,0.5,0,0,0,14.006277353131706,12.619985470984549,1,2,C1,Global Investors,C1 · Global Investors
C1967,Individual,Roger,Bryant,1957-10-09,M,USA,Oregon,Investment,4,No,Agency,66.2,0,3,747143.37,249047.79,859.2633333333333,0.0,0,1,0,13.52401371184034,12.425404100027471,1,2,C1,Global Investors,C1 · Global Investors
C1968,Individual,Judy,Griffin,1958-11-02,F,USA,California,Investment,3,Yes,Client,65.2,0,3,987718.99,329239.66333333333,1072.7266666666667,0.0,0,1,1,13.803154525630363,12.704544261825571,1,2,C1,Global Investors,C1 · Global Investors
C1969,Individual,Jesse,James,1993-06-14,M,USA,Colorado,Investment,2,Yes,Agency,30.5,0,4,1030940.4299999999,257735.10749999998,854.58,0.25,0,1,1,13.845982952462034,12.459691501299535,1,2,C1,Global Investors,C1 · Global Investors
C1970,Individual,Raymond,Howard,1978-02-25,M,USA,Arizona,Investment,4,Yes,Website,45.8,0,3,1346312.7000000002,448770.9000000001,1361.7433333333333,0.3333333333333333,0,1,1,14.112880822953581,13.014270019822249,0,1,C2,First-Time Buyers,C2 · First-Time Buyers
C1971,Individual,Emma,Jordan,1976-07-18,F,USA,Virginia,Home,5,No,Website,47.5,0,3,673422.3200000001,224474.1066666667,775.5666666666666,0.0,0,0,0,13.420129415344128,12.32152009657173,1,2,C1,Global Investors,C1 · Global Investors
C1972,Individual,Carol,Wilson,1972-01-05,F,USA,California,Home,4,Yes,Website,52.0,0,3,943260.84,314420.27999999997,1077.3333333333333,0.3333333333333333,0,0,1,13.75709919009339,12.65848902172507,1,1,C1,Global Investors,C1 · Global Investors
C1973,Company,Oasis,Co,1993-09-13,M,USA,Washington,Home,4,Yes,Agency,30.3,0,4,1450499.68,362624.92,1214.7825,0.25,1,0,1,14.187419351347346,12.801127058476673,3,3,C3,Corporate Buyers,C3 · Corporate Buyers
C1974,Individual,Keith,Peterson,1950-04-09,M,USA,Nevada,Home,5,Yes,Agency,73.7,0,4,968686.8500000001,242171.71250000002,809.6575,0.25,0,0,1,13.783697702752974,12.397406438601168,1,2,C1,Global Investors,C1 · Global Investors
C1975,Individual,Dorothy,Campbell,1975-08-05,F,Belgium,Wallonia,Home,4,No,Agency,48.4,1,3,985031.21,328343.73666666663,1023.8800000000001,0.3333333333333333,0,0,0,13.80042962012719,12.701819361847477,1,1,C1,Global Investors,C1 · Global Investors
C1976,Individual,Albert,Wilson,1995-05-03,M,USA,Florida,Home,5,No,Client,28.7,0,4,1146120.65,286530.1625,1030.29,0.0,0,0,0,13.951894322455576,12.56560257885545,1,0,C1,Global Investors,C1 · Global Investors
C1977,Individual,Jason,Bennett,1994-04-07,M,USA,Virginia,Home,1,No,Website,29.7,0,4,2001430.4300000002,500357.60750000004,1577.2325,0.25,0,0,0,14.50937319752238,13.123080335328563,0,0,C2,First-Time Buyers,C2 · First-Time Buyers
C1978,Company,Summit,Co,1967-02-06,F,USA,California,Investment,5,Yes,Website,56.9,0,3,1205900.67,401966.88999999996,1290.0866666666668,0.3333333333333333,1,1,1,14.002738118948507,12.90412748878904,3,3,C3,Corporate Buyers,C3 · Corporate Buyers
C1979,Individual,Brian,Richardson,1942-05-25,M,USA,Colorado,Home,3,Yes,Agency,81.6,0,4,1287568.79,321892.1975,1014.73,0.25,0,0,1,14.06826711587619,12.681975084724373,0,2,C2,First-Time Buyers,C2 · First-Time Buyers
C1980,Individual,Barbara,Green,1956-05-09,F,USA,Texas,Investment,4,No,Website,67.6,0,4,1579565.09,394891.2725,1228.8325,0.0,0,1,0,14.272660740704087,12.886368278838155,0,0,C2,First-Time Buyers,C2 · First-Time Buyers
C1981,Individual,Sarah,Flores,1992-12-09,F,Canada,Quebec,Home,5,No,Agency,31.1,1,4,1440160.68,360040.17,1245.935,0.25,0,0,0,14.180265943027283,12.793973665004671,0,0,C2,First-Time Buyers,C2 · First-Time Buyers
C1982,Individual,Jose,Long,1947-09-05,M,USA,California,Home,4,Yes,Website,76.3,0,3,1545398.56,515132.85333333333,1669.3466666666666,0.3333333333333333,0,0,1,14.25079304976565,13.152182055260393,0,1,C2,First-Time Buyers,C2 · First-Time Buyers
C1983,Individual,Ryan,Reed,1961-03-13,M,UK,Northern Ireland,Home,3,No,Website,62.8,1,4,1317304.52,329326.13,1070.475,0.25,0,0,0,14.091098935598572,12.704806851852107,0,0,C2,First-Time Buyers,C2 · First-Time Buyers
C1984,Individual,Jesse,Watson,1956-10-18,M,USA,California,Home,4,No,Website,67.2,0,3,846287.21,282095.73666666663,994.52,0.0,0,0,0,13.648615254331096,12.550005328921287,1,2,C1,Global Investors,C1 · Global Investors
C1985,Individual,Gregory,Bell,1963-05-11,M,UK,Scotland,Home,1,Yes,Agency,60.6,1,4,1149379.8599999999,287344.96499999997,1014.73,0.5,0,0,1,13.954733972750782,12.56844222172837,1,2,C1,Global Investors,C1 · Global Investors
C1986,Individual,Thomas,Griffin,1977-04-23,M,USA,New York,Investment,1,No,Website,46.7,0,4,1442798.93,360699.7325,1153.5575,0.0,0,1,0,14.182096179494748,12.795803897663065,0,0,C2,First-Time Buyers,C2 · First-Time Buyers
C1987,Individual,Douglas,Davis,1986-10-18,M,Belgium,Wallonia,Investment,5,No,Website,37.2,1,4,1316082.96,329020.74,1104.1725,0.25,0,1,0,14.090171188224403,12.703879106591742,0,1,C2,First-Time Buyers,C2 · First-Time Buyers
C1988,Individual,Henry,Thompson,1994-09-19,M,USA,California,Home,5,Yes,Website,29.3,0,4,1301018.95,325254.7375,972.245,0.0,0,0,1,14.078659091735258,12.692367036495874,0,0,C2,First-Time Buyers,C2 · First-Time Buyers
C1989,Individual,William,Montgomery,1959-11-19,M,USA,Texas,Home,3,No,Agency,64.1,0,4,1380788.8599999999,345197.21499999997,1135.325,0.25,0,0,0,14.13816625571539,12.75187406726263,0,2,C2,First-Time Buyers,C2 · First-Time Buyers
C1990,Individual,Scott,Howard,1976-11-28,M,USA,Texas,Investment,5,No,Agency,47.1,0,3,1253745.81,417915.27,1303.4733333333334,0.0,0,1,0,14.041647073888146,12.94303638043718,0,1,C2,First-Time Buyers,C2 · First-Time Buyers
C1991,Individual,Susan,Reed,1950-07-09,F,USA,California,Home,3,No,Website,73.5,0,4,1134341.88,283585.47,900.39,0.25,0,0,0,13.941564080882955,12.555272364462553,1,1,C1,Global Investors,C1 · Global Investors
C1992,Individual,Rachel,Hansen,1943-01-19,F,USA,Texas,Home,3,Yes,Website,81.0,0,3,1266058.76,422019.58666666667,1445.08,0.6666666666666666,0,0,1,14.051420084363663,12.95280937539857,0,1,C2,First-Time Buyers,C2 · First-Time Buyers
C1993,Individual,Douglas,Thompson,1985-06-09,M,USA,New York,Home,2,No,Website,38.6,0,3,1385369.38,461789.7933333333,1454.4099999999999,0.3333333333333333,0,0,0,14.141478084235256,13.042867239223359,0,1,C2,First-Time Buyers,C2 · First-Time Buyers
C1994,Individual,Nicole,Miller,1994-07-21,F,USA,Oregon,Investment,3,Yes,Website,29.4,0,3,1257875.21,419291.73666666663,1454.4099999999999,0.0,0,1,1,14.044935309174951,12.946324610487155,0,1,C2,First-Time Buyers,C2 · First-Time Buyers
C1995,Individual,Michelle,Scott,1993-03-05,F,USA,California,Investment,4,No,Agency,30.8,0,4,1044043.64,261010.91,905.7525,0.25,0,1,0,13.858612805131287,12.472321317447623,1,0,C1,Global Investors,C1 · Global Investors
C1996,Individual,Samantha,Brooks,1992-06-20,F,USA,Nevada,Home,1,Yes,Website,31.5,0,4,1151831.48,287957.87,1027.325,0.0,0,0,1,13.956864692997279,12.570572936419406,1,2,C1,Global Investors,C1 · Global Investors
C1997,Individual,Matthew,Cox,1942-09-27,M,USA,Arizona,Home,4,Yes,Website,81.3,0,4,1101825.4,275456.35,910.42,0.5,0,0,1,13.91247972452513,12.526188086153502,1,1,C1,Global Investors,C1 · Global Investors
C1998,Individual,Mark,Patterson,1963-09-13,M,USA,Virginia,Home,5,Yes,Website,60.3,0,3,1023688.56,341229.52,1140.3999999999999,0.0,0,0,1,13.838923874555576,12.740313539602855,1,2,C1,Global Investors,C1 · Global Investors
C1999,Individual,Lawrence,Montgomery,1944-06-15,M,USA,Ohio,Home,4,Yes,Client,79.5,0,3,838587.38,279529.12666666665,919.0466666666666,0.0,0,0,1,13.63947525719542,12.540865353484772,1,2,C1,Global Investors,C1 · Global Investors
C2000,Individual,Amanda,James,1996-03-24,F,USA,Georgia,Home,1,Yes,Agency,27.8,0,3,913528.5,304509.5,1033.4833333333333,0.0,0,0,1,13.7250709476559,12.626460848296192,1,1,C1,Global Investors,C1 · Global Investors
